scope_record_id,asset_id,official_name,current_asset_type,scope_class,working_count_status,extended_data_bearing_count,lifecycle_status,owner,owner_country_countries,developer_country_countries,geographic_data_coverage,sector_scope,first_release_year,current_version,latest_release_date,metadata_access,data_access,open_data_status,source_code_openness,registration,fee,licence_identifier_terms,redistribution_rights,canonical_access_download_url,schema_data_model,formats,software_compatibility,evidence_urls,evidence_as_of,information_status,scope_evidence_note
DBS-0001,LCA-DB-0001,ecoinvent database,Database / dataset,Current database / dataset record; subtype normalization pending,Core working count,Yes,Active; annual updates stated,ecoinvent Association,Switzerland,Switzerland; international data providers,Global,"Multi-sector; v3.12 public release page lists agriculture, chemicals, fuels, metals, electricity, forestry, textiles, transport, pulp and paper, batteries and electronics.",2003,v3.12,2025-11-05,Public metadata page,Commercial or licence-restricted,Commercial/proprietary,Not applicable to data rights; related software/code must be assessed separately,Not publicly confirmed,Fee or commercial licence applies,ecoinvent licence,Not publicly confirmed,https://ecoinvent.org/database/,ecoSpold2,ecoSpold2 (.spold/XML); Excel summaries (.xlsx),ecoSpold2; software-specific distributions publicly advertised,https://ecoinvent.org/mission-history/ | https://support.ecoinvent.org/releases-overview | https://support.ecoinvent.org/data-formats-overview | https://support.ecoinvent.org/hubfs/Comms/2025%20v3.12%20Release/Introduction%20to%20ecoinvent%20v3.12.pdf,2026-08-22,Q2/Q4 normalized from public official/provider sources; access packages not downloaded when registration was required,"Official history records releases in 2003, 2007 and 2013; the current evidence identifies v3.12 released 2025-11-05."
DBS-0002,LCA-DB-0002,U.S. Life Cycle Inventory Database,Database / dataset,Current database / dataset record; subtype normalization pending,Core working count,Yes,Active quarterly releases,U.S. Department of Energy / National Laboratory of the Rockies,United States,United States,United States,"More than 600 process LCIs across fuels, transport, metals, chemicals, resins, paper, electronics and building materials are publicly described",2003 (project 2001),1.2026-06.0,2026-06-29,Public metadata page,Publicly accessible download,Public/free access; licence or redistribution unclear or mixed,Not applicable to data rights; related software/code must be assessed separately,Not required for stated public access,No fee stated for at least one access route,Repository terms not yet fully reviewed,Not publicly confirmed,https://www.lcacommons.gov/lca-collaboration/National_Renewable_Energy_Laboratory/USLCI_Database_Public/datasets,openLCA schema / JSON-LD for current web distribution,ZOLCA; JSON-LD; earlier release packages also document ecoSpold2 and ILCD,openLCA 2.6.1 for release 1.2026-06.0,https://www.lcacommons.gov/lca-collaboration/National_Renewable_Energy_Laboratory/USLCI_Database_Public/datasets | https://www.lcacommons.gov/releases | https://github.com/FLCAC-admin/uslci-content/blob/dev/docs/release_info/release-downloads.md,2026-08-22,Q2/Q4 normalized from public official/provider sources; access packages not downloaded when registration was required,The Federal LCA Commons exposes version history and current JSON-LD downloads without a new account; the API itself now requires a key and was not used.
DBS-0003,LCA-DB-0003,Agri-footprint,Database / dataset,Current database / dataset record; subtype normalization pending,Core working count,Yes,Active; version 8 announced but not confirmed released on the accessed page,Mérieux NutriSciences | Blonk,Netherlands,Netherlands; international contributors,63+ countries stated for version 7,"Agri-food; 4,800+ datasets stated for version 7",2014,v7.0,2025-05,Public metadata page,Commercial or licence-restricted,Commercial/proprietary,Not applicable to data rights; related software/code must be assessed separately,Not publicly confirmed,Fee or commercial licence applies,"Research, consultancy, commercial, developer and enterprise licence options",Not publicly confirmed,https://blonksustainability.nl/tools-and-databases/agri-footprint,Not publicly confirmed,JSON; Blonk Data Hub; XLS/CSV on request,JSON; SimaPro; openLCA availability described by provider,https://blonksustainability.nl/tools-and-databases/agri-footprint | https://blonksustainability.nl/,2026-08-22,Q2/Q4 normalized from public official/provider sources; access packages not downloaded when registration was required,"Current inclusion is a working lower-bound classification, not evidence of global completeness."
DBS-0004,LCA-DB-0004,AGRIBALYSE,Database / dataset,Current database / dataset record; subtype normalization pending,Core working count,Yes,Active; version 3.3 was described as planned for 2026,ADEME,France,France; international background-data contributors,"France, with imported/background processes","Agriculture and food; public documentation refers to 2,516 finished food products",2009 programme; v1 in 2013,v3.2,2025-09-05,Public metadata page,Free-of-charge data routes; full disaggregated use depends on an ecoinvent licence,"Free access with registration, use restrictions, or third-party dependency",Not applicable to data rights; related software/code must be assessed separately,Not required for stated public access,No fee stated for at least one access route,Etalab Open Licence for public AGRIBALYSE information; ecoinvent rights apply to included background data,Not publicly confirmed,https://doc.agribalyse.fr/documentation-en/agribalyse-data/data-access,Multiple software-specific distributions; no single canonical schema confirmed,SimaPro distribution; Brightway package; openLCA package; simplified CSV and Excel tables,SimaPro; Brightway; openLCA,https://doc.agribalyse.fr/documentation-en/agribalyse-data/data-access | https://doc.agribalyse.fr/documentation-en/data-use/webinars | https://presse.ademe.fr/files/plaquette_presentation_agribalyse.pdf | https://www.ademe.fr/lagence/notre-organisation/,2026-08-22,Q2/Q4 normalized from public official/provider sources; access packages not downloaded when registration was required,"Official documentation explicitly warns that results can differ among SimaPro, Brightway and openLCA implementations."
DBS-0005,LCA-DB-0005,BAFU:2025 life cycle inventory database,Database / dataset,Current database / dataset record; subtype normalization pending,Core working count,Yes,Active annual/versioned programme,Swiss Federal Office for the Environment (FOEN/BAFU),Switzerland,Switzerland; international commissioned contributors,Switzerland with supporting international background processes,"Cross-sector Swiss LCI, including transport, energy, ICT and other commissioned inventory updates",Not publicly confirmed,BAFU:2025,2025-12,Public metadata page,Free or mixed access; registration required,"Free access with registration, use restrictions, or third-party dependency",Not applicable to data rights; related software/code must be assessed separately,Required or account-gated,No fee stated for at least one access route,Public terms of use available,Not publicly confirmed,https://nexus.openlca.org/database/BAFU,Not publicly confirmed,openLCA package via Nexus,Not publicly confirmed,https://www.bafu.admin.ch/en/studies-economy-and-consumption | https://nexus.openlca.org/database/BAFU | https://www.bafu.admin.ch/en/contact-en,2026-08-22,Q2/Q4 normalized from public official/provider sources; access packages not downloaded when registration was required,"Current inclusion is a working lower-bound classification, not evidence of global completeness."
DBS-0006,LCA-DB-0006,cm.chemicals,Database / dataset,Current database / dataset record; subtype normalization pending,Core working count,Yes,Active; annual updates stated,Carbon Minds,Germany,Germany,Global; provider states 200+ regions,"Chemicals and plastics; provider homepage states 1,700+ products",2021,v2.03,2026-06,Public metadata page,Commercial or licence-restricted,Commercial/proprietary,Not applicable to data rights; related software/code must be assessed separately,Not publicly confirmed,Fee or commercial licence applies,Commercial licence,Not publicly confirmed,https://www.carbon-minds.com/products/data/carbon-footprint-and-lca-data/database-and-methodology-versions/,Not publicly confirmed,Not publicly confirmed,Not publicly confirmed,https://www.carbon-minds.com/products/data/carbon-footprint-and-lca-data/database-and-methodology-versions/ | https://www.carbon-minds.com/site-notice/,2026-08-22,Q2/Q4 normalized from public official/provider sources; access packages not downloaded when registration was required,"Current inclusion is a working lower-bound classification, not evidence of global completeness."
DBS-0007,LCA-DB-0007,EXIOBASE 3,Database / dataset,Current database / dataset record; subtype normalization pending,Core working count,Yes,Active release/update record on Zenodo,EXIOBASE consortium,International / European research consortium,Multiple European countries,44 countries and 5 rest-of-world regions for EXIOBASE 3,200 products and 163 industries,2018 documented public v3 line,v3.10.2,2026-05,Public Zenodo distributions; licence differs by release,Public download through Zenodo,Open licence confirmed for at least one official distribution,Not applicable to data rights; related software/code must be assessed separately,Not required for the verified Zenodo release,No fee stated for the verified release,v3.8.2 CC BY-SA; v3.9+ customized CC-BY-SA-NC / commercial licensing,Open redistribution for v3.8.2; v3.9 governed by customized non-commercial/commercial terms,https://zenodo.org/records/5589597 | https://zenodo.org/records/20051562,MR-SUT / MR-IOT matrix model,Download packages on Zenodo; file-level format to be captured per release,Not publicly confirmed,https://zenodo.org/records/5589597 | https://zenodo.org/records/20051562 | https://github.com/EXIOBASE | https://exiobase.eu/terms-of-use/,2026-08-22,Q2/Q4 normalized from public official/provider sources; access packages not downloaded when registration was required,EXIOBASE is a consortium output with no defensible single developer country; owner/developer country must allow multiple countries.
DBS-0008,LCA-DB-0008,AIST-IDEA,Database / dataset,Current database / dataset record; subtype normalization pending,Core working count,Yes,Active; minor adjustments stated in progress in 2026,National Institute of Advanced Industrial Science and Technology (AIST),Japan,Japan,Japan; adapted overseas versions are also described,"Almost all Japanese business activities; 10,000+ processes stated for v4",Not publicly confirmed,v4,Not publicly confirmed,Public metadata page,Commercial or licence-restricted,Commercial/proprietary,Not applicable to data rights; related software/code must be assessed separately,Not publicly confirmed,Fee or commercial licence applies,AIST-IDEA licence terms,Not publicly confirmed,https://idea-lca.com/en/features/,Not publicly confirmed,Excel; SimaPro and openLCA implementations,Not publicly confirmed,https://idea-lca.com/en/features/ | https://www.aist.go.jp/aist_e/about_aist,2026-08-22,Q2/Q4 normalized from public official/provider sources; access packages not downloaded when registration was required,"Current inclusion is a working lower-bound classification, not evidence of global completeness."
DBS-0009,LCA-DB-0010,US Environmentally-Extended Input-Output models,Database / dataset,Current database / dataset record; subtype normalization pending,Core working count,Yes,Active open-source modelling framework,US Environmental Protection Agency,United States,United States,United States with imported-impact extensions in some variants,US economy; official page describes 389 industry sectors,2017,v2.3 model family,Current at 2026-08-22; exact model-release date not captured,Public metadata page,Public model resources and open-source build framework,Public/free access; licence or redistribution unclear or mixed,Not applicable to data rights; related software/code must be assessed separately,Not required for stated public access,No fee stated for at least one access route,useeior software is MIT; model inputs/outputs retain source-specific public-data terms,Software redistribution allowed under MIT; model-data rights remain source-specific,https://github.com/USEPA/USEEIO,USEEIO model matrices and model specifications; JSON-LD export path documented,R model objects/matrices; JSON-LD conversion; API-oriented model output,useeior; openLCA conversion path; USEEIO API,https://github.com/USEPA/USEEIO | https://github.com/USEPA/useeior | https://github.com/USEPA/useeior/releases,2026-08-22,Q2/Q4 normalized from public official/provider sources; access packages not downloaded when registration was required,The model and the useeior software have separate version lines and must not be collapsed into one version field.
DBS-0010,LCA-DB-0011,Sphera Managed LCA Content,Database / dataset,Current database / dataset record; subtype normalization pending,Core working count,Yes,Active; regular updates stated,Sphera,United States,United States; Germany (GaBi/thinkstep lineage),Global and regional content,"20,000 datasets and 60+ industries stated; 13 standard and 8 premium bundles",Not publicly confirmed,2026 release/catalogue,Not publicly confirmed,Public metadata page,Commercial or licence-restricted,Commercial/proprietary,Not applicable to data rights; related software/code must be assessed separately,Not publicly confirmed,Fee or commercial licence applies,Commercial licence,Not publicly confirmed,https://sphera.com/solutions/product-stewardship/life-cycle-assessment-software-and-data/managed-lca-content/,Not publicly confirmed,Not publicly confirmed,Not publicly confirmed,https://sphera.com/solutions/product-stewardship/life-cycle-assessment-software-and-data/managed-lca-content/ | https://lcadatabase.sphera.com/ | https://sphera.com/our-locations/,2026-08-22,Q2/Q4 normalized from public official/provider sources; access packages not downloaded when registration was required,"Current inclusion is a working lower-bound classification, not evidence of global completeness."
DBS-0011,LCA-DB-0012,TianGong LCA Database,Database / dataset,Current database / dataset record; subtype normalization pending,Core working count,Yes,Active platform; historical GitHub snapshot ceased maintenance in 2026,TianGong community,China,China; international contributors,China-focused with international contributions,"Provider live stats state 10,000+ unit processes/inventories, 70+ sectors and 2,000+ products",Not publicly confirmed,Continuously updated platform dataset,Not publicly confirmed,Public metadata page,Public web records; dataset-level free-use terms visible on sampled official records,Public/free access; licence or redistribution unclear or mixed,Not applicable to data rights; related software/code must be assessed separately,Not required to browse sampled public records,No fee for sampled public records,Sampled official dataset record states free of charge for all users and uses; collection-wide standard licence not identified,Collection-wide redistribution terms not publicly confirmed,https://www.tiangong.earth/data,TIDAS and eILCD-compatible publication,TIDAS JSON/JSON Schema and ILCD/eILCD-compatible exports,Not publicly confirmed,https://www.tiangong.earth/data | https://lcdn.tiangong.earth/index.xhtml | https://www.tiangong.earth/,2026-08-22,Q2/Q4 normalized from public official/provider sources; access packages not downloaded when registration was required,"Current inclusion is a working lower-bound classification, not evidence of global completeness."
DBS-0012,LCA-DB-0013,Base Empreinte®,Database / dataset,Current database / dataset record; subtype normalization pending,Core working count,Yes,Active,ADEME,France,France; dataset-specific contributors,France with international background data,"Organizations, consumer products, services and projects",Not publicly confirmed,Base Empreinte v1.1; Base Carbone v23.11 shown in 2026 news,2026-06-18 latest public news item accessed,Public metadata page,Free or mixed access; registration required,"Free access with registration, use restrictions, or third-party dependency",Not applicable to data rights; related software/code must be assessed separately,Required or account-gated,No fee stated for at least one access route,Dataset-specific terms; ecoinvent-derived content has additional restrictions,Not publicly confirmed,https://base-empreinte.ademe.fr/,Not publicly confirmed,Not publicly confirmed,Not publicly confirmed,https://base-empreinte.ademe.fr/ | https://base-empreinte.ademe.fr/aide/faq | https://www.ademe.fr/lagence/notre-organisation/,2026-08-22,Q2/Q4 normalized from public official/provider sources; access packages not downloaded when registration was required,"Current inclusion is a working lower-bound classification, not evidence of global completeness."
DBS-0013,LCA-DB-0014,Australian Life Cycle Inventory Database,Database / dataset,Current database / dataset record; subtype normalization pending,Core working count,Yes,Public programme/site active; release recency requires record-level review,Australian Life Cycle Assessment Society (ALCAS),Australia,Australia,Australia,Australian products and services across participating sectors,Not publicly confirmed,Not publicly confirmed,Not publicly confirmed,Public metadata page,Publicly accessible or free-of-charge,Public/free access; licence or redistribution unclear or mixed,Not applicable to data rights; related software/code must be assessed separately,Not publicly confirmed,No fee stated for at least one access route,Public licence details require dataset-level confirmation,Not publicly confirmed,https://www.auslci.com.au/,Not publicly confirmed,Not publicly confirmed,Not publicly confirmed,https://www.auslci.com.au/,2026-08-22,Q2/Q4 normalized from public official/provider sources; access packages not downloaded when registration was required,"Current inclusion is a working lower-bound classification, not evidence of global completeness."
DBS-0014,LCA-DB-0015,ÖKOBAUDAT,Database / dataset,Current database / dataset record; subtype normalization pending,Core working count,Yes,Active; acceptance principles updated 2026-07-23,"German Federal Ministry for Housing, Urban Development and Building (BMWSB) / Federal Institute for Research on Building, Urban Affairs and Spatial Development (BBSR)",Germany,Germany; dataset owners may be international,Germany with European/international EPD content,"Construction products, materials and building-related processes",2009,2024-II,2026-07-22 publication,Public metadata page,Public free-of-charge ZIP and CSV downloads,Public/free access; licence or redistribution unclear or mixed,Not applicable to data rights; related software/code must be assessed separately,Not required for public downloads,No fee for public downloads,Platform terms plus dataset-owner rights; no single collection-wide open licence confirmed,Dataset-owner rights apply; free access does not establish blanket redistribution permission,https://www.oekobaudat.de/,Not publicly confirmed,ILCD+EPD v1.2; ZIP/XML and CSV exports,Not publicly confirmed,https://www.oekobaudat.de/service/downloads | https://www.oekobaudat.de/info/impressum.html,2026-08-22,Q2/Q4 normalized from public official/provider sources; access packages not downloaded when registration was required,"Current inclusion is a working lower-bound classification, not evidence of global completeness."
DBS-0015,LCA-DB-0016,European Reference Life Cycle Database,Database / dataset,Current database / dataset record; subtype normalization pending,Core working count,Yes,Process database discontinued in 2018; non-process reference items retained,European Commission Joint Research Centre,European Union (European Commission),Italy (JRC Ispra); European data providers,European reference scope,"Key materials, energy, transport and waste-management processes",Not publicly confirmed,ELCD III package (historical),Not publicly confirmed,Public metadata page,Publicly accessible or free-of-charge,Public/free access; licence or redistribution unclear or mixed,Not applicable to data rights; related software/code must be assessed separately,Not publicly confirmed,No fee stated for at least one access route,EU public resource terms,Not publicly confirmed,https://eplca.jrc.ec.europa.eu/LCDN/developerILCD.html,Not publicly confirmed,ILCD XML package,Not publicly confirmed,https://eplca.jrc.ec.europa.eu/LCDN/developerILCD.html,2026-08-22,Q2/Q4 normalized from public official/provider sources; access packages not downloaded when registration was required,"Current inclusion is a working lower-bound classification, not evidence of global completeness."
DBS-0016,LCA-DB-0017,GFLI Database,Database / dataset,Current database / dataset record; subtype normalization pending,Core working count,Yes,Active,Global Feed LCA Institute,United States (legal entity); Netherlands (head office),International consortium; Netherlands,Global and regional feed-production systems,Animal-feed ingredients and supply chains,2018 public line; launch 2020,v3.0,2026-01-20,Public metadata page,Commercial or licence-restricted,Commercial/proprietary,Not applicable to data rights; related software/code must be assessed separately,Required or account-gated,Fee or commercial licence applies,"Commercial, developer and academic/research licence categories",Not publicly confirmed,https://globalfeedlca.org/gfli-database/,Not publicly confirmed,Not publicly confirmed,Not publicly confirmed,https://globalfeedlca.org/the-gfli-database-update-version-3-0-is-here/ | https://globalfeedlca.org/gfli-database/accessing-the-database/ | https://globalfeedlca.org/contact/,2026-08-22,Q2/Q4 normalized from public official/provider sources; access packages not downloaded when registration was required,"Current inclusion is a working lower-bound classification, not evidence of global completeness."
DBS-0017,LCA-DB-0018,World Food LCA Database,Database / dataset,Current database / dataset record; subtype normalization pending,Core working count,Yes,Active,Quantis,Switzerland,Switzerland; international consortium,150+ countries stated by provider,"Agri-food; 3,800+ datasets and 12,000 sub-datasets stated",Not publicly confirmed,Current provider-hosted release; numbered release not stated on public page,Not publicly confirmed,Public metadata page,Commercial or licence-restricted,Commercial/proprietary,Not applicable to data rights; related software/code must be assessed separately,Not publicly confirmed,Fee or commercial licence applies,Commercial terms,Not publicly confirmed,https://quantis.com/services-solutions/consortium-building-and-management/wfldb/,Not publicly confirmed,Not publicly confirmed,Not publicly confirmed,https://quantis.com/services-solutions/consortium-building-and-management/wfldb/ | https://quantis.com/about/locations/,2026-08-22,Q2/Q4 normalized from public official/provider sources; access packages not downloaded when registration was required,"Current inclusion is a working lower-bound classification, not evidence of global completeness."
DBS-0018,LCA-DB-0019,RIVM Database on the environmental impact of food products,Database / dataset,Current database / dataset record; subtype normalization pending,Core working count,Yes,Active,National Institute for Public Health and the Environment (RIVM),Netherlands,Netherlands,Netherlands market and consumption context,Approximately 400 generic food products,Not publicly confirmed,2024 database version; published 2026-03-30,2026-03-30,Public metadata page,Publicly accessible or free-of-charge,Open licence confirmed for at least one official distribution,Not applicable to data rights; related software/code must be assessed separately,Not required for public download,No fee,CC BY 4.0,Permitted under CC BY 4.0 with attribution,https://www.rivm.nl/en/food-and-nutrition/sustainable-food/environmental-impact-of-food-products,Not publicly confirmed,XLSX,Not publicly confirmed,https://www.rivm.nl/en/food-and-nutrition/sustainable-food/environmental-impact-of-food-products | https://www.rivm.nl/en/contact,2026-08-22,Q2/Q4 normalized from public official/provider sources; access packages not downloaded when registration was required,"Current inclusion is a working lower-bound classification, not evidence of global completeness."
DBS-0019,LCA-DB-0020,ProBas 2,Database / dataset,Current database / dataset record; subtype normalization pending,Core working count,Yes,Active successor interface,"German Environment Agency (Umweltbundesamt, UBA)",Germany,Germany; dataset-source-specific contributors,Germany with international source datasets,"Cross-sector; predecessor page states more than 20,000 datasets",Not publicly confirmed,ProBas2 soda4LCA 7.28.0 observed,Not publicly confirmed,Public metadata page,Public web access; some functions may require an account,"Free access with registration, use restrictions, or third-party dependency",Not applicable to data rights; related software/code must be assessed separately,Required or account-gated,No fee stated for at least one access route,General UBA data reuse permission applies unless otherwise noted; source-specific terms remain possible,Permitted under general UBA reuse terms unless the source record states otherwise,https://data.probas.umweltbundesamt.de/,Not publicly confirmed,soda4LCA/ILCD-style standard exports,Not publicly confirmed,https://data.probas.umweltbundesamt.de/ | https://www.probas.umweltbundesamt.de/ | https://www.umweltbundesamt.de/en/the-uba/uba-offices,2026-08-22,Q2/Q4 normalized from public official/provider sources; access packages not downloaded when registration was required,"Current inclusion is a working lower-bound classification, not evidence of global completeness."
DBS-0020,LCA-DB-0021,INIES Database,Database / dataset,Current database / dataset record; subtype normalization pending,Core working count,Yes,Active,INIES governance partners under French public convention,France,France; declaration owners,France,"Construction products, building equipment and related LCI",Public database predates 2013; exact first year not confirmed,Continuously updated online database,Current at 2026-08-22,Public metadata page,Publicly accessible or free-of-charge,Public/free access; licence or redistribution unclear or mixed,Not applicable to data rights; related software/code must be assessed separately,Not publicly confirmed,No fee stated for at least one access route,Database terms and declaration-programme rules,Not publicly confirmed,https://www.inies.fr/en/accueil/,Not publicly confirmed,Not publicly confirmed,Not publicly confirmed,https://www.inies.fr/en/accueil/ | https://www.inies.fr/en/ressources-documentaires/how-to-consult-the-inies-database/ | https://www.inies.fr/politique-de-confidentialite-2/,2026-08-22,Q2/Q4 normalized from public official/provider sources; access packages not downloaded when registration was required,"Current inclusion is a working lower-bound classification, not evidence of global completeness."
DBS-0021,LCA-DB-0022,PlasticsEurope Eco-profiles,Database / dataset,Current database / dataset record; subtype normalization pending,Core working count,Yes,Active with mixed current and withdrawn packages,Plastics Europe,Belgium,Belgium; European member companies,"Primarily European production, with product-specific scopes","Plastics, polymers, feedstocks and conversion processes",1993,Methodology v3.1; package-specific versions,Selected packages updated 2026-03,Public metadata page,Public package download for current eco-profiles; obsolete datasets supplied on request,Public/free access; licence or redistribution unclear or mixed,Not applicable to data rights; related software/code must be assessed separately,Not required for current public packages,No fee stated for current public packages,Package-specific terms not fully confirmed,Not publicly confirmed at collection level,https://plasticseurope.org/sustainability/circularity/life-cycle-thinking/eco-profiles-set/,Not publicly confirmed,Several downloadable formats; aggregated versions in commercial databases,Not publicly confirmed,https://plasticseurope.org/sustainability/circularity/life-cycle-thinking/eco-profiles-set/,2026-08-22,Q2/Q4 normalized from public official/provider sources; access packages not downloaded when registration was required,"Current inclusion is a working lower-bound classification, not evidence of global completeness."
DBS-0022,LCA-DB-0023,worldsteel Life Cycle Inventory Database,Database / dataset,Current database / dataset record; subtype normalization pending,Core working count,Yes,Active periodic study series,World Steel Association,Belgium,Belgium; international member companies,Global and regional,16 steel products in the current 2024 LCI dataset,1996 study,2024 LCI dataset,Released 2026-05,Public metadata page,Public eco-profile PDFs; full LCI datasets require a request form and use agreement,Request/membership-mediated,Not applicable to data rights; related software/code must be assessed separately,Request form required for full LCI datasets,No fee stated; use agreement applies,worldsteel LCI data usage agreement,Full inventories may not be posted publicly or communicated externally without worldsteel agreement,https://worldsteel.org/wider-sustainability/life-cycle-thinking/life-cycle-inventory-data-and-eco-profiles/,Not publicly confirmed,Not publicly confirmed,Not publicly confirmed,https://worldsteel.org/wider-sustainability/life-cycle-thinking/life-cycle-inventory-data-and-eco-profiles/,2026-08-22,Q2/Q4 normalized from public official/provider sources; access packages not downloaded when registration was required,"Current inclusion is a working lower-bound classification, not evidence of global completeness."
DBS-0023,LCA-DB-0024,openIO-Canada,Database / dataset,Current database / dataset record; subtype normalization pending,Core working count,Yes,Active,CIRAIG / project contributors,Canada,Canada,Canada,Canadian economy by input-output commodity classifications,Exact first public year not confirmed,v2.11.1,Current at 2026-08-22,Public metadata page,Public GitHub/Zenodo access,Open licence confirmed for at least one official distribution,Not applicable to data rights; related software/code must be assessed separately,Not required,No fee,CC BY-SA 4.0,Permitted under CC BY-SA 4.0,https://ciraig.org/index.php/project/open-io-canada/,Not publicly confirmed,Python/tabular outputs,Not publicly confirmed,https://ciraig.org/index.php/project/open-io-canada/ | https://github.com/CIRAIG/OpenIO-Canada,2026-08-22,Q2/Q4 normalized from public official/provider sources; access packages not downloaded when registration was required,"Current inclusion is a working lower-bound classification, not evidence of global completeness."
DBS-0024,LCA-DB-0025,Product Social Impact Life Cycle Assessment Database,Database / dataset,Current database / dataset record; subtype normalization pending,Core working count,Yes,Active with regular updates stated,GreenDelta,Germany,Germany,189 countries,"14,838 sectors and commodities; 106 indicators stated for v4",v3 documented 2020,v4.0,2025-08,Public metadata page,Commercial or licence-restricted,Commercial/proprietary,Not applicable to data rights; related software/code must be assessed separately,Not publicly confirmed,Fee or commercial licence applies,Commercial licence,Not publicly confirmed,https://psilca.net/,Not publicly confirmed,Not publicly confirmed,Not publicly confirmed,https://psilca.net/ | https://www.greendelta.com/about-us/contact-us/,2026-08-22,Q2/Q4 normalized from public official/provider sources; access packages not downloaded when registration was required,"Current inclusion is a working lower-bound classification, not evidence of global completeness."
DBS-0025,LCA-DB-0026,Social Hotspots Database,Database / dataset,Current database / dataset record; subtype normalization pending,Core working count,Yes,Active commercial offering,New Earth / Social Hotspots Database provider,United States,United States,Global supply chains,Economy-wide country-sector social risks,Not publicly confirmed,Not publicly confirmed,Not publicly confirmed,Public metadata page,Commercial or licence-restricted,Commercial/proprietary,Not applicable to data rights; related software/code must be assessed separately,Not publicly confirmed,Fee or commercial licence applies,Commercial licence,Not publicly confirmed,https://www.socialhotspot.org/,Not publicly confirmed,Not publicly confirmed,Not publicly confirmed,https://www.socialhotspot.org/ | https://www.socialhotspot.org/contact.html,2026-08-22,Q2/Q4 normalized from public official/provider sources; access packages not downloaded when registration was required,"Current inclusion is a working lower-bound classification, not evidence of global completeness."
DBS-0026,LCA-DB-0027,BONSAI Database,Database / dataset,Current database / dataset record; subtype normalization pending,Core working count,Yes,Active,BONSAI not-for-profit association,International not-for-profit association; legal country not publicly confirmed,Denmark-led; Netherlands; Norway; international contributors,Global economy/product scope under expansion,"Monetary supply-use accounts, production functions, waste modelling and product-footprint recipes",2023,v2.1.5,2026-03-28,Public metadata page,Public release metadata; registration/login required for large data-file downloads,Open licence confirmed for at least one official distribution,Not applicable to data rights; related software/code must be assessed separately,Required for large data-file downloads,No fee stated,CC BY 4.0 stated for footprint data; other distributions require file-level confirmation,Permitted for the CC BY 4.0 footprint distribution; other package rights require confirmation,https://www.bonsai.uno/download,BONSAI internal MR-HSUT data model; public download page currently exposes tabular outputs,CSV footprint data; CSV recipe data; SimaPro exporter documented in v2.1.1,Not publicly confirmed,https://www.bonsai.uno/download | https://bonsai.uno/About,2026-08-22,Q2/Q4 normalized from public official/provider sources; access packages not downloaded when registration was required,"The public page provides a detailed release history, but the large files are account-gated and were not downloaded."
DBS-0027,LCA-DB-0028,European Commission Environmental Footprint Data Node,Database / dataset,Current database / dataset record; subtype normalization pending,Core working count,Yes,Active public node,European Commission,European Union (European Commission),Italy (JRC); European pilot/data owners,European Union with global/background datasets,"PEF/OEF representative products, background processes and data supplied under Environmental Footprint programmes",Not publicly confirmed,EF 3.1 and retained EF 2.0 data stocks,Not publicly confirmed,Public metadata page,Publicly accessible or free-of-charge,Public/free access; licence or redistribution unclear or mixed,Not applicable to data rights; related software/code must be assessed separately,Not required for stated public access,No fee stated for at least one access route,Dataset-level ownership and use restrictions recorded in ILCD metadata,Not publicly confirmed,https://eplca.jrc.ec.europa.eu/EF-node/index.xhtml,Not publicly confirmed,ILCD XML and ZIP packages,ILCD/EF profiles; ZIP/XML downloads,https://eplca.jrc.ec.europa.eu/EF-node/index.xhtml | https://eplca.jrc.ec.europa.eu/EnvironmentalFootprint.html,2026-08-22,Q2/Q4 normalized from public official/provider sources; access packages not downloaded when registration was required,"Current inclusion is a working lower-bound classification, not evidence of global completeness."
DBS-0028,LCA-DB-0029,ICE Database Educational,Database / dataset,Current database / dataset record; subtype normalization pending,Core working count,Yes,Active as educational-only series; commercial use transitioning to IC+,Circular Ecology,United Kingdom,United Kingdom,International literature-based factors,More than 200 building materials across more than 30 material categories,2005,v5.0 Educational,2026-06,Public metadata page,Free educational download via form; non-educational use prohibited after 2026-09-30,"Free access with registration, use restrictions, or third-party dependency",Not applicable to data rights; related software/code must be assessed separately,Form/email confirmation required,No fee for educational download,"ICE Database Educational v5.0 terms; educational-only, no commercial/professional use",External redistribution prohibited; users must link to the official download page,https://circularecology.com/embodied-carbon-footprint-database.html,Not publicly confirmed,Spreadsheet resource; machine-readable tab removed from v5.0,Spreadsheet-based; no public machine-readable interface confirmed for v5.0,https://circularecology.com/embodied-carbon-footprint-database.html,2026-08-22,Q2/Q4 normalized from public official/provider sources; access packages not downloaded when registration was required,"Current inclusion is a working lower-bound classification, not evidence of global completeness."
DBS-0029,LCA-DB-0030,ESU World Food LCA Database,Database / dataset,Current database / dataset record; subtype normalization pending,Core working count,Yes,Active; developed since 1996,ESU-services Ltd.,Switzerland,Switzerland,Worldwide with detailed Swiss-market coverage,"More than 2,600 LCIs for agriculture, processing, retail/household consumption, packaging, transport and food waste",Not publicly confirmed,Continuously maintained database using BAFU:2025+ESU background at access date,Not publicly confirmed,Public metadata page,Commercial or licence-restricted,Commercial/proprietary,Not applicable to data rights; related software/code must be assessed separately,Not publicly confirmed,Fee or commercial licence applies,Commercial ESU licence,Not publicly confirmed,https://esu-services.ch/data/fooddata/,Not publicly confirmed,EcoSpold v1; SimaPro library; other formats on request,EcoSpold v1 and SimaPro,https://esu-services.ch/data/fooddata/ | https://esu-services.ch/fileadmin/download/tender/ESU-partner-profile.pdf,2026-08-22,Q2/Q4 normalized from public official/provider sources; access packages not downloaded when registration was required,"Current inclusion is a working lower-bound classification, not evidence of global completeness."
DBS-0030,LCA-DB-0031,Carbonfact Open Source LCA Database for Footwear & Apparel,Database / dataset,Current database / dataset record; subtype normalization pending,Core working count,Yes,Active with irregular data-driven updates,"Kanso, Inc. / Carbonfact",United States (legal entity); France (headquarters/development),France; United States,Global energy mix in first release; regional assembly data planned,"More than 300 LCIs across spinning, dyeing, weaving, finishing, printing, knitting, textile/shoe assembly, use phase and selected materials",2026,First public release,2026-07-01,Public metadata page,Public free CSV download from the official database page and Zenodo/GitHub release,Open licence confirmed for at least one official distribution,Not applicable to data rights; related software/code must be assessed separately,Not required,No fee,CC BY-SA 4.0,Permitted under CC BY-SA 4.0 with attribution/share-alike,https://www.carbonfact.com/database,Not publicly confirmed,CSV,CSV; future EcoSpold/openLCA/SimaPro/Brightway support stated as exploratory,https://www.carbonfact.com/database | https://www.carbonfact.com/legal-notice,2026-08-22,Q2/Q4 normalized from public official/provider sources; access packages not downloaded when registration was required,"Current inclusion is a working lower-bound classification, not evidence of global completeness."
DBS-0031,LCA-DB-0032,CEPE Life Cycle Inventory Database,Database / dataset,Current database / dataset record; subtype normalization pending,Core working count,Yes,Active/regularly updated according to CEPE,"European Council of the Paint, Printing Ink and Artists' Colours Industry (CEPE)",Belgium,Belgium; European member companies,European averages,"Paints, printing inks, artists' colours and coatings; second version states 323 raw materials",2011 project,Second version,Exact public release date not confirmed,Public metadata page,Request- or membership-mediated,Request/membership-mediated,Not applicable to data rights; related software/code must be assessed separately,Not publicly confirmed,Not publicly confirmed,"Membership, valid ecoinvent licence and NDA conditions",Not publicly confirmed,https://cepe.org/sustainability/lci-project/,Not publicly confirmed,"GaBi, SimaPro and Excel","GaBi/Sphera, SimaPro and Excel",https://cepe.org/sustainability/lci-project/ | https://cepe.org/sustainability/how-to-access-the-database/ | https://cepe.org/sustainability/,2026-08-22,Q2/Q4 normalized from public official/provider sources; access packages not downloaded when registration was required,"Current inclusion is a working lower-bound classification, not evidence of global completeness."
DBS-0032,LCA-DB-0033,Open CEDA,Database / dataset,Current database / dataset record; subtype normalization pending,Core working count,Yes,Active; annual updates stated,Watershed Technology,United States,United States,148 countries representing 95% of global GDP as stated,400 economic sectors and global supply-chain greenhouse-gas intensities,2025,CEDA 2025,2025,Public metadata page,Open CEDA offered free by Watershed; access route may collect account/contact details,Open licence confirmed for at least one official distribution,Not applicable to data rights; related software/code must be assessed separately,Required or account-gated,No fee stated for at least one access route,CC BY-SA,Permitted under CC BY-SA with attribution/share-alike,https://openceda.org/,Not publicly confirmed,XLSX,XLSX and standard tabular analysis tools,https://registry.opendata.aws/open-ceda/ | https://openceda.org/ | https://watershed.com/solutions/ceda,2026-08-22,Q2/Q4 normalized from public official/provider sources; access packages not downloaded when registration was required,"Current inclusion is a working lower-bound classification, not evidence of global completeness."
DBS-0033,LCA-DB-0034,NEEDS Life Cycle Inventory Database,Database / dataset,Current database / dataset record; subtype normalization pending,Core working count,Yes,Legacy / no current project maintenance confirmed,European Commission-funded NEEDS project consortium,European Union-funded consortium,Multiple European countries,International/European technology scenarios,"Electricity supply technologies, future material supply and transport services",NEEDS project 2004–2008,openLCA conversion v2,2017-01-17,Public metadata page,Free or mixed access; registration required,"Free access with registration, use restrictions, or third-party dependency",Not applicable to data rights; related software/code must be assessed separately,Required or account-gated,No fee stated for at least one access route,Not publicly confirmed on the accessible documentation,Not publicly confirmed,https://nexus.openlca.org/database/NEEDS,Not publicly confirmed,Original EcoSpold 1; openLCA zolca/JSON-LD workflow,zolca and JSON-LD in openLCA; original EcoSpold 1,https://nexus.openlca.org/ws/files/9971 | https://nexus.openlca.org/database/NEEDS | https://cordis.europa.eu/project/id/502687,2026-08-22,Q2/Q4 normalized from public official/provider sources; access packages not downloaded when registration was required,"Current inclusion is a working lower-bound classification, not evidence of global completeness."
DBS-0034,LCA-DB-0035,BATTERS Battery Recycling Inventory Database,Database / dataset,Current database / dataset record; subtype normalization pending,Core working count,Yes,Active,BATTERS,France,France,Configurable electricity/geography; European regulatory context,Lithium-ion battery recycling and recovered metals,2026,January 2026 release,2026-01,Public metadata page,Commercial or licence-restricted,Commercial/proprietary,Not applicable to data rights; related software/code must be assessed separately,Not publicly confirmed,Fee or commercial licence applies,Commercial purchase/licence,Not publicly confirmed,https://www.batters.fr/en/battery-recycling-inventory/,Not publicly confirmed,"Packages compatible with LCA for Experts, SimaPro and openLCA","LCA for Experts, SimaPro and openLCA",https://www.batters.fr/en/battery-recycling-inventory/ | https://www.weloop.org/contact/,2026-08-22,Q2/Q4 normalized from public official/provider sources; access packages not downloaded when registration was required,"Current inclusion is a working lower-bound classification, not evidence of global completeness."
DBS-0035,LCA-DB-0036,BioEnergieDat,Database / dataset,Current database / dataset record; subtype normalization pending,Core working count,Yes,Legacy; public portal remains partly accessible,BioEnergieDat project consortium,Germany,Germany,Germany,"Biomass supply, biofuels, biogas and bioenergy conversion",Project completed 2013,Legacy ILCD dataset family,2013 project completion,Public metadata page,Publicly accessible or free-of-charge,Public/free access; licence or redistribution unclear or mixed,Not applicable to data rights; related software/code must be assessed separately,Not required for stated public access,No fee stated for at least one access route,Dataset pages state copyright/owner fields; collection-level licence incomplete,Not publicly confirmed,https://www.bioenergiedat.de/software.html,Not publicly confirmed,ILCD ZIP and ILCD network services,ILCD import to openLCA,https://www.bioenergiedat.de/software.html | https://bioenergiedat.de/documents/10156/24192/anleitung-openLCA.pdf,2026-08-22,Q2/Q4 normalized from public official/provider sources; access packages not downloaded when registration was required,"Current inclusion is a working lower-bound classification, not evidence of global completeness."
DBS-0036,LCA-DB-0037,CPM LCA Database,Database / dataset,Current database / dataset record; subtype normalization pending,Core working count,Yes,Legacy/project-dependent; no stable funding since 2006,Swedish Life Cycle Center,Sweden,Sweden,Sweden with dataset-specific industrial scope,"Industrial processes, products, materials and supply chains",1996,Legacy live database,Current at 2026-08-22,Public metadata page,Publicly accessible or free-of-charge,"Free access with registration, use restrictions, or third-party dependency",Not applicable to data rights; related software/code must be assessed separately,Not required for stated public access,No fee stated for at least one access route,Open/free under CPM licence agreement,Not publicly confirmed,https://cpmdatabase.cpm.chalmers.se/AboutDatabase.htm,Not publicly confirmed,"SPINE, ISO/TS 14048-compatible view, ILCD and IA98",SPINE and ILCD views; IA98,https://cpmdatabase.cpm.chalmers.se/AboutDatabase.htm | https://www.lifecyclecenter.se/about-us/,2026-08-22,Q2/Q4 normalized from public official/provider sources; access packages not downloaded when registration was required,"Current inclusion is a working lower-bound classification, not evidence of global completeness."
DBS-0037,LCA-DB-0038,ERASM Surfactant Life Cycle and Ecofootprinting Inventory,Database / dataset,Current database / dataset record; subtype normalization pending,Core working count,Yes,Legacy/static public collection,ERASM,Belgium,Belgium; European industry contributors,European market averages,15 surfactants and 17 precursors for detergents and personal care,2017,SLE 2017,2017,Public metadata page,Publicly accessible or free-of-charge,Public/free access; licence or redistribution unclear or mixed,Not applicable to data rights; related software/code must be assessed separately,Not required for stated public access,No fee stated for at least one access route,Open publications; dataset-level use terms require confirmation,Not publicly confirmed,https://www.erasm.org/erasm-research/manufacturing/rawmaterial-sourcing/life-cycle-ecofootprinting-sle/,Not publicly confirmed,ILCD-style node/distribution documented,Former thinkstep LCDN node and public fact sheets,https://www.erasm.org/wp-content/uploads/2017/08/170727-SLE-Summary-Paper-IJLCA-1.pdf | https://specialty-chemicals.eu/erasm/,2026-08-22,Q2/Q4 normalized from public official/provider sources; access packages not downloaded when registration was required,"Current inclusion is a working lower-bound classification, not evidence of global completeness."
DBS-0038,LCA-DB-0039,CODDE Database,Database / dataset,Current database / dataset record; subtype normalization pending,Core working count,Yes,Active; annual updates,LCIE Bureau Veritas,France,France,International with French/EU sector focus,"Generic, electromechanical, infrastructure, textile, microelectronics and digital data",1996,2026-04,2026-04-15,Public metadata page,Commercial or licence-restricted,Commercial/proprietary,Not applicable to data rights; related software/code must be assessed separately,Not publicly confirmed,Fee or commercial licence applies,Commercial EIME licence,Not publicly confirmed,https://codde.fr/evenement/eime-nouvelle-base-codde-2026-04,Not publicly confirmed,Integrated EIME database,EIME v6/current product family,https://codde.fr/evenement/eime-nouvelle-base-codde-2026-04 | https://codde.fr/en/contact-us/contact,2026-08-22,Q2/Q4 normalized from public official/provider sources; access packages not downloaded when registration was required,"Current inclusion is a working lower-bound classification, not evidence of global completeness."
DBS-0039,LCA-DB-0040,IDEMAT Database,Database / dataset,Current database / dataset record; subtype normalization pending,Core working count,Yes,Active periodic releases,Sustainable Impact Metrics Foundation / Delft University of Technology lineage,Netherlands,Netherlands,Mainly European/international engineering materials,"Materials, manufacturing, transport, energy and building applications",Not publicly confirmed,Idemat 2026RevB1,2026,Public metadata page,Public academic/non-commercial downloads; other packages and dependencies have separate terms,"Free access with registration, use restrictions, or third-party dependency",Not applicable to data rights; related software/code must be assessed separately,Not publicly confirmed,No fee for identified academic download; commercial use restricted,CC BY-NC stated for the Excel database; software/package-specific and ecoinvent terms may apply,Non-commercial licence restrictions apply,https://www.ecocostsvalue.com/data-tools-books/,Not publicly confirmed,"XLSX, SimaPro import and openLCA packages","Excel, SimaPro and openLCA",https://www.ecocostsvalue.com/data-tools-books/ | https://www.ecocostsvalue.com/,2026-08-22,Q2/Q4 normalized from public official/provider sources; access packages not downloaded when registration was required,"Current inclusion is a working lower-bound classification, not evidence of global completeness."
DBS-0040,LCA-DB-0041,POLARIIS+,Database / dataset,Current database / dataset record; subtype normalization pending,Core working count,Yes,Active development,CIRAIG Sustainable Consumption Chair,Canada,Canada,Canada and provinces,"All major consumption and production sectors; initial food, housing and hygiene datasets",Not publicly confirmed,2026 infrastructure release,2026,Public metadata page,Publicly accessible or free-of-charge,Public/free access; licence or redistribution unclear or mixed,Not applicable to data rights; related software/code must be assessed separately,Not publicly confirmed,No fee stated for at least one access route,Dataset-level Zenodo licences; infrastructure terms not fully stated,Not publicly confirmed,https://ciraig.org/index.php/project/polariis-en/,Not publicly confirmed,Zenodo dataset packages; infrastructure schema not confirmed,Not publicly confirmed,https://ciraig.org/index.php/project/polariis-en/,2026-08-22,Q2/Q4 normalized from public official/provider sources; access packages not downloaded when registration was required,"Current inclusion is a working lower-bound classification, not evidence of global completeness."
DBS-0041,LCA-DB-0042,Evah Pigments and Dyes LCI Databases,Database / dataset,Current database / dataset record; subtype normalization pending,Core working count,Yes,Active provider; versioned package metadata incomplete,The Evah Institute / Ecquate Pty Ltd,Australia,Australia,Multiple global production regions,"Pigments, dyes, coatings and related chemicals",Not publicly confirmed,Current database family; historical Pigments release plus continuing 2026 programme,Not publicly confirmed,Public metadata page,Commercial or licence-restricted,Commercial/proprietary,Not applicable to data rights; related software/code must be assessed separately,Not publicly confirmed,Fee or commercial licence applies,Package-specific free/commercial licence,Not publicly confirmed,https://evah.institute/services,Not publicly confirmed,"openLCA, SimaPro and LCADesign plug-ins; Nexus packages","openLCA, SimaPro and LCADesign",https://evah.institute/services | https://evah.institute/,2026-08-22,Q2/Q4 normalized from public official/provider sources; access packages not downloaded when registration was required,"Current inclusion is a working lower-bound classification, not evidence of global completeness."
DBS-0042,LCA-DB-0043,EuGeos 15804-IA Database,Database / dataset,Current database / dataset record; subtype normalization pending,Core working count,Yes,Legacy/superseded,EuGeos / Chris Foster,United Kingdom,United Kingdom,European construction/EPD context,Construction products and services,Not publicly confirmed,3.1 documented; later superseded in practice by openLCA EN15804 add-on,2016–2020 legacy versions,Public metadata page,Commercial or licence-restricted,Commercial/proprietary,Not applicable to data rights; related software/code must be assessed separately,Not publicly confirmed,Fee or commercial licence applies,Commercial/ecoinvent-dependent licence,Not publicly confirmed,https://nexus.openlca.org/database/EuGeos'%2015804-IA,Not publicly confirmed,openLCA database based on ecoinvent,Older openLCA releases,https://nexus.openlca.org/ws/files/19559 | https://www.openlca.org/wp-content/uploads/2022/02/documentation_EN15804-addon-in-openLCA_10022022.pdf | https://www.eugeos.co.uk/,2026-08-22,Q2/Q4 normalized from public official/provider sources; access packages not downloaded when registration was required,"Current inclusion is a working lower-bound classification, not evidence of global completeness."
DBS-0043,LCA-DB-0044,DeforestationFootprint.earth dataset and dashboard,Database / dataset,Current database / dataset record; subtype normalization pending,Core working count,Yes,Active; next update announced for September–October 2026,Chalmers University of Technology-led DeDuCE team,Sweden,Sweden; international research contributors,More than 180 countries,"Agriculture, forestry commodities, trade and consumption",First public year not confirmed,v2.1,2026-03-11,Public metadata page,Publicly accessible or free-of-charge,Public/free access; licence or redistribution unclear or mixed,Not applicable to data rights; related software/code must be assessed separately,Not publicly confirmed,No fee stated for at least one access route,CC BY 4.0 for visualisations; dataset/code release licences apply,Not publicly confirmed,https://deforestationfootprint.earth/,Not publicly confirmed,Zenodo dataset packages and dashboard,Downloadable open data and code,https://deforestationfootprint.earth/about,2026-08-22,Q2/Q4 normalized from public official/provider sources; access packages not downloaded when registration was required,"Current inclusion is a working lower-bound classification, not evidence of global completeness."
DBS-0044,LCA-DB-0045,FOODTURE European Food LCI Database,Database / dataset,Current database / dataset record; subtype normalization pending,Core working count,Yes,Active development; complete public release not yet confirmed,FOODTURE Horizon Europe consortium,European research consortium,Spain-coordinated; multiple European countries and Peru,European food market with selected imported systems and Latin American cases,"Agriculture, aquaculture, fisheries, processed foods, packaging, transport and consumption",2025 project start,In development; no database release,2025–2028 project,Public metadata page,Database not yet publicly released; future open-access outputs are stated for the 2025–2028 project,Not yet publicly released / under development,Not applicable to data rights; related software/code must be assessed separately,Not applicable before release,Not applicable before release,Future dataset licence not yet publicly confirmed,Not yet determined,https://foodture-project.eu/,Not publicly confirmed,Not yet publicly confirmed,Not yet publicly confirmed,https://foodture-project.eu/work-packages/ | https://foodture-project.eu/about/ | https://foodture-project.eu/partners/,2026-08-22,Q2/Q4 normalized from public official/provider sources; access packages not downloaded when registration was required,"Current inclusion is a working lower-bound classification, not evidence of global completeness."
DBS-0045,LCA-DB-0046,HiQLCD,Database / dataset,Current database / dataset record; subtype normalization pending,Core working count,Yes,Active,"Shanghai HiQ Smart Data Co., Ltd.",China,China,China; intended for international LCA and compliance use,"25+ major industries, including energy, materials, manufacturing, construction, transport and waste",Not publicly confirmed,Live platform; public release identifier not confirmed,Not publicly confirmed,Public metadata page,Free or mixed access; registration required,"Free access with registration, use restrictions, or third-party dependency",Not applicable to data rights; related software/code must be assessed separately,Required or account-gated,No fee stated for at least one access route,Not publicly confirmed at dataset level,Not publicly confirmed,https://www.hiq.earth/,Not publicly confirmed,ILCD-aligned data stated; exact export formats not publicly confirmed,Provider states ILCD alignment,https://www.hiq.earth/ | https://www.hiqlcd.com/about,2026-08-22,Q2/Q4 normalized from public official/provider sources; access packages not downloaded when registration was required,"Current inclusion is a working lower-bound classification, not evidence of global completeness."
DBS-0046,LCA-DB-0047,Minviro Battery Materials Database,Database / dataset,Current database / dataset record; subtype normalization pending,Core working count,Yes,Active,Minviro Ltd,United Kingdom,United Kingdom; China; Australia,Provider states approximately 70% coverage of global supply chains for key anode and cathode materials,"Mining, refining, cathode/anode materials, cells, batteries, recycling and second life",Not publicly confirmed,Current integrated database; release identifier not public,Not publicly confirmed,Public metadata page,Commercial or licence-restricted,Commercial/proprietary,Not applicable to data rights; related software/code must be assessed separately,Not publicly confirmed,Fee or commercial licence applies,Commercial proprietary database,Not publicly confirmed,https://www.minviro.com/xycle,Not publicly confirmed,Integrated XYCLE content; public export format not confirmed,Native XYCLE integration,https://www.minviro.com/xycle | https://www.minviro.com/contact,2026-08-22,Q2/Q4 normalized from public official/provider sources; access packages not downloaded when registration was required,"Current inclusion is a working lower-bound classification, not evidence of global completeness."
DBS-0047,LCA-DB-0048,OpenEPD Database,Database / dataset,Current database / dataset record; subtype normalization pending,Core working count,Yes,Active,"WAP Sustainability, LLC",United States,United States,Global EPD aggregation,Construction products and other EPD-covered products,Not publicly confirmed,"Live database; provider reports more than 400,000 records",Not publicly confirmed,Public metadata page,Subscription/account access to searchable and downloadable EPD records,Commercial/proprietary,Not applicable to data rights; related software/code must be assessed separately,Required,Subscription applies,Platform and upstream EPD rights,Platform and upstream EPD rights apply,https://www.openepddatabase.com/,Not publicly confirmed,openEPD,openEPD structured data,https://www.openepddatabase.com/ | https://wapsustainability.com/contact/,2026-08-22,Q2/Q4 normalized from public official/provider sources; access packages not downloaded when registration was required,"Current inclusion is a working lower-bound classification, not evidence of global completeness."
DBS-0048,LCA-DB-0049,Athena LCA Databases,Database / dataset,Current database / dataset record; subtype normalization pending,Core working count,Yes,Active,Athena Sustainable Materials Institute,Canada,Canada; United States,Canada and United States,"Construction materials, energy, transport, construction, maintenance and demolition",Not publicly confirmed,Maintained database family; public release identifier not confirmed,Not publicly confirmed,Public metadata page,Publicly accessible or free-of-charge,Public/free access; licence or redistribution unclear or mixed,Not applicable to data rights; related software/code must be assessed separately,Not publicly confirmed,No fee stated for at least one access route,Not publicly confirmed for standalone reuse,Not publicly confirmed,https://www.athenasmi.org/our-software-data/lca-databases/,Not publicly confirmed,Embedded software databases; standalone format not public,Native Athena tools,https://www.athenasmi.org/our-software-data/lca-databases/ | https://www.athenasmi.org/,2026-08-22,Q2/Q4 normalized from public official/provider sources; access packages not downloaded when registration was required,"Current inclusion is a working lower-bound classification, not evidence of global completeness."
DBS-0049,LCA-DB-0050,European Aluminium Environmental Profile LCI datasets,Database / dataset,Current database / dataset record; subtype normalization pending,Core working count,Yes,Active periodic reporting,European Aluminium,Belgium,Belgium; European member companies,Europe,"Primary aluminium, recycling, rolling, foil, extrusion and related production",Not publicly confirmed,"Environmental Profile Report 2024, issued May 2025",Not publicly confirmed,Public metadata page,Publicly accessible or free-of-charge,Public/free access; licence or redistribution unclear or mixed,Not applicable to data rights; related software/code must be assessed separately,Not publicly confirmed,No fee stated for at least one access route,Publication terms; dataset reuse conditions require review,Not publicly confirmed,https://european-aluminium.eu/blog/environmental-profile-reports/,Not publicly confirmed,PDF reports and tables; machine-readable package not confirmed,Used to update LCA databases; exact exchanges not public,https://european-aluminium.eu/blog/environmental-profile-reports/,2026-08-22,Q2/Q4 normalized from public official/provider sources; access packages not downloaded when registration was required,"Current inclusion is a working lower-bound classification, not evidence of global completeness."
DBS-0050,LCA-DB-0051,JLCA Database,Database / dataset,Current database / dataset record; subtype normalization pending,Core working count,Yes,Active member resource,LCA Society of Japan / LCA Japan Forum,Japan,Japan,Japan,Cross-sector industry data from more than 50 associations,Not publicly confirmed,Live member database; current release identifier not public,Not publicly confirmed,Public metadata page,Request- or membership-mediated,Request/membership-mediated,Not applicable to data rights; related software/code must be assessed separately,Not publicly confirmed,No fee stated for at least one access route,Member-use terms,Not publicly confirmed,https://www.lca-forum.org/database/,Not publicly confirmed,Member database; export formats not public,Public page states linked JLCA–IDEA cradle-to-gate data,https://www.lca-forum.org/database/,2026-08-22,Q2/Q4 normalized from public official/provider sources; access packages not downloaded when registration was required,"Current inclusion is a working lower-bound classification, not evidence of global completeness."
DBS-0051,LCA-DB-0052,MexiLCA,Database / dataset,Current database / dataset record; subtype normalization pending,Core working count,Yes,Active/emerging,MexiLCA initiative,Mexico,Mexico,Mexico,"Construction, agri-food, energy, water, waste, transport and manufacturing",Not publicly confirmed,Live platform; around 250 connected datasets stated,Not publicly confirmed,Public metadata page,Publicly described access for non-commercial use with attribution; release/package route requires record-level confirmation,"Free access with registration, use restrictions, or third-party dependency",Not applicable to data rights; related software/code must be assessed separately,Required or account-gated,No fee stated for permitted non-commercial use,Non-commercial use with attribution; dataset-level licences are stated to be recorded,Restricted by non-commercial and dataset-level terms,https://ciclodevida.mx/,Not publicly confirmed,ILCD and GLAD interoperability are stated; exact downloads not verified,"Compatibility with openLCA, SimaPro and Brightway is stated",https://ciclodevida.mx/,2026-08-22,Q2/Q4 normalized from public official/provider sources; access packages not downloaded when registration was required,"Current inclusion is a working lower-bound classification, not evidence of global completeness."
DBS-0052,LCA-DB-0053,EUROFER Stainless LCI Data,Database / dataset,Current database / dataset record; subtype normalization pending,Core working count,Yes,Active request-based distribution,The European Steel Association (EUROFER),Belgium,Belgium; European steel companies,Europe,Stainless steel flat coil and quarto plate,Not publicly confirmed,Current request-based dataset; page updated 2026-07-06,Public page updated 2026-07-06,Public metadata page,Request- or membership-mediated,Request/membership-mediated,Not applicable to data rights; related software/code must be assessed separately,Not publicly confirmed,No fee stated for at least one access route,Use conditions assigned through the request process,Not publicly confirmed,https://www.eurofer.eu/issues/eurofer-stainless-and-specialty-steel/life-cycle-inventory-lci-enquiries,Not publicly confirmed,Not publicly confirmed,Not publicly confirmed,https://www.eurofer.eu/issues/eurofer-stainless-and-specialty-steel/life-cycle-inventory-lci-enquiries,2026-08-22,Q2/Q4 normalized from public official/provider sources; access packages not downloaded when registration was required,"Current inclusion is a working lower-bound classification, not evidence of global completeness."
DBS-0053,LCA-DB-0009,Banca Dati Italiana LCA,Platform / repository / network,Named national LCA database/node,Core working count,Yes,Active; 2024–2029 maintenance and development agreement reported,ENEA,Italy,Italy,Italy,"More than 180 datasets across 23 supply chains reported in 2024; node lists energy, construction, agri-food, wood/furniture and other project stocks",Not publicly confirmed,Continuously updated node,Not publicly confirmed,Public metadata page,Public metadata/node access; downloads may require registration,Public/free access; licence or redistribution unclear or mixed,Not applicable to data rights; related software/code must be assessed separately,Required or account-gated,No fee stated for at least one access route,Node EULA; sampled dataset metadata states ODbL/free use,Sampled record is open-licensed; collection-wide rights require record-level confirmation,https://bancadatiitalianalca.enea.it/Node/index.xhtml?stock=BDILCA,ILCD,ILCD XML,Not publicly confirmed,https://bancadatiitalianalca.enea.it/Node/index.xhtml?stock=BDILCA | https://www.arcadia.enea.it/la-banca-dati.html,2026-08-22,Q2/Q4 normalized from public official/provider sources; access packages not downloaded when registration was required,Corrects a type inconsistency: the asset has a database ID and an official database description.
DBS-0054,LCA-PLT-0002,HESTIA Data Platform,Platform / repository / network,Environmental production-data platform,Extended count only,Yes,Active,University of Oxford / HESTIA project,United Kingdom,United Kingdom; international contributors,100+ countries stated on the current official page,"Crops, livestock, aquaculture and processed food",2025,v1.2 latest / v1.0 open-access,2026-04-30,Public metadata page,All public HESTIA data downloadable without an account; public API requires no authentication,Open licence confirmed for at least one official distribution,Not applicable to data rights; related software/code must be assessed separately,Not required for public data,No fee for public data,CC BY 4.0 for public data,Permitted under CC BY 4.0 with attribution,https://www.hestia.earth/,Not publicly confirmed,"CSV, XLSX and JSON-LD",Not publicly confirmed,https://www.hestia.earth/ | https://www.hestia.earth/guide/guide-accessing-data/,2026-08-22,Q2/Q4 normalized from public official/provider sources; access packages not downloaded when registration was required,"Data-bearing platform relevant to LCA, but broader than an LCA database."
DBS-0055,LCA-REP-0004,International EPD System Data Hub,Platform / repository / network,Digital EPD data repository,Extended count only,Yes,Active,EPD International AB,Sweden,Sweden; declaration owners worldwide,International,Verified environmental product declarations and programme reference data across sectors,1998 programme/first EPD,Continuously updated Data Hub,Current at 2026-08-22,Public metadata page,Publicly accessible or free-of-charge,Public/free access; licence or redistribution unclear or mixed,Not applicable to data rights; related software/code must be assessed separately,Not required for stated public access,No fee stated for at least one access route,International EPD System general terms and declaration-level rights,Not publicly confirmed,https://data.environdec.com/index.xhtml,Not publicly confirmed,ILCD+EPD/soda4LCA node representation,ILCD+EPD-oriented digital records,https://data.environdec.com/index.xhtml | https://www.environdec.com/resources/epd-resources-hub | https://www.environdec.com/service-agreement,2026-08-22,Q2/Q4 normalized from public official/provider sources; access packages not downloaded when registration was required,Data-bearing declaration repository.
DBS-0056,LCA-REP-0005,Textile Exchange Life Cycle Inventory Library,Platform / repository / network,Sector LCI library,Extended count only,Yes,Active; biannual updates stated,Textile Exchange,United States,International contributors,Dataset-specific; raw-material producing regions,Textile/apparel/footwear raw-material production and initial processing,2024,Continuously updated LCI Library,Current at 2026-08-22,Public metadata page,Publicly accessible or free-of-charge,Public/free access; licence or redistribution unclear or mixed,Not applicable to data rights; related software/code must be assessed separately,Not required for stated public access,No fee stated for at least one access route,Described as open-source/free use; dataset-level source permissions and terms require checking,Not publicly confirmed,https://textileexchange.org/lci-library/,Not publicly confirmed,Not publicly confirmed,Downloadable/extractable inventory data; exact current export schema requires capture,https://textileexchange.org/lci-library/,2026-08-22,Q2/Q4 normalized from public official/provider sources; access packages not downloaded when registration was required,Named reusable LCI collection currently typed as a repository.
DBS-0057,LCA-PLT-0005,GBDI Open Building Data Platform,Platform / repository / network,Building LCA data platform,Extended count only,Yes,Active,Global Building Data Initiative under GLOBE,Switzerland,Switzerland; Austria; international partners,"Global, with stated Global South inclusion",Buildings and construction portfolios,2025 beta,Open Building Data Platform Beta,2025-02-26,Public metadata page,Free or mixed access; registration required,Public/free access; licence or redistribution unclear or mixed,Not applicable to data rights; related software/code must be assessed separately,Required or account-gated,No fee stated for at least one access route,Open-source/open-data orientation; platform terms apply,Not publicly confirmed,https://www.gbdi.io/platform,Not publicly confirmed,openBDF,openBDF and API integrations,https://www.gbdi.io/platform | https://www.gbdi.io/about,2026-08-22,Q2/Q4 normalized from public official/provider sources; access packages not downloaded when registration was required,Data-bearing building platform.
DBS-0058,LCA-REP-0007,AssessCCUS,Platform / repository / network,Sector assessment-data repository,Extended count only,Yes,Active,International CCU Assessment Harmonization Group,United States,United States; international expert group,Global,"Carbon capture, utilization and storage",Not publicly confirmed,Live 2026 repository,Not publicly confirmed,Public metadata page,Publicly accessible or free-of-charge,Public/free access; licence or redistribution unclear or mixed,Not applicable to data rights; related software/code must be assessed separately,Not publicly confirmed,No fee stated for at least one access route,Item-specific publication and tool licences,Not publicly confirmed,https://assessccus.globalco2initiative.org/,Not publicly confirmed,"Web pages, PDFs, videos and spreadsheets",Spreadsheet templates and external databases,https://assessccus.globalco2initiative.org/ | https://assessccus.globalco2initiative.org/contact/,2026-08-22,Q2/Q4 normalized from public official/provider sources; access packages not downloaded when registration was required,Public repository of CCUS life-cycle and techno-economic resources.
DBS-0059,LCA-REP-0009,product impact,Platform / repository / network,Digital EPD data repository,Extended count only,Yes,Active beta,product impact team,United States,United States; pilot partners,Current public page reports 17 countries,Construction/materials and expanding product sectors; current records include textiles/apparel examples,Not publicly confirmed,Live beta platform,Not publicly confirmed,Public metadata page,Publicly accessible or free-of-charge,Public/free access; licence or redistribution unclear or mixed,Not applicable to data rights; related software/code must be assessed separately,Not publicly confirmed,No fee stated for at least one access route,Source EPD/PCR and platform terms apply,Not publicly confirmed,https://productimpact.info/,Not publicly confirmed,Digitized EPD/PCR records and web tables/visualisations,Digital schemas are described in a pilot; public export/API not confirmed,https://productimpact.info/ | https://productimpact.info/case-study/rain-jacket | https://productimpact.info/terms-of-use.pdf,2026-08-22,Q2/Q4 normalized from public official/provider sources; access packages not downloaded when registration was required,Data-bearing declaration platform.
DBS-0060,LCA-REP-0010,EPD Australasia EPD Database,Platform / repository / network,Digital EPD programme repository,Extended count only,Yes,Active,EPD Australasia Ltd,New Zealand,Australia; New Zealand,Australia and New Zealand with international declarations,"Construction and a growing range of products including chemicals, food, packaging and rail",2014,Continuously updated EPD database,Current at 2026-08-22,Public metadata page,Publicly accessible or free-of-charge,Public/free access; licence or redistribution unclear or mixed,Not applicable to data rights; related software/code must be assessed separately,Not publicly confirmed,No fee stated for at least one access route,EPD and website terms; declaration-level rights vary,Not publicly confirmed,https://epd-australasia.com/epd-search/,Not publicly confirmed,Web records and EPD documents,Not publicly confirmed,https://epd-australasia.com/epd-search/ | https://epd-australasia.com/about-us/,2026-08-22,Q2/Q4 normalized from public official/provider sources; access packages not downloaded when registration was required,Programme-level EPD database.
DBS-0061,LCA-REP-0011,EPDItaly EPD Database,Platform / repository / network,Digital EPD programme repository,Extended count only,Yes,Active,ICMQ S.p.A. Società Benefit / EPDItaly,Italy,Italy,Italy with international programme activity,Construction and other products covered by programme PCRs,2015,Continuously updated EPD database,Current at 2026-08-22,Public metadata page,Public searchable EPD catalogue and documents,Public/free access; licence or redistribution unclear or mixed,Not applicable to data rights; related software/code must be assessed separately,Not required to browse published EPDs,No fee for public browsing; publication services are fee-based,EPD/programme-specific terms; declaration rights remain with their owners,Declaration/programme terms apply,https://www.epditaly.it/,Not publicly confirmed,EPD documents; digital export/API not publicly confirmed,Not publicly confirmed,https://www.epditaly.it/ | https://www.epditaly.it/en/contatti/,2026-08-22,Q2/Q4 normalized from public official/provider sources; access packages not downloaded when registration was required,Programme-level EPD database.
DBS-0062,LCA-DB-0054,SICV Brasil,Database / dataset,National LCI database,Core working count,Yes,Active national database,Instituto Brasileiro de Informação em Ciência e Tecnologia (Ibict/MCTI),Brazil,Brazil,Brazil,"Agriculture, transport, plastics, energy, water and other Brazilian products/processes; more than 200 public inventories",2016,Live soda4LCA node; more than 200 inventories,Platform modernization and content expansion documented in 2025,Public metadata page,Public and free web/download access,Public/free access; licence or redistribution unclear or mixed,Not applicable to data rights; related software/code must be assessed separately,No registration stated for public downloads,No fee,Public/open-science access stated; exact collection-wide reuse licence not captured,Not publicly confirmed,https://sicv.acv.ibict.br/,ILCD data model,ILCD/XML packages through a soda4LCA node,ILCD-supporting LCA software; exact release pairs not independently tested,https://www.gov.br/ibict/pt-br/central-de-conteudos/noticias/2025/dezembro/cotea-ibict-apresenta-retrospectiva-2025-com-avancos-na-gestao-da-informacao-para-sustentabilidade-e-economia-circular | https://www.gov.br/ibict/pt-br/central-de-conteudos/noticias/2023/maio/sicv-brasil-amplia-sua-base-de-inventarios-do-ciclo-de-vida | https://helpdesk.lifecycleinitiative.org/distribution/data-formats/,2026-08-22,Targeted multilingual/country/sector public-evidence verification completed,"Distinct named national, subnational, integrated-model or sector LCI collection; counted once at family level."
DBS-0063,LCA-DB-0055,Chinese Life Cycle Database,Database / dataset,National background LCI database,Core working count,Yes,Active provider database,IKE Environmental Technology / Sichuan University lineage,China,China,China,"Key materials and chemicals, energy carriers, transport and waste management; provider describes it as China's publicly obtainable comprehensive background LCA database",2010,Current CLCD service line,Current public service at 2026-08-22; exact database version not published,Public metadata page,Available through provider LCA platforms; current package route and terms require account/product-level confirmation,"Free access with registration, use restrictions, or third-party dependency",Not applicable to data rights; related software/code must be assessed separately,Account/platform use may be required,Free and paid service layers are described; exact CLCD package fee not confirmed,Provider/platform terms; no open-data licence identified,Not publicly confirmed,https://www.ike-global.com/,CLCD native model; current public provider page does not state the schema revision,Not publicly confirmed,eBalance and eFootprint/WebLCA provider ecosystem,https://www.ike-global.com/ | https://v2.efootprint.net/,2026-08-22,Targeted multilingual/country/sector public-evidence verification completed,"Distinct named national, subnational, integrated-model or sector LCI collection; counted once at family level."
DBS-0064,LCA-DB-0056,Korea National Life Cycle Inventory Database,Database / dataset,National LCI database,Core working count,Yes,Active and under revision/expansion,"Ministry of Climate, Energy and Environment / Korea Environmental Industry & Technology Institute",Republic of Korea,Republic of Korea; government and participating industries,Republic of Korea,National product and process inventories recognized by the Korean government and private-sector contributors,Not publicly confirmed,Current integrated national LCI database,Current public service at 2026-08-22,Public metadata page,Public programme information and EcoSquare access route; non-commercial-use restriction,"Free access with registration, use restrictions, or third-party dependency",Not applicable to data rights; related software/code must be assessed separately,EcoSquare account requirements not tested,No commercial use; fee not publicly confirmed,Korean LCI DB and characterization factors may not be used commercially,Non-commercial restriction; further rights not publicly confirmed,https://www.keiti.re.kr/site/keiti/02/10202100000002023101610.jsp,Not publicly confirmed,Not publicly confirmed,LCA software is used to link upstream/downstream flows; exact software and format pair not published on the reviewed official page,https://www.keiti.re.kr/site/keiti/02/10202100000002023101610.jsp,2026-08-22,Targeted multilingual/country/sector public-evidence verification completed,"Distinct named national, subnational, integrated-model or sector LCI collection; counted once at family level."
DBS-0065,LCA-DB-0057,Thai National Life Cycle Inventory Database,Database / dataset,National LCI database,Core working count,Yes,Active national database,National Science and Technology Development Agency (NSTDA) / MTEC-TIIS and national partners,Thailand,"Thailand; government, research and industry partners",Thailand,"Natural gas, oil refining, petrochemicals, electricity, water, transport, agriculture, food, textiles, paper, plastics, construction materials, recycling and waste",2008,Current national database service,Current public service at 2026-08-22,Public metadata page,Public access stated since 2008; current dataset-level route/terms vary,Public/free access; licence or redistribution unclear or mixed,Not applicable to data rights; related software/code must be assessed separately,Not publicly confirmed,Not publicly confirmed,No collection-wide open-data licence captured,Not publicly confirmed,https://www.nstda-tiis.or.th/,ILCD data model,ILCD/XML; legacy ThaiLCD management system is also documented,ILCD-supporting software; official sector documentation also references LCA software use without a public version matrix,https://www.nstda.or.th/en/news/news-years-2019/mtec-nstda-and-pollution-control-department-to-promote-green-public-procurement.html | https://www.nstda.or.th/home/knowledge_post/nstda-tiis/ | https://helpdesk.lifecycleinitiative.org/distribution/data-formats/,2026-08-22,Targeted multilingual/country/sector public-evidence verification completed,"Distinct named national, subnational, integrated-model or sector LCI collection; counted once at family level."
DBS-0066,LCA-DB-0058,Malaysia Life Cycle Inventory Database,Database / dataset,National LCI database,Core working count,Yes,Active national database,SIRIM Berhad,Malaysia,Malaysia,Malaysia,"Energy, power, solar, metals, livestock, logistics, palm oil, oil and gas, electricity and other Malaysian industrial systems",2015,Current MYLCID web service,Current public service at 2026-08-22,Public metadata page,Public metadata; complete LCI datasets must be purchased by contacting SIRIM,Commercial/proprietary,Not applicable to data rights; related software/code must be assessed separately,Contact/purchase required for complete data,Purchase required for complete LCI datasets,Commercial SIRIM terms,Not publicly confirmed,https://mylcid.sirim.my/,ILCD data model,ILCD/XML,ILCD-supporting LCA software; exact current software-version pair not public,https://mylcid.sirim.my/ | https://www.mosti.gov.my/berita/pengkalan-data-inventori-kitaran-hayat-kebangsaan-my-lcid-dibangunkan-bagi-menilai-kesan-kitaran-hayat-produk-dan-perkhidmatan/ | https://helpdesk.lifecycleinitiative.org/distribution/data-formats/,2026-08-22,Targeted multilingual/country/sector public-evidence verification completed,"Distinct named national, subnational, integrated-model or sector LCI collection; counted once at family level."
DBS-0067,LCA-DB-0059,PeruLCA,Database / dataset,National LCI database,Core working count,Yes,Active/retained national database,Peruvian Life Cycle Network / Pontificia Universidad Católica del Perú and project partners,Peru,Peru; international project contributors,Peru,"Fisheries, aquaculture and other Peruvian products and processes developed through national/SRI projects",2019,Current public website and dataset packages,Official launch 2019-05-23; current public service at 2026-08-22,Public metadata page,Public website and downloadable project datasets,Open licence confirmed for at least one official distribution,Not applicable to data rights; related software/code must be assessed separately,No registration stated for the public project files reviewed,No fee stated,ecoinvent Association SRI Open Data License applies to identified project datasets,Subject to SRI Open Data License,https://perulca.com/,ecoSpold2 data model,ecoSpold2/XML and public reports,Software supporting ecoSpold2; exact package/software version pair not tested,https://www.lifecycleinitiative.org/peru-lca-database-launched/ | https://perulca.com/ | https://helpdesk.lifecycleinitiative.org/distribution/data-formats/,2026-08-22,Targeted multilingual/country/sector public-evidence verification completed,"Distinct named national, subnational, integrated-model or sector LCI collection; counted once at family level."
DBS-0068,LCA-DB-0060,CicloData,Database / dataset,Regional/national LCI database,Core working count,Yes,Active public platform,Fundación InnovaCiclos,Chile,Chile; technical collaboration with ecoinvent and Ibict,"Chile, initially the Santiago Metropolitan Region","Construction, commerce, manufacturing, mining, electricity, waste, agriculture and forestry; 49 datasets shown on the current public page",2023 project award; public platform current by 2026,Live public platform; 49 datasets,Current at 2026-08-22,Public metadata page,"Public/open/free description, but registration form is required for download and was not submitted","Free access with registration, use restrictions, or third-party dependency",Not applicable to data rights; related software/code must be assessed separately,Required for download; not performed,No fee stated,Terms page is still under preparation; no operative open-data licence text captured,Not publicly confirmed,https://ciclodata.cl/,Not publicly confirmed,Not publicly confirmed,Not publicly confirmed,https://ciclodata.cl/ | https://ciclodata.cl/historia/ | https://ciclodata.cl/terminos-de-uso/,2026-08-22,Targeted multilingual/country/sector public-evidence verification completed,"Distinct named national, subnational, integrated-model or sector LCI collection; counted once at family level."
DBS-0069,LCA-DB-0061,Quebec Life Cycle Inventory Database,Database / dataset,Subnational LCI database integrated into ecoinvent,Core working count,Yes,Integrated content/database programme,Government of Quebec / CIRAIG,Canada,Canada (Quebec); Switzerland (ecoinvent partnership),Quebec and Canada,"Energy, mines and metals, pulp and paper and additional Quebec sectors; 400+ Quebec-specific datasets reported at launch",2010 project; 2014 launch,Quebec datasets distributed within ecoinvent,Current distribution depends on ecoinvent releases,Public metadata page,Individual entries or the whole database are purchased through ecoinvent,Commercial/proprietary,Not applicable to data rights; related software/code must be assessed separately,ecoinvent account/licence required,Commercial ecoinvent licence,ecoinvent licence,ecoinvent licence restrictions,https://ciraig.org/index.php/project/quebec-life-cycle-inventory-database/,ecoinvent / ecoSpold2 data model,ecoSpold2/XML as identified by the UNEP database helpdesk,Software supporting licensed ecoinvent distributions,https://ciraig.org/index.php/project/quebec-life-cycle-inventory-database/ | https://www.environnement.gouv.qc.ca/infuseur/communique.asp?no=3037 | https://helpdesk.lifecycleinitiative.org/distribution/data-formats/,2026-08-22,Targeted multilingual/country/sector public-evidence verification completed,"Distinct named national, subnational, integrated-model or sector LCI collection; counted once at family level."
DBS-0070,LCA-DB-0062,International Aluminium Institute Life Cycle Inventory Data,Database / dataset,Sector LCI dataset family,Core working count,Yes,Active sector dataset family,International Aluminium Institute,United Kingdom; international association,International aluminium producers and IAI,Global and regional,"Bauxite mining, alumina refining, primary aluminium and related production stages; more than 200 sites represented in the 2019 dataset",1998,2019 LCI data v3,Published 2022,Public metadata page,Public report and downloadable data attachments,Public/free access; licence or redistribution unclear or mixed,Not applicable to data rights; related software/code must be assessed separately,No registration stated for the public attachments,No fee stated,Publication/data terms not explicitly captured,Not publicly confirmed,https://international-aluminium.org/resources/2019-life-cycle-inventory-lci-data-and-environmental-metrics/,Provider spreadsheet inventory and GaBi-based modelling; no public standard exchange schema stated,XLSX/data attachments and PDF report,Spreadsheet use; provider states GaBi background data/model was used,https://international-aluminium.org/resources/2019-life-cycle-inventory-lci-data-and-environmental-metrics/,2026-08-22,Targeted multilingual/country/sector public-evidence verification completed,"Distinct named national, subnational, integrated-model or sector LCI collection; counted once at family level."
DBS-0071,LCA-DB-0063,Nickel Institute Life Cycle Data,Database / dataset,Sector LCI dataset family,Core working count,Yes,Active sector dataset family,Nickel Institute,International association,International member companies and commissioned LCA practitioners,Participating producer regions worldwide,"Class 1 nickel, ferronickel and nickel sulphate hexahydrate",2000,2024 report / 2021 reference-year datasets,2024 publication,Public metadata page,Latest dataset and executive summary publicly offered; full report available on request,Public/free access; licence or redistribution unclear or mixed,Not applicable to data rights; related software/code must be assessed separately,No registration stated for public files; contact required for full report,No fee stated,Reuse and redistribution terms not publicly confirmed,Not publicly confirmed,https://nickelinstitute.org/en/sustainability/nickel-life-cycle-management/nickel-life-cycle-data,Not publicly confirmed,Public report/download files; exact machine-readable schema not stated,Nickel Institute states that its data appear in major databases including GaBi and ELCD,https://nickelinstitute.org/en/sustainability/nickel-life-cycle-management/nickel-life-cycle-data,2026-08-22,Targeted multilingual/country/sector public-evidence verification completed,"Distinct named national, subnational, integrated-model or sector LCI collection; counted once at family level."
DBS-0072,LCA-DB-0064,International Zinc Association Life Cycle Inventory Data,Database / dataset,Sector LCI dataset family,Core working count,Yes,Active sector dataset family,International Zinc Association,United States; international association,International zinc producers with commissioned LCA experts,Global,"Zinc concentrate, special high-grade zinc and related production/recycling routes",1998,2023 LCA update based on 2021 industry data,2023,Public metadata page,"Public report and data dissemination through ecoinvent, GaBi and EU PEF databases",Public/free access; licence or redistribution unclear or mixed,Not applicable to data rights; related software/code must be assessed separately,Host-database conditions vary,Public report; host-database fees/terms vary,Host-database and publication-specific terms,Not publicly confirmed,https://www.zinc.org/life-cycle-assessment/,Host-database-specific,Host-database formats; public report,"ecoinvent-, GaBi- and EU PEF-compatible through host distributions",https://www.zinc.org/life-cycle-assessment/,2026-08-22,Targeted multilingual/country/sector public-evidence verification completed,"Distinct named national, subnational, integrated-model or sector LCI collection; counted once at family level."
DBS-0073,LCA-DB-0065,FEVE Container Glass Life Cycle Inventories,Database / dataset,Sector LCI dataset family,Core working count,Yes,Active sector dataset family,European Container Glass Federation (FEVE),Belgium,Belgium/European member companies; RDC Environment; independent reviewers,European Union,"Container glass for food and beverage applications; three cradle-to-gate inventories for average, 100% recycled and 0% recycled content",2009 study line,2019 production-data LCI set,Independent review completed 2024; current official page at 2026-08-22,Public metadata page,Public methodology/results; full LCI access through a request form,Request/membership-mediated,Not applicable to data rights; related software/code must be assessed separately,Request form required for full LCI,Not publicly confirmed,Use and redistribution terms assigned through the request route,Not publicly confirmed,https://feve.org/glass-industry-positions/life-cycle-assessment/,PEF-methodology inventory; exact exchange schema not stated publicly,Not publicly confirmed,General LCA use stated; exact software/version pair not public,https://feve.org/glass-industry-positions/life-cycle-assessment/ | https://feve.org/new-life-cycle-assessment-proves-industry-success-reducing-environmental-footprint/,2026-08-22,Targeted multilingual/country/sector public-evidence verification completed,"Distinct named national, subnational, integrated-model or sector LCI collection; counted once at family level."
DBS-0074,LCA-DB-0066,Eurobitume Life Cycle Inventory,Database / dataset,Sector LCI dataset family,Core working count,Yes,Active sector dataset family,Eurobitume,Belgium,European bitumen producers; Sphera; independent reviewer,Europe,Paving-grade and oxidised bitumen from crude production through refinery storage,2020 documented v3 line,LCA 4.0,2024-05-27 public page,Public metadata page,Public report; complete ILCD dataset through a request form,Request/membership-mediated,Not applicable to data rights; related software/code must be assessed separately,Request form required for the complete LCI,Not publicly confirmed,Use terms not publicly confirmed before request,Not publicly confirmed,https://eurobitume.eu/bitumen-life-cycle-assessment/,ILCD data model,ILCD/XML ZIP through request; PDF report,Software supporting ILCD; model built in Sphera LCA for Experts with MLC 2024.1,https://eurobitume.eu/bitumen-life-cycle-assessment/,2026-08-22,Targeted multilingual/country/sector public-evidence verification completed,"Distinct named national, subnational, integrated-model or sector LCI collection; counted once at family level."
DBS-0075,LCA-DB-0067,CORRIM Forestry and Forest Products LCI,Database / dataset,Sector LCI database/library,Core working count,Yes,Active research/database family,Consortium for Research on Renewable Industrial Materials (CORRIM),United States,United States research institutions and forest-product industry partners,United States and North America,"Forestry, lumber, plywood, OSB, glulam, LVL, I-joists, panels, flooring, resins and other wood products",2001 programme guidelines; reports from 2004/2005,Current library and Federal LCA Commons repository,2025 report/library entries,Public metadata page,Public reports and public Federal LCA Commons repository downloads,Public/free access; licence or redistribution unclear or mixed,Not applicable to data rights; related software/code must be assessed separately,No registration for public repository downloads,No fee,Federal LCA Commons states public/not restricted; dataset intended-use fields apply,Dataset-specific intended-use terms,https://corrim.org/lcas-on-wood-products-library/,openLCA/Federal LCA Commons data model,JSON-LD for openLCA 1.x and 2.x; reports/PDF,openLCA 1.x/2.x; other JSON-LD consumers require validation,https://corrim.org/lcas-on-wood-products-library/ | https://www.lcacommons.gov/lca-collaboration/CORRIM/Forestry_and_forest_products,2026-08-22,Targeted multilingual/country/sector public-evidence verification completed,"Distinct named national, subnational, integrated-model or sector LCI collection; counted once at family level."
DBS-0076,LCA-DB-0068,International Copper Association Life Cycle Inventory Data,Database / dataset,Sector LCI dataset family,Core working count,Yes,Retained sector dataset family,International Copper Association,United States; international association,International member companies and commissioned LCA practitioners,Global; four continents represented in the 2013 reference dataset,Copper concentrate and copper cathode,2013 reference-year dataset,2018 Copper Environmental Profile publication,2018 publication; current public file retained,Public metadata page,Public environmental-profile report with LCI excerpt; full machine-readable dataset route not publicly confirmed,Public/free access; licence or redistribution unclear or mixed,Not applicable to data rights; related software/code must be assessed separately,No registration for the public report,No fee for public report,Publication rights; standalone dataset rights not confirmed,Not publicly confirmed,https://copperalliance.org/wp-content/uploads/2021/08/ICA-EnvironmentalProfileHESD-201803-FINAL-LOWRES-1.pdf,GaBi-modelled inventory; no public exchange schema stated,PDF report and LCI tables,Provider states GaBi 2014 background databases were used,https://copperalliance.org/wp-content/uploads/2021/08/ICA-EnvironmentalProfileHESD-201803-FINAL-LOWRES-1.pdf,2026-08-22,Targeted multilingual/country/sector public-evidence verification completed,"Distinct named national, subnational, integrated-model or sector LCI collection; counted once at family level."
DBS-0077,LCA-DB-0069,GEMIS Model and Database,Database / dataset,Integrated LCI model/database,Core working count,Yes,Active integrated model/database,International Institute for Sustainability Analysis and Strategy (IINAS),Germany,Germany; international model/database contributors,"Global with country/region-specific energy, material and transport systems","Energy, materials, transport, emissions, costs and employment effects",1987,GEMIS 5.2,2026-07,Public metadata page,Free public download and web access through related ProBas routes,Open licence confirmed for at least one official distribution,Not applicable to data rights; related software/code must be assessed separately,No registration required; optional email registration for update notices,No fee,Creative Commons terms stated by IINAS; exact CC variant should be captured from the package,Subject to the package's Creative Commons terms,https://iinas.org/downloads/gemis-downloads/,Native GEMIS relational/process-chain model,Downloadable GEMIS package/ZIP; PDF and Excel export routes,Native GEMIS software; data may be viewed/exported through GEMIS and related ProBas web routes,https://iinas.org/downloads/gemis-downloads/ | https://iinas.org/en/work/gemis/,2026-08-22,Targeted multilingual/country/sector public-evidence verification completed,"Distinct named national, subnational, integrated-model or sector LCI collection; counted once at family level."
