distribution_id,database_asset_id,database_name,database_release,distribution_package,schema_profile,schema_version,access_route,access_category,licence_rights,registration,fee,compatible_software,software_version,direction,claimed_tested_status,evidence_url,evidence_as_of,known_constraint_next_test
DST-0001,LCA-DB-0001,ecoinvent database,3.12,Unit-process and system-model files,ecoSpold2 XML,ecoinvent v3 family; exact XSD revision not stated,https://ecoinvent.org/database/,Commercial/proprietary,ecoinvent licence; Redistribution: Not publicly confirmed,Not publicly confirmed,Fee or commercial licence applies,ecoinvent-compatible LCA software,Not publicly confirmed,Database to consumer software/tool,Provider-documented format; software/version matrix pending,https://support.ecoinvent.org/data-formats-overview,2026-08-22,Commercial licence controls use; run import tests only with a licensed package.
DST-0002,LCA-DB-0001,ecoinvent database,3.12,Cumulative LCI and LCIA result workbooks,XLSX tabular workbook,ecoinvent v3 family,https://ecoinvent.org/database/,Commercial/proprietary,ecoinvent licence; Redistribution: Not publicly confirmed,Not publicly confirmed,Fee or commercial licence applies,Spreadsheet/statistical software,Not publicly confirmed,Database to consumer software/tool,Provider-documented format,https://support.ecoinvent.org/data-formats-overview,2026-08-22,"No round-trip, conformance or quantitative fidelity test was run unless the status explicitly says otherwise."
DST-0003,LCA-DB-0002,U.S. Life Cycle Inventory Database,1.2026-06.0,ZOLCA database package,openLCA database package,USLCI 1.2026-06.0,https://www.lcacommons.gov/lca-collaboration/National_Renewable_Energy_Laboratory/USLCI_Database_Public/datasets,Public/free access; licence or redistribution unclear or mixed,Repository terms not yet fully reviewed; Redistribution: Not publicly confirmed,Not required for stated public access,No fee stated for at least one access route,openLCA,2.6.1,Database to consumer software/tool,Provider-published exact release/software pair,https://github.com/FLCAC-admin/uslci-content/blob/dev/docs/release_info/release-downloads.md,2026-08-22,"No round-trip, conformance or quantitative fidelity test was run unless the status explicitly says otherwise."
DST-0004,LCA-DB-0002,U.S. Life Cycle Inventory Database,1.2026-06.0,JSON-LD package,openLCA schema / JSON-LD,USLCI 1.2026-06.0,https://www.lcacommons.gov/lca-collaboration/National_Renewable_Energy_Laboratory/USLCI_Database_Public/datasets,Public/free access; licence or redistribution unclear or mixed,Repository terms not yet fully reviewed; Redistribution: Not publicly confirmed,Not required for stated public access,No fee stated for at least one access route,openLCA,2.x family,Database to consumer software/tool,Provider-published download; import not independently tested,https://www.lcacommons.gov/lca-collaboration/National_Renewable_Energy_Laboratory/USLCI_Database_Public/datasets,2026-08-22,"No round-trip, conformance or quantitative fidelity test was run unless the status explicitly says otherwise."
DST-0005,LCA-DB-0002,U.S. Life Cycle Inventory Database,1.2026-06.0,Historical exchange packages,ecoSpold2 and ILCD,Older release-specific,https://www.lcacommons.gov/lca-collaboration/National_Renewable_Energy_Laboratory/USLCI_Database_Public/datasets,Public/free access; licence or redistribution unclear or mixed,Repository terms not yet fully reviewed; Redistribution: Not publicly confirmed,Not required for stated public access,No fee stated for at least one access route,Schema-compatible LCA software,Not publicly confirmed,Database to consumer software/tool,Provider historical table; exact pairs vary by release,https://github.com/FLCAC-admin/uslci-content/blob/dev/docs/release_info/release-downloads.md,2026-08-22,"No round-trip, conformance or quantitative fidelity test was run unless the status explicitly says otherwise."
DST-0006,LCA-DB-0003,Agri-footprint,7.0,Blonk Data Hub / JSON delivery,Provider JSON,Agri-footprint 7,https://blonksustainability.nl/tools-and-databases/agri-footprint,Commercial/proprietary,"Research, consultancy, commercial, developer and enterprise licence options; Redistribution: Not publicly confirmed",Not publicly confirmed,Fee or commercial licence applies,JSON-capable tools and licensed integrations,Not publicly confirmed,Database to consumer software/tool,Provider-described distribution; not independently tested,https://blonksustainability.nl/tools-and-databases/agri-footprint,2026-08-22,"No round-trip, conformance or quantitative fidelity test was run unless the status explicitly says otherwise."
DST-0007,LCA-DB-0003,Agri-footprint,7.0,SimaPro library,SimaPro proprietary library/exchange,Agri-footprint 7,https://blonksustainability.nl/tools-and-databases/agri-footprint,Commercial/proprietary,"Research, consultancy, commercial, developer and enterprise licence options; Redistribution: Not publicly confirmed",Not publicly confirmed,Fee or commercial licence applies,SimaPro,Not publicly confirmed,Database to consumer software/tool,Provider-described availability,https://blonksustainability.nl/tools-and-databases/agri-footprint,2026-08-22,"No round-trip, conformance or quantitative fidelity test was run unless the status explicitly says otherwise."
DST-0008,LCA-DB-0003,Agri-footprint,7.0,openLCA implementation,openLCA database package,Agri-footprint 7,https://blonksustainability.nl/tools-and-databases/agri-footprint,Commercial/proprietary,"Research, consultancy, commercial, developer and enterprise licence options; Redistribution: Not publicly confirmed",Not publicly confirmed,Fee or commercial licence applies,openLCA,Not publicly confirmed,Database to consumer software/tool,Provider-described availability; package not accessed,https://blonksustainability.nl/tools-and-databases/agri-footprint,2026-08-22,"No round-trip, conformance or quantitative fidelity test was run unless the status explicitly says otherwise."
DST-0009,LCA-DB-0003,Agri-footprint,7.0,Tabular delivery on request,XLS / CSV,Agri-footprint 7,https://blonksustainability.nl/tools-and-databases/agri-footprint,Commercial/proprietary,"Research, consultancy, commercial, developer and enterprise licence options; Redistribution: Not publicly confirmed",Not publicly confirmed,Fee or commercial licence applies,Spreadsheet/statistical software,Not publicly confirmed,Database to consumer software/tool,Provider-described request route,https://blonksustainability.nl/tools-and-databases/agri-footprint,2026-08-22,"No round-trip, conformance or quantitative fidelity test was run unless the status explicitly says otherwise."
DST-0010,LCA-DB-0004,AGRIBALYSE,3.2,Reference database,SimaPro distribution,AGRIBALYSE 3.2,https://doc.agribalyse.fr/documentation-en/agribalyse-data/data-access,"Free access with registration, use restrictions, or third-party dependency",Etalab Open Licence for public AGRIBALYSE information; ecoinvent rights apply to included background data; Redistribution: Not publicly confirmed,Not required for stated public access,No fee stated for at least one access route,SimaPro,Not publicly confirmed,Database to consumer software/tool,Provider reference implementation,https://doc.agribalyse.fr/documentation-en/agribalyse-data/data-access,2026-08-22,"No round-trip, conformance or quantitative fidelity test was run unless the status explicitly says otherwise."
DST-0011,LCA-DB-0004,AGRIBALYSE,3.2,Brightway package,Brightway data package,AGRIBALYSE 3.2 implementation,https://doc.agribalyse.fr/documentation-en/agribalyse-data/data-access,"Free access with registration, use restrictions, or third-party dependency",Etalab Open Licence for public AGRIBALYSE information; ecoinvent rights apply to included background data; Redistribution: Not publicly confirmed,Not required for stated public access,No fee stated for at least one access route,Brightway,Not publicly confirmed,Database to consumer software/tool,Provider-linked implementation; discrepancies noted,https://doc.agribalyse.fr/documentation-en/agribalyse-data/data-access,2026-08-22,"No round-trip, conformance or quantitative fidelity test was run unless the status explicitly says otherwise."
DST-0012,LCA-DB-0004,AGRIBALYSE,3.2,openLCA package,openLCA database package,AGRIBALYSE 3.2 implementation,https://doc.agribalyse.fr/documentation-en/agribalyse-data/data-access,"Free access with registration, use restrictions, or third-party dependency",Etalab Open Licence for public AGRIBALYSE information; ecoinvent rights apply to included background data; Redistribution: Not publicly confirmed,Not required for stated public access,No fee stated for at least one access route,openLCA,Not publicly confirmed,Database to consumer software/tool,Provider-linked implementation; discrepancies noted,https://doc.agribalyse.fr/documentation-en/agribalyse-data/data-access,2026-08-22,"No round-trip, conformance or quantitative fidelity test was run unless the status explicitly says otherwise."
DST-0013,LCA-DB-0004,AGRIBALYSE,3.2,Simplified result tables,CSV / XLSX,AGRIBALYSE 3.2,https://doc.agribalyse.fr/documentation-en/agribalyse-data/data-access,"Free access with registration, use restrictions, or third-party dependency",Etalab Open Licence for public AGRIBALYSE information; ecoinvent rights apply to included background data; Redistribution: Not publicly confirmed,Not required for stated public access,No fee stated for at least one access route,Spreadsheet/statistical software,Not publicly confirmed,Database to consumer software/tool,Provider-documented public tables,https://doc.agribalyse.fr/documentation-en/agribalyse-data/data-access,2026-08-22,"No round-trip, conformance or quantitative fidelity test was run unless the status explicitly says otherwise."
DST-0014,LCA-DB-0005,BAFU:2025 life cycle inventory database,BAFU:2025,BAFU:2025 openLCA package,openLCA database package,BAFU:2025,https://nexus.openlca.org/database/BAFU,"Free access with registration, use restrictions, or third-party dependency",Public terms of use available; Redistribution: Not publicly confirmed,Required or account-gated,No fee stated for at least one access route,openLCA,Not publicly confirmed,Database to consumer software/tool,Nexus/provider catalogue claim; package not downloaded because account required,https://nexus.openlca.org/database/BAFU,2026-08-22,"No round-trip, conformance or quantitative fidelity test was run unless the status explicitly says otherwise."
DST-0015,LCA-DB-0006,cm.chemicals,Methodology v2.03 (2026),ILCD dataset delivery,ILCD XML,Methodology v2.03 / 2026 database,https://www.carbon-minds.com/products/data/carbon-footprint-and-lca-data/database-and-methodology-versions/,Commercial/proprietary,Commercial licence; Redistribution: Not publicly confirmed,Not publicly confirmed,Fee or commercial licence applies,ILCD-capable LCA software,Not publicly confirmed,Database to consumer software/tool,Provider change reports name the format; not independently tested,https://www.carbon-minds.com/products/data/carbon-footprint-and-lca-data/database-and-methodology-versions/,2026-08-22,"No round-trip, conformance or quantitative fidelity test was run unless the status explicitly says otherwise."
DST-0016,LCA-DB-0006,cm.chemicals,Methodology v2.03 (2026),SimaPro dataset delivery,SimaPro CSV,Methodology v2.03 / 2026 database,https://www.carbon-minds.com/products/data/carbon-footprint-and-lca-data/database-and-methodology-versions/,Commercial/proprietary,Commercial licence; Redistribution: Not publicly confirmed,Not publicly confirmed,Fee or commercial licence applies,SimaPro,Not publicly confirmed,Database to consumer software/tool,Provider change reports name the format; not independently tested,https://www.carbon-minds.com/products/data/carbon-footprint-and-lca-data/database-and-methodology-versions/,2026-08-22,"No round-trip, conformance or quantitative fidelity test was run unless the status explicitly says otherwise."
DST-0017,LCA-DB-0006,cm.chemicals,Methodology v2.03 (2026),cm.access web portal,Provider web application,2026 portal,https://www.carbon-minds.com/products/data/carbon-footprint-and-lca-data/database-and-methodology-versions/,Commercial/proprietary,Commercial licence; Redistribution: Not publicly confirmed,Not publicly confirmed,Fee or commercial licence applies,Web browser,Not publicly confirmed,Database to consumer software/tool,Provider-documented native access,https://www.carbon-minds.com/2026/06/17/2026-update-of-the-carbon-minds-database-and-launch-of-the-data-portal/,2026-08-22,"No round-trip, conformance or quantitative fidelity test was run unless the status explicitly says otherwise."
DST-0018,LCA-DB-0007,EXIOBASE 3,EXIOBASE 3.10.2,Annual product-by-product MRIO archives,ZIP of tabular .txt matrices,EXIOBASE 3.10.2 package layout,https://zenodo.org/records/15689391,Free/public download with non-commercial-use restriction; commercial licence otherwise,EXIOBASE 3.9+: customized CC-BY-SA-NC licence for qualifying non-commercial use; commercial licensing for other uses,Not required for public Zenodo download,No fee for qualifying non-commercial use; commercial licence required otherwise,PyMRIO; Python; R; Matlab,PyMRIO version not fixed,Database to consumer software/tool,Official repository structure; PyMRIO reading documented,https://zenodo.org/records/20051562,2026-08-22,"Current v3.9 uses a customized non-commercial/commercial licence, not the older open v3.8 terms."
DST-0019,LCA-DB-0007,EXIOBASE 3,EXIOBASE 3.10.2,Annual industry-by-industry MRIO archives,ZIP of tabular .txt matrices,EXIOBASE 3.10.2 package layout,https://zenodo.org/records/15689391,Free/public download with non-commercial-use restriction; commercial licence otherwise,EXIOBASE 3.9+: customized CC-BY-SA-NC licence for qualifying non-commercial use; commercial licensing for other uses,Not required for public Zenodo download,No fee for qualifying non-commercial use; commercial licence required otherwise,PyMRIO; Python; R; Matlab,PyMRIO version not fixed,Database to consumer software/tool,Official repository structure; PyMRIO reading documented,https://zenodo.org/records/20051562,2026-08-22,"Current v3.9 uses a customized non-commercial/commercial licence, not the older open v3.8 terms."
DST-0020,LCA-DB-0007,EXIOBASE 3,3.8.2,Open historical MRIO release,ZIP of tabular matrices,EXIOBASE 3.8.2,https://zenodo.org/records/5589597,Open licence confirmed for this official historical distribution,CC BY-SA 4.0; redistribution permitted with attribution/share-alike,Not required,No fee,PyMRIO; Python; R; Matlab,PyMRIO >=0.4.5 stated for direct download,Database to consumer software/tool,Official historical open distribution,https://zenodo.org/records/5589597,2026-08-22,This historical release is CC BY-SA; do not transfer that licence to v3.9.
DST-0021,LCA-DB-0007,EXIOBASE 3,3.8-beta1 hybrid,SimaPro hybrid package,SimaPro CSV,EXIOBASE-hybrid 3.8 beta1,https://zenodo.org/records/13449634,Public download; package-specific rights require verification,Derived from EXIOBASE 3.8; verify the hybrid record and SimaPro-package terms before redistribution,Not required for public Zenodo record,No fee stated,SimaPro,Not publicly confirmed,Database to consumer software/tool,Published project distribution; not part of the core current v3.9 package,https://zenodo.org/records/13926939/files/EXIOBASE-hybrid%20v3.8-beta1%20SimaPro%20instruction.pdf,2026-08-22,"No round-trip, conformance or quantitative fidelity test was run unless the status explicitly says otherwise."
DST-0022,LCA-DB-0008,AIST-IDEA,v4,IDEA Excel distribution,XLSX tabular workbook,IDEA v4,https://idea-lca.com/en/features/,Commercial/proprietary,AIST-IDEA licence terms; Redistribution: Not publicly confirmed,Not publicly confirmed,Fee or commercial licence applies,Spreadsheet/statistical software,Not publicly confirmed,Database to consumer software/tool,Provider-described format,https://idea-lca.com/en/features/,2026-08-22,"No round-trip, conformance or quantitative fidelity test was run unless the status explicitly says otherwise."
DST-0023,LCA-DB-0008,AIST-IDEA,v4,IDEA SimaPro implementation,SimaPro library/exchange,IDEA v4,https://idea-lca.com/en/features/,Commercial/proprietary,AIST-IDEA licence terms; Redistribution: Not publicly confirmed,Not publicly confirmed,Fee or commercial licence applies,SimaPro,Not publicly confirmed,Database to consumer software/tool,Provider-described implementation,https://idea-lca.com/en/features/,2026-08-22,"No round-trip, conformance or quantitative fidelity test was run unless the status explicitly says otherwise."
DST-0024,LCA-DB-0008,AIST-IDEA,v4,IDEA openLCA implementation,openLCA database package,IDEA v4,https://idea-lca.com/en/features/,Commercial/proprietary,AIST-IDEA licence terms; Redistribution: Not publicly confirmed,Not publicly confirmed,Fee or commercial licence applies,openLCA,Not publicly confirmed,Database to consumer software/tool,Provider-described implementation,https://idea-lca.com/en/features/,2026-08-22,"No round-trip, conformance or quantitative fidelity test was run unless the status explicitly says otherwise."
DST-0025,LCA-DB-0010,US Environmentally-Extended Input-Output models,USEEIO v2.3 family in current build framework,USEEIO model build and matrix outputs,R model objects / tabular matrices,USEEIO v2.x,https://github.com/USEPA/USEEIO,Public/free access; licence or redistribution unclear or mixed,useeior software is MIT; model inputs/outputs retain source-specific public-data terms; Redistribution: Software redistribution allowed under MIT; model-data rights remain source-specific,Not required for stated public access,No fee stated for at least one access route,useeior / R,Not publicly confirmed,Database to consumer software/tool,Official model framework,https://github.com/USEPA/USEEIO,2026-08-22,"No round-trip, conformance or quantitative fidelity test was run unless the status explicitly says otherwise."
DST-0026,LCA-DB-0010,US Environmentally-Extended Input-Output models,USEEIO v2.3 family in current build framework,USEEIO JSON-LD model,openLCA schema / JSON-LD,USEEIO v2.x conversion,https://github.com/USEPA/USEEIO,Public/free access; licence or redistribution unclear or mixed,useeior software is MIT; model inputs/outputs retain source-specific public-data terms; Redistribution: Software redistribution allowed under MIT; model-data rights remain source-specific,Not required for stated public access,No fee stated for at least one access route,openLCA,Not publicly confirmed,Database to consumer software/tool,Official conversion path; exact release pair not fixed,https://github.com/USEPA/USEEIO,2026-08-22,"No round-trip, conformance or quantitative fidelity test was run unless the status explicitly says otherwise."
DST-0027,LCA-DB-0010,US Environmentally-Extended Input-Output models,USEEIO v2.3 family in current build framework,USEEIO API model output,USEEIO API representation,USEEIO v2.x,https://github.com/USEPA/USEEIO,Public/free access; licence or redistribution unclear or mixed,useeior software is MIT; model inputs/outputs retain source-specific public-data terms; Redistribution: Software redistribution allowed under MIT; model-data rights remain source-specific,Not required for stated public access,No fee stated for at least one access route,USEEIO API/web applications,Not publicly confirmed,Database to consumer software/tool,Official serving path,https://github.com/USEPA/USEEIO,2026-08-22,"No round-trip, conformance or quantitative fidelity test was run unless the status explicitly says otherwise."
DST-0028,LCA-DB-0011,Sphera Managed LCA Content,2026 release/catalogue,Managed LCA Content native libraries,Sphera/GaBi proprietary database model,2026 catalogue,https://sphera.com/solutions/product-stewardship/life-cycle-assessment-software-and-data/managed-lca-content/,Commercial/proprietary,Commercial licence; Redistribution: Not publicly confirmed,Not publicly confirmed,Fee or commercial licence applies,Sphera LCA for Experts / GaBi lineage,Not publicly confirmed,Database to consumer software/tool,Provider-native compatibility; proprietary exchange details not public,https://sphera.com/solutions/product-stewardship/life-cycle-assessment-software-and-data/managed-lca-content/,2026-08-22,"No round-trip, conformance or quantitative fidelity test was run unless the status explicitly says otherwise."
DST-0029,LCA-DB-0012,TianGong LCA Database,Continuously updated platform dataset,TIDAS native records,TIDAS JSON / JSON Schema,Continuously updated,https://www.tiangong.earth/data,Public/free access; licence or redistribution unclear or mixed,Sampled official dataset record states free of charge for all users and uses; collection-wide standard licence not identified; Redistribution: Collection-wide redistribution terms not publicly confirmed,Not required to browse sampled public records,No fee for sampled public records,TianGong platform and TIDAS-capable tools,Not publicly confirmed,Database to consumer software/tool,Official native format; no independent conformance test,https://www.tiangong.earth/data,2026-08-22,"No round-trip, conformance or quantitative fidelity test was run unless the status explicitly says otherwise."
DST-0030,LCA-DB-0012,TianGong LCA Database,Continuously updated platform dataset,LCDN publication/export,ILCD / eILCD-compatible XML,Dataset-specific,https://www.tiangong.earth/data,Public/free access; licence or redistribution unclear or mixed,Sampled official dataset record states free of charge for all users and uses; collection-wide standard licence not identified; Redistribution: Collection-wide redistribution terms not publicly confirmed,Not required to browse sampled public records,No fee for sampled public records,ILCD-capable LCA software,Not publicly confirmed,Database to consumer software/tool,Official node compatibility claim; exact profile version varies,https://lcdn.tiangong.earth/index.xhtml,2026-08-22,"No round-trip, conformance or quantitative fidelity test was run unless the status explicitly says otherwise."
DST-0031,LCA-DB-0013,Base Empreinte®,Base Empreinte v1.1; Base Carbone v23.11 shown in 2026 news,Provider/public access distribution; machine-readable package not publicly confirmed,Not publicly confirmed,Not publicly confirmed,https://base-empreinte.ademe.fr/,"Free access with registration, use restrictions, or third-party dependency",Dataset-specific terms; ecoinvent-derived content has additional restrictions; Redistribution: Not publicly confirmed,Required or account-gated,No fee stated for at least one access route,Not publicly confirmed,Not publicly confirmed,Database to consumer software/tool,"Public/provider evidence identifies the asset, but an exact package–schema–software pair is not published",https://base-empreinte.ademe.fr/ | https://base-empreinte.ademe.fr/aide/faq | https://www.ademe.fr/lagence/notre-organisation/,2026-08-22,Retain as an explicit public-information gap; do not infer a format from a web interface or software marketing claim.
DST-0032,LCA-DB-0014,Australian Life Cycle Inventory Database,Not publicly confirmed,Provider/public access distribution; machine-readable package not publicly confirmed,Not publicly confirmed,Not publicly confirmed,https://www.auslci.com.au/,Public/free access; licence or redistribution unclear or mixed,Public licence details require dataset-level confirmation; Redistribution: Not publicly confirmed,Not publicly confirmed,No fee stated for at least one access route,Not publicly confirmed,Not publicly confirmed,Database to consumer software/tool,"Public/provider evidence identifies the asset, but an exact package–schema–software pair is not published",https://www.auslci.com.au/,2026-08-22,Retain as an explicit public-information gap; do not infer a format from a web interface or software marketing claim.
DST-0033,LCA-DB-0015,ÖKOBAUDAT,ÖKOBAUDAT 2024-II database release; daily-current download snapshot,Current and archived database ZIP,ILCD+EPD XML,Profile v1.2; current database profile 3.8.0,https://www.oekobaudat.de/service/downloads.html,Public/free access; licence or redistribution unclear or mixed,Platform terms plus dataset-owner rights; no single collection-wide open licence confirmed; Redistribution: Dataset-owner rights apply; free access does not establish blanket redistribution permission,Not required for public downloads,No fee for public downloads,ILCD+EPD/soda4LCA-capable tools,Not publicly confirmed,Database to consumer software/tool,Official public package,https://www.oekobaudat.de/service/downloads.html,2026-08-22,"No round-trip, conformance or quantitative fidelity test was run unless the status explicitly says otherwise."
DST-0034,LCA-DB-0015,ÖKOBAUDAT,ÖKOBAUDAT 2024-II database release; daily-current download snapshot,Current CSV export,CSV,Current daily snapshot,https://www.oekobaudat.de/service/downloads.html,Public/free access; licence or redistribution unclear or mixed,Platform terms plus dataset-owner rights; no single collection-wide open licence confirmed; Redistribution: Dataset-owner rights apply; free access does not establish blanket redistribution permission,Not required for public downloads,No fee for public downloads,Spreadsheet/statistical software,Not publicly confirmed,Database to consumer software/tool,Official public export,https://www.oekobaudat.de/service/downloads.html,2026-08-22,"No round-trip, conformance or quantitative fidelity test was run unless the status explicitly says otherwise."
DST-0035,LCA-DB-0016,European Reference Life Cycle Database,ELCD III package (historical),ELCD III package,ILCD XML in ZIP package,ILCD 1.1 family,https://eplca.jrc.ec.europa.eu/LCDN/developerILCD.html,Public/free access; licence or redistribution unclear or mixed,EU public resource terms; Redistribution: Not publicly confirmed,Not publicly confirmed,No fee stated for at least one access route,ILCD-capable LCA software,Not publicly confirmed,Database to consumer software/tool,Historical official package/profile,https://eplca.jrc.ec.europa.eu/LCDN/developerILCD.html,2026-08-22,"No round-trip, conformance or quantitative fidelity test was run unless the status explicitly says otherwise."
DST-0036,LCA-DB-0017,GFLI Database,3.0,Impact-assessment portal view,Provider web application / LCIA tables,GFLI 3.0,https://globalfeedlca.org/gfli-database/,Commercial/proprietary,"Commercial, developer and academic/research licence categories; Redistribution: Not publicly confirmed",Required or account-gated,Fee or commercial licence applies,Web browser,Not publicly confirmed,Database to consumer software/tool,Provider-documented native access,https://globalfeedlca.org/gfli-database/database-formats/,2026-08-22,"No round-trip, conformance or quantitative fidelity test was run unless the status explicitly says otherwise."
DST-0037,LCA-DB-0017,GFLI Database,3.0,Aggregated system-process distribution,SimaPro CSV,GFLI 3.0,https://globalfeedlca.org/gfli-database/,Commercial/proprietary,"Commercial, developer and academic/research licence categories; Redistribution: Not publicly confirmed",Required or account-gated,Fee or commercial licence applies,SimaPro,Not publicly confirmed,Database to consumer software/tool,Provider-documented licensed distribution,https://globalfeedlca.org/gfli-database/database-formats/,2026-08-22,"No round-trip, conformance or quantitative fidelity test was run unless the status explicitly says otherwise."
DST-0038,LCA-DB-0017,GFLI Database,3.0,Disaggregated unit-process distribution,SimaPro CSV; JSON may be requested,GFLI 3.0,https://globalfeedlca.org/gfli-database/,Commercial/proprietary,"Commercial, developer and academic/research licence categories; Redistribution: Not publicly confirmed",Required or account-gated,Fee or commercial licence applies,SimaPro,Not publicly confirmed,Database to consumer software/tool,Provider-documented licensed distribution,https://globalfeedlca.org/available-now-unit-process-level-data/,2026-08-22,"No round-trip, conformance or quantitative fidelity test was run unless the status explicitly says otherwise."
DST-0039,LCA-DB-0018,World Food LCA Database,Current provider-hosted release; numbered release not stated on public page,Provider/public access distribution; machine-readable package not publicly confirmed,Not publicly confirmed,Not publicly confirmed,https://quantis.com/services-solutions/consortium-building-and-management/wfldb/,Commercial/proprietary,Commercial terms; Redistribution: Not publicly confirmed,Not publicly confirmed,Fee or commercial licence applies,Not publicly confirmed,Not publicly confirmed,Database to consumer software/tool,"Public/provider evidence identifies the asset, but an exact package–schema–software pair is not published",https://quantis.com/services-solutions/consortium-building-and-management/wfldb/ | https://quantis.com/about/locations/,2026-08-22,Retain as an explicit public-information gap; do not infer a format from a web interface or software marketing claim.
DST-0040,LCA-DB-0019,RIVM Database on the environmental impact of food products,2024 database version; published 2026-03-30,Food-impact workbook,XLSX,2024 database version,https://www.rivm.nl/en/food-and-nutrition/sustainable-food/environmental-impact-of-food-products,Open licence confirmed for at least one official distribution,CC BY 4.0; Redistribution: Permitted under CC BY 4.0 with attribution,Not required for public download,No fee,Spreadsheet/statistical software,Not publicly confirmed,Database to consumer software/tool,Official open workbook,https://www.rivm.nl/en/food-and-nutrition/sustainable-food/environmental-impact-of-food-products,2026-08-22,"No round-trip, conformance or quantitative fidelity test was run unless the status explicitly says otherwise."
DST-0041,LCA-DB-0020,ProBas 2,ProBas2 soda4LCA 7.28.0 observed,ProBas public node export,soda4LCA / ILCD-style XML package,soda4LCA 7.28.0 observed,https://data.probas.umweltbundesamt.de/,"Free access with registration, use restrictions, or third-party dependency",General UBA data reuse permission applies unless otherwise noted; source-specific terms remain possible; Redistribution: Permitted under general UBA reuse terms unless the source record states otherwise,Required or account-gated,No fee stated for at least one access route,ILCD/soda4LCA-capable software,Not publicly confirmed,Database to consumer software/tool,Official public node; exact import pairs not tested,https://data.probas.umweltbundesamt.de/,2026-08-22,"No round-trip, conformance or quantitative fidelity test was run unless the status explicitly says otherwise."
DST-0042,LCA-DB-0021,INIES Database,Continuously updated online database,Public declaration catalogue,Web records and PDF declarations,Continuously updated,https://www.inies.fr/en/accueil/,Public/free access; licence or redistribution unclear or mixed,Database terms and declaration-programme rules; Redistribution: Not publicly confirmed,Not publicly confirmed,No fee stated for at least one access route,Web browser / PDF reader,Not publicly confirmed,Database to consumer software/tool,Official public catalogue,https://www.inies.fr/en/ressources-documentaires/how-to-consult-the-inies-database/,2026-08-22,"No round-trip, conformance or quantitative fidelity test was run unless the status explicitly says otherwise."
DST-0043,LCA-DB-0021,INIES Database,Continuously updated online database,Digitised-data webservice,INIES predefined digital webservice; XML/CSV exchanges are documented,Webservice established 2013,https://www.inies.fr/en/accueil/,Public/free access; licence or redistribution unclear or mixed,Database terms and declaration-programme rules; Redistribution: Not publicly confirmed,Not publicly confirmed,No fee stated for at least one access route,Building-LCA software subscribed to INIES,Not publicly confirmed,Database to consumer software/tool,Official licensed webservice; schema details not fully public,https://www.inies.fr/en/the-digitised-data-webservice/,2026-08-22,"No round-trip, conformance or quantitative fidelity test was run unless the status explicitly says otherwise."
DST-0044,LCA-DB-0022,PlasticsEurope Eco-profiles,Product-specific packages; methodology version 3.1; selected profiles updated 2026-03,Product-specific eco-profile packages,Report plus datasets in several provider formats,Package-specific,https://plasticseurope.org/sustainability/circularity/life-cycle-thinking/eco-profiles-set/,Public/free access; licence or redistribution unclear or mixed,Package-specific terms not fully confirmed; Redistribution: Not publicly confirmed at collection level,Not required for current public packages,No fee stated for current public packages,General LCA tools; exact package software varies,Not publicly confirmed,Database to consumer software/tool,Official public packages; file schemas must be captured per package,https://plasticseurope.org/sustainability/circularity/life-cycle-thinking/eco-profiles-set/,2026-08-22,"No round-trip, conformance or quantitative fidelity test was run unless the status explicitly says otherwise."
DST-0045,LCA-DB-0022,PlasticsEurope Eco-profiles,Product-specific packages; methodology version 3.1; selected profiles updated 2026-03,Aggregated commercial-library copies,SimaPro/GaBi proprietary libraries; some ecoinvent processes,Database-specific,https://plasticseurope.org/sustainability/circularity/life-cycle-thinking/eco-profiles-set/,Public/free access; licence or redistribution unclear or mixed,Package-specific terms not fully confirmed; Redistribution: Not publicly confirmed at collection level,Not required for current public packages,No fee stated for current public packages,SimaPro; Sphera/GaBi; ecoinvent consumers,Not publicly confirmed,Database to consumer software/tool,Provider-stated secondary availability,https://plasticseurope.org/sustainability/circularity/life-cycle-thinking/eco-profiles-set/,2026-08-22,"No round-trip, conformance or quantitative fidelity test was run unless the status explicitly says otherwise."
DST-0046,LCA-DB-0023,worldsteel Life Cycle Inventory Database,2024 LCI dataset (released 2026-05),Public steel eco-profiles,PDF,2026 release using 2024 data,https://worldsteel.org/wider-sustainability/life-cycle-thinking/life-cycle-inventory-data-and-eco-profiles/,Request/membership-mediated,worldsteel LCI data usage agreement; Redistribution: Full inventories may not be posted publicly or communicated externally without worldsteel agreement,Request form required for full LCI datasets,No fee stated; use agreement applies,PDF reader,Not publicly confirmed,Database to consumer software/tool,Official public summaries,https://worldsteel.org/wider-sustainability/life-cycle-thinking/life-cycle-inventory-data-and-eco-profiles/,2026-08-22,"No round-trip, conformance or quantitative fidelity test was run unless the status explicitly says otherwise."
DST-0047,LCA-DB-0023,worldsteel Life Cycle Inventory Database,2024 LCI dataset (released 2026-05),Full steel LCI datasets,Not publicly confirmed,Not publicly confirmed,https://worldsteel.org/wider-sustainability/life-cycle-thinking/lca-lciform/,Request/membership-mediated,worldsteel LCI data usage agreement; Redistribution: Full inventories may not be posted publicly or communicated externally without worldsteel agreement,Request form required for full LCI datasets,No fee stated; use agreement applies,LCA software not publicly specified,Not publicly confirmed,Database to consumer software/tool,Official request route; file format not public,https://worldsteel.org/wider-sustainability/life-cycle-thinking/lca-lciform/,2026-08-22,"No round-trip, conformance or quantitative fidelity test was run unless the status explicitly says otherwise."
DST-0048,LCA-DB-0024,openIO-Canada,OpenIO v2.11,OpenIO-Canada model generator and outputs,Python model objects / tabular matrices,OpenIO-Canada 2.11.1,https://ciraig.org/index.php/project/open-io-canada/,Open licence confirmed for at least one official distribution,CC BY-SA 4.0; Redistribution: Permitted under CC BY-SA 4.0,Not required,No fee,Python,3.9 recommended,Database to consumer software/tool,Official repository; code-generated database,https://github.com/CIRAIG/OpenIO-Canada,2026-08-22,"No round-trip, conformance or quantitative fidelity test was run unless the status explicitly says otherwise."
DST-0049,LCA-DB-0025,Product Social Impact Life Cycle Assessment Database,4.0,Provider/public access distribution; machine-readable package not publicly confirmed,Not publicly confirmed,Not publicly confirmed,https://psilca.net/,Commercial/proprietary,Commercial licence; Redistribution: Not publicly confirmed,Not publicly confirmed,Fee or commercial licence applies,Not publicly confirmed,Not publicly confirmed,Database to consumer software/tool,"Public/provider evidence identifies the asset, but an exact package–schema–software pair is not published",https://psilca.net/ | https://www.greendelta.com/about-us/contact-us/,2026-08-22,Retain as an explicit public-information gap; do not infer a format from a web interface or software marketing claim.
DST-0050,LCA-DB-0026,Social Hotspots Database,Not publicly confirmed,Provider/public access distribution; machine-readable package not publicly confirmed,Not publicly confirmed,Not publicly confirmed,https://www.socialhotspot.org/,Commercial/proprietary,Commercial licence; Redistribution: Not publicly confirmed,Not publicly confirmed,Fee or commercial licence applies,Not publicly confirmed,Not publicly confirmed,Database to consumer software/tool,"Public/provider evidence identifies the asset, but an exact package–schema–software pair is not published",https://www.socialhotspot.org/ | https://www.socialhotspot.org/contact.html,2026-08-22,Retain as an explicit public-information gap; do not infer a format from a web interface or software marketing claim.
DST-0051,LCA-DB-0027,BONSAI Database,2.1.5,Footprint data,CSV,BONSAI 2.1.5,https://www.bonsai.uno/download,Open licence confirmed for at least one official distribution,CC BY 4.0 stated for footprint data; other distributions require file-level confirmation; Redistribution: Permitted for the CC BY 4.0 footprint distribution; other package rights require confirmation,Required for large data-file downloads,No fee stated,Spreadsheet/statistical software,Not publicly confirmed,Database to consumer software/tool,Provider download page; account required for large file,https://www.bonsai.uno/download,2026-08-22,"No round-trip, conformance or quantitative fidelity test was run unless the status explicitly says otherwise."
DST-0052,LCA-DB-0027,BONSAI Database,2.1.5,Recipe data,CSV,BONSAI 2.1.5,https://www.bonsai.uno/download,Open licence confirmed for at least one official distribution,CC BY 4.0 stated for footprint data; other distributions require file-level confirmation; Redistribution: Permitted for the CC BY 4.0 footprint distribution; other package rights require confirmation,Required for large data-file downloads,No fee stated,Spreadsheet/statistical software,Not publicly confirmed,Database to consumer software/tool,Provider download page; account required for large file,https://www.bonsai.uno/download,2026-08-22,"No round-trip, conformance or quantitative fidelity test was run unless the status explicitly says otherwise."
DST-0053,LCA-DB-0027,BONSAI Database,2.1.5,SimaPro export,SimaPro exchange output,Introduced in BONSAI 2.1.1,https://www.bonsai.uno/download,Open licence confirmed for at least one official distribution,CC BY 4.0 stated for footprint data; other distributions require file-level confirmation; Redistribution: Permitted for the CC BY 4.0 footprint distribution; other package rights require confirmation,Required for large data-file downloads,No fee stated,SimaPro,Not publicly confirmed,Database to consumer software/tool,Provider release note; not independently tested,https://www.bonsai.uno/download,2026-08-22,"No round-trip, conformance or quantitative fidelity test was run unless the status explicitly says otherwise."
DST-0054,LCA-DB-0028,European Commission Environmental Footprint Data Node,EF 3.1 and retained EF 2.0 data stocks,Environmental Footprint data packages,ILCD XML in ZIP; EF profile,EF 3.1 and retained EF 2.0,https://eplca.jrc.ec.europa.eu/EF-node/index.xhtml,Public/free access; licence or redistribution unclear or mixed,Dataset-level ownership and use restrictions recorded in ILCD metadata; Redistribution: Not publicly confirmed,Not required for stated public access,No fee stated for at least one access route,ILCD/EF-profile-capable LCA software,Not publicly confirmed,Database to consumer software/tool,Official public node packages,https://eplca.jrc.ec.europa.eu/EF-node/index.xhtml,2026-08-22,"No round-trip, conformance or quantitative fidelity test was run unless the status explicitly says otherwise."
DST-0055,LCA-DB-0029,ICE Database Educational,5.0,ICE Database Educational v5,Spreadsheet/PDF educational resource; machine-readable tab removed,5.0,https://circularecology.com/embodied-carbon-footprint-database.html,"Free access with registration, use restrictions, or third-party dependency","ICE Database Educational v5.0 terms; educational-only, no commercial/professional use; Redistribution: External redistribution prohibited; users must link to the official download page",Form/email confirmation required,No fee for educational download,Spreadsheet/PDF tools,Not publicly confirmed,Database to consumer software/tool,Provider-stated format limitation,https://circularecology.com/embodied-carbon-footprint-database.html,2026-08-22,"No round-trip, conformance or quantitative fidelity test was run unless the status explicitly says otherwise."
DST-0056,LCA-DB-0030,ESU World Food LCA Database,Continuously maintained database using BAFU:2025+ESU background at access date,EcoSpold v1 distribution,EcoSpold v1 XML,Current provider database,https://esu-services.ch/data/fooddata/,Commercial/proprietary,Commercial ESU licence; Redistribution: Not publicly confirmed,Not publicly confirmed,Fee or commercial licence applies,EcoSpold v1-capable LCA software,Not publicly confirmed,Database to consumer software/tool,Provider-documented format,https://esu-services.ch/fileadmin/download/tender/ESU-background-databases.pdf,2026-08-22,"No round-trip, conformance or quantitative fidelity test was run unless the status explicitly says otherwise."
DST-0057,LCA-DB-0030,ESU World Food LCA Database,Continuously maintained database using BAFU:2025+ESU background at access date,SimaPro library,SimaPro proprietary library/exchange,Current provider database,https://esu-services.ch/data/fooddata/,Commercial/proprietary,Commercial ESU licence; Redistribution: Not publicly confirmed,Not publicly confirmed,Fee or commercial licence applies,SimaPro,Not publicly confirmed,Database to consumer software/tool,Provider-documented format,https://esu-services.ch/fileadmin/download/tender/ESU-background-databases.pdf,2026-08-22,"No round-trip, conformance or quantitative fidelity test was run unless the status explicitly says otherwise."
DST-0058,LCA-DB-0030,ESU World Food LCA Database,Continuously maintained database using BAFU:2025+ESU background at access date,Other format delivery,Format on request,Not publicly confirmed,https://esu-services.ch/data/fooddata/,Commercial/proprietary,Commercial ESU licence; Redistribution: Not publicly confirmed,Not publicly confirmed,Fee or commercial licence applies,Software-specific on request,Not publicly confirmed,Database to consumer software/tool,Provider request route; exact format not public,https://esu-services.ch/data/fooddata/,2026-08-22,"No round-trip, conformance or quantitative fidelity test was run unless the status explicitly says otherwise."
DST-0059,LCA-DB-0031,Carbonfact Open Source LCA Database for Footwear & Apparel,First public release,Open apparel/footwear impact dataset,CSV,First public release,https://www.carbonfact.com/database,Open licence confirmed for at least one official distribution,CC BY-SA 4.0; Redistribution: Permitted under CC BY-SA 4.0 with attribution/share-alike,Not required,No fee,Spreadsheet/statistical software,Not publicly confirmed,Database to consumer software/tool,Official public CSV; no background inventories,https://zenodo.org/records/21102756,2026-08-22,"Future EcoSpold/openLCA/SimaPro/Brightway support is exploratory, not current compatibility."
DST-0060,LCA-DB-0032,CEPE Life Cycle Inventory Database,Second version; no dated release identifier on the public project page,GaBi/Sphera package,GaBi proprietary database format,Second CEPE version,https://cepe.org/sustainability/lci-project/,Request/membership-mediated,"Membership, valid ecoinvent licence and NDA conditions; Redistribution: Not publicly confirmed",Not publicly confirmed,Not publicly confirmed,Sphera/GaBi,Not publicly confirmed,Database to consumer software/tool,Provider-stated package,https://cepe.org/sustainability/how-to-access-the-database/,2026-08-22,"No round-trip, conformance or quantitative fidelity test was run unless the status explicitly says otherwise."
DST-0061,LCA-DB-0032,CEPE Life Cycle Inventory Database,Second version; no dated release identifier on the public project page,SimaPro package,SimaPro proprietary library/exchange,Second CEPE version,https://cepe.org/sustainability/lci-project/,Request/membership-mediated,"Membership, valid ecoinvent licence and NDA conditions; Redistribution: Not publicly confirmed",Not publicly confirmed,Not publicly confirmed,SimaPro,Not publicly confirmed,Database to consumer software/tool,Provider-stated package,https://cepe.org/sustainability/how-to-access-the-database/,2026-08-22,"No round-trip, conformance or quantitative fidelity test was run unless the status explicitly says otherwise."
DST-0062,LCA-DB-0032,CEPE Life Cycle Inventory Database,Second version; no dated release identifier on the public project page,Excel package,XLSX,Second CEPE version,https://cepe.org/sustainability/lci-project/,Request/membership-mediated,"Membership, valid ecoinvent licence and NDA conditions; Redistribution: Not publicly confirmed",Not publicly confirmed,Not publicly confirmed,Spreadsheet/statistical software,Not publicly confirmed,Database to consumer software/tool,Provider-stated package,https://cepe.org/sustainability/how-to-access-the-database/,2026-08-22,"No round-trip, conformance or quantitative fidelity test was run unless the status explicitly says otherwise."
DST-0063,LCA-DB-0033,Open CEDA,CEDA 2025,Open CEDA workbook,XLSX,CEDA 2025,https://openceda.org/,Open licence confirmed for at least one official distribution,CC BY-SA; Redistribution: Permitted under CC BY-SA with attribution/share-alike,Required or account-gated,No fee stated for at least one access route,Spreadsheet/statistical software,Not publicly confirmed,Database to consumer software/tool,Official open workbook,https://registry.opendata.aws/open-ceda/,2026-08-22,"No round-trip, conformance or quantitative fidelity test was run unless the status explicitly says otherwise."
DST-0064,LCA-DB-0034,NEEDS Life Cycle Inventory Database,openLCA conversion version 2 documented in 2017,Original NEEDS processes,EcoSpold 1 XML,Original project release,https://nexus.openlca.org/database/NEEDS,"Free access with registration, use restrictions, or third-party dependency",Not publicly confirmed on the accessible documentation; Redistribution: Not publicly confirmed,Required or account-gated,No fee stated for at least one access route,EcoSpold 1-capable LCA software,Not publicly confirmed,Database to consumer software/tool,Historical project format,https://nexus.openlca.org/ws/files/9971,2026-08-22,"No round-trip, conformance or quantitative fidelity test was run unless the status explicitly says otherwise."
DST-0065,LCA-DB-0034,NEEDS Life Cycle Inventory Database,openLCA conversion version 2 documented in 2017,openLCA database package,ZOLCA,openLCA conversion v2,https://nexus.openlca.org/database/NEEDS,"Free access with registration, use restrictions, or third-party dependency",Not publicly confirmed on the accessible documentation; Redistribution: Not publicly confirmed,Required or account-gated,No fee stated for at least one access route,openLCA,Not publicly confirmed,Database to consumer software/tool,Provider conversion package; account route,https://nexus.openlca.org/database/NEEDS,2026-08-22,"No round-trip, conformance or quantitative fidelity test was run unless the status explicitly says otherwise."
DST-0066,LCA-DB-0034,NEEDS Life Cycle Inventory Database,openLCA conversion version 2 documented in 2017,openLCA exchange package,openLCA schema / JSON-LD,openLCA conversion v2,https://nexus.openlca.org/database/NEEDS,"Free access with registration, use restrictions, or third-party dependency",Not publicly confirmed on the accessible documentation; Redistribution: Not publicly confirmed,Required or account-gated,No fee stated for at least one access route,openLCA,Not publicly confirmed,Database to consumer software/tool,Provider conversion workflow; exact public file route not verified,https://nexus.openlca.org/ws/files/9971,2026-08-22,"No round-trip, conformance or quantitative fidelity test was run unless the status explicitly says otherwise."
DST-0067,LCA-DB-0035,BATTERS Battery Recycling Inventory Database,January 2026 analysis release,LCA for Experts package,Software-specific proprietary package,January 2026,https://www.batters.fr/en/battery-recycling-inventory/,Commercial/proprietary,Commercial purchase/licence; Redistribution: Not publicly confirmed,Not publicly confirmed,Fee or commercial licence applies,LCA for Experts,Not publicly confirmed,Database to consumer software/tool,Provider-stated compatibility,https://www.batters.fr/en/battery-recycling-inventory/,2026-08-22,"No round-trip, conformance or quantitative fidelity test was run unless the status explicitly says otherwise."
DST-0068,LCA-DB-0035,BATTERS Battery Recycling Inventory Database,January 2026 analysis release,SimaPro package,SimaPro proprietary library/exchange,January 2026,https://www.batters.fr/en/battery-recycling-inventory/,Commercial/proprietary,Commercial purchase/licence; Redistribution: Not publicly confirmed,Not publicly confirmed,Fee or commercial licence applies,SimaPro,Not publicly confirmed,Database to consumer software/tool,Provider-stated compatibility,https://www.batters.fr/en/battery-recycling-inventory/,2026-08-22,"No round-trip, conformance or quantitative fidelity test was run unless the status explicitly says otherwise."
DST-0069,LCA-DB-0035,BATTERS Battery Recycling Inventory Database,January 2026 analysis release,openLCA package,openLCA database package,January 2026,https://www.batters.fr/en/battery-recycling-inventory/,Commercial/proprietary,Commercial purchase/licence; Redistribution: Not publicly confirmed,Not publicly confirmed,Fee or commercial licence applies,openLCA,Not publicly confirmed,Database to consumer software/tool,Provider-stated compatibility,https://www.batters.fr/en/battery-recycling-inventory/,2026-08-22,"No round-trip, conformance or quantitative fidelity test was run unless the status explicitly says otherwise."
DST-0070,LCA-DB-0036,BioEnergieDat,ILCD dataset versions commonly 01.00.000,BioEnergieDat download package,ILCD XML in ZIP,Dataset-specific 01.00.000 family,https://www.bioenergiedat.de/software.html,Public/free access; licence or redistribution unclear or mixed,Dataset pages state copyright/owner fields; collection-level licence incomplete; Redistribution: Not publicly confirmed,Not required for stated public access,No fee stated for at least one access route,openLCA and other ILCD-capable tools,Not publicly confirmed,Database to consumer software/tool,Official format and openLCA instruction,https://bioenergiedat.de/documents/10156/24192/anleitung-openLCA.pdf,2026-08-22,"No round-trip, conformance or quantitative fidelity test was run unless the status explicitly says otherwise."
DST-0071,LCA-DB-0036,BioEnergieDat,ILCD dataset versions commonly 01.00.000,BioEnergieDat network service,ILCD network service,Not publicly confirmed,https://www.bioenergiedat.de/software.html,Public/free access; licence or redistribution unclear or mixed,Dataset pages state copyright/owner fields; collection-level licence incomplete; Redistribution: Not publicly confirmed,Not required for stated public access,No fee stated for at least one access route,ILCD network clients,Not publicly confirmed,Database to consumer software/tool,Historical official network route,https://www.bioenergiedat.de/software.html,2026-08-22,"No round-trip, conformance or quantitative fidelity test was run unless the status explicitly says otherwise."
DST-0072,LCA-DB-0037,CPM LCA Database,Legacy live database,CPM native database view,SPINE,Legacy live database,https://cpmdatabase.cpm.chalmers.se/AboutDatabase.htm,"Free access with registration, use restrictions, or third-party dependency",Open/free under CPM licence agreement; Redistribution: Not publicly confirmed,Not required for stated public access,No fee stated for at least one access route,SPINE-capable tools,Not publicly confirmed,Database to consumer software/tool,Official database view,https://cpmdatabase.cpm.chalmers.se/AboutDatabase.htm,2026-08-22,"No round-trip, conformance or quantitative fidelity test was run unless the status explicitly says otherwise."
DST-0073,LCA-DB-0037,CPM LCA Database,Legacy live database,ISO/ILCD-oriented view/export,ISO/TS 14048-compatible / ILCD,Legacy live database,https://cpmdatabase.cpm.chalmers.se/AboutDatabase.htm,"Free access with registration, use restrictions, or third-party dependency",Open/free under CPM licence agreement; Redistribution: Not publicly confirmed,Not required for stated public access,No fee stated for at least one access route,ILCD-capable tools,Not publicly confirmed,Database to consumer software/tool,Official database view; exact profile not fixed,https://cpmdatabase.cpm.chalmers.se/AboutDatabase.htm,2026-08-22,"No round-trip, conformance or quantitative fidelity test was run unless the status explicitly says otherwise."
DST-0074,LCA-DB-0037,CPM LCA Database,Legacy live database,IA98 view/export,IA98,Legacy live database,https://cpmdatabase.cpm.chalmers.se/AboutDatabase.htm,"Free access with registration, use restrictions, or third-party dependency",Open/free under CPM licence agreement; Redistribution: Not publicly confirmed,Not required for stated public access,No fee stated for at least one access route,IA98-capable tools,Not publicly confirmed,Database to consumer software/tool,Official legacy view,https://cpmdatabase.cpm.chalmers.se/AboutDatabase.htm,2026-08-22,"No round-trip, conformance or quantitative fidelity test was run unless the status explicitly says otherwise."
DST-0075,LCA-DB-0038,ERASM Surfactant Life Cycle and Ecofootprinting Inventory,2017 SLE release,Surfactant LCI node distribution,ILCD-style node/package,2017 SLE release,https://www.erasm.org/erasm-research/manufacturing/rawmaterial-sourcing/life-cycle-ecofootprinting-sle/,Public/free access; licence or redistribution unclear or mixed,Open publications; dataset-level use terms require confirmation; Redistribution: Not publicly confirmed,Not required for stated public access,No fee stated for at least one access route,ILCD-capable tools,Not publicly confirmed,Database to consumer software/tool,Formal project documentation; former node status,https://www.erasm.org/wp-content/uploads/2017/08/170727-SLE-Summary-Paper-IJLCA-1.pdf,2026-08-22,"No round-trip, conformance or quantitative fidelity test was run unless the status explicitly says otherwise."
DST-0076,LCA-DB-0038,ERASM Surfactant Life Cycle and Ecofootprinting Inventory,2017 SLE release,Public inventory fact sheets,PDF,2017 SLE release,https://www.erasm.org/erasm-research/manufacturing/rawmaterial-sourcing/life-cycle-ecofootprinting-sle/,Public/free access; licence or redistribution unclear or mixed,Open publications; dataset-level use terms require confirmation; Redistribution: Not publicly confirmed,Not required for stated public access,No fee stated for at least one access route,PDF reader,Not publicly confirmed,Database to consumer software/tool,Public summary material,https://specialty-chemicals.eu/erasm/,2026-08-22,"No round-trip, conformance or quantitative fidelity test was run unless the status explicitly says otherwise."
DST-0077,LCA-DB-0039,CODDE Database,2026-04,CODDE native database,EIME proprietary database model,2026-04,https://codde.fr/evenement/eime-nouvelle-base-codde-2026-04,Commercial/proprietary,Commercial EIME licence; Redistribution: Not publicly confirmed,Not publicly confirmed,Fee or commercial licence applies,EIME,v6/current product family,Database to consumer software/tool,Provider-native compatibility,https://codde.fr/evenement/eime-nouvelle-base-codde-2026-04,2026-08-22,"No round-trip, conformance or quantitative fidelity test was run unless the status explicitly says otherwise."
DST-0078,LCA-DB-0040,IDEMAT Database,Idemat 2026RevB1,Idemat Excel database,XLSX,2026RevB1,https://www.ecocostsvalue.com/data-tools-books/,"Free access with registration, use restrictions, or third-party dependency",CC BY-NC stated for the Excel database; software/package-specific and ecoinvent terms may apply; Redistribution: Non-commercial licence restrictions apply,Not publicly confirmed,No fee for identified academic download; commercial use restricted,Spreadsheet software,Not publicly confirmed,Database to consumer software/tool,Official academic/non-commercial download,https://www.ecocostsvalue.com/EVR/download.html,2026-08-22,"No round-trip, conformance or quantitative fidelity test was run unless the status explicitly says otherwise."
DST-0079,LCA-DB-0040,IDEMAT Database,Idemat 2026RevB1,Idemat SimaPro import,SimaPro exchange,2026RevB1,https://www.ecocostsvalue.com/data-tools-books/,"Free access with registration, use restrictions, or third-party dependency",CC BY-NC stated for the Excel database; software/package-specific and ecoinvent terms may apply; Redistribution: Non-commercial licence restrictions apply,Not publicly confirmed,No fee for identified academic download; commercial use restricted,SimaPro,Not publicly confirmed,Database to consumer software/tool,Provider-stated package,https://www.ecocostsvalue.com/EVR/download.html,2026-08-22,"No round-trip, conformance or quantitative fidelity test was run unless the status explicitly says otherwise."
DST-0080,LCA-DB-0040,IDEMAT Database,Idemat 2026RevB1,Idemat openLCA package,openLCA database package,2026RevB1,https://www.ecocostsvalue.com/data-tools-books/,"Free access with registration, use restrictions, or third-party dependency",CC BY-NC stated for the Excel database; software/package-specific and ecoinvent terms may apply; Redistribution: Non-commercial licence restrictions apply,Not publicly confirmed,No fee for identified academic download; commercial use restricted,openLCA,Not publicly confirmed,Database to consumer software/tool,Provider-stated package,https://www.ecocostsvalue.com/EVR/download.html,2026-08-22,"No round-trip, conformance or quantitative fidelity test was run unless the status explicitly says otherwise."
DST-0081,LCA-DB-0041,POLARIIS+,2026 infrastructure release,POLARIIS+ public dataset packages,Zenodo repository package; internal schema not confirmed,2026 infrastructure release,https://ciraig.org/index.php/project/polariis-en/,Public/free access; licence or redistribution unclear or mixed,Dataset-level Zenodo licences; infrastructure terms not fully stated; Redistribution: Not publicly confirmed,Not publicly confirmed,No fee stated for at least one access route,General data-analysis tools,Not publicly confirmed,Database to consumer software/tool,Public repository identified; file-level schema capture pending,https://ciraig.org/index.php/project/polariis-en/,2026-08-22,"No round-trip, conformance or quantitative fidelity test was run unless the status explicitly says otherwise."
DST-0082,LCA-DB-0042,Evah Pigments and Dyes LCI Databases,Current database family; historical Pigments release plus continuing 2026 programme,Evah openLCA package,openLCA database package,Current family,https://evah.institute/services,Commercial/proprietary,Package-specific free/commercial licence; Redistribution: Not publicly confirmed,Not publicly confirmed,Fee or commercial licence applies,openLCA,Not publicly confirmed,Database to consumer software/tool,Provider-stated plug-in/package,https://evah.institute/services,2026-08-22,"No round-trip, conformance or quantitative fidelity test was run unless the status explicitly says otherwise."
DST-0083,LCA-DB-0042,Evah Pigments and Dyes LCI Databases,Current database family; historical Pigments release plus continuing 2026 programme,Evah SimaPro package,SimaPro library/exchange,Current family,https://evah.institute/services,Commercial/proprietary,Package-specific free/commercial licence; Redistribution: Not publicly confirmed,Not publicly confirmed,Fee or commercial licence applies,SimaPro,Not publicly confirmed,Database to consumer software/tool,Provider-stated plug-in/package,https://evah.institute/services,2026-08-22,"No round-trip, conformance or quantitative fidelity test was run unless the status explicitly says otherwise."
DST-0084,LCA-DB-0042,Evah Pigments and Dyes LCI Databases,Current database family; historical Pigments release plus continuing 2026 programme,Evah LCADesign plug-in,LCADesign-specific package,Current family,https://evah.institute/services,Commercial/proprietary,Package-specific free/commercial licence; Redistribution: Not publicly confirmed,Not publicly confirmed,Fee or commercial licence applies,LCADesign,Not publicly confirmed,Database to consumer software/tool,Provider-stated plug-in/package,https://evah.institute/services,2026-08-22,"No round-trip, conformance or quantitative fidelity test was run unless the status explicitly says otherwise."
DST-0085,LCA-DB-0043,EuGeos 15804-IA Database,3.1 documented; later superseded in practice by openLCA EN15804 add-on,EuGeos 15804-IA openLCA database,openLCA database package,3.1 legacy,https://nexus.openlca.org/database/EuGeos'%2015804-IA,Commercial/proprietary,Commercial/ecoinvent-dependent licence; Redistribution: Not publicly confirmed,Not publicly confirmed,Fee or commercial licence applies,openLCA,Older releases,Database to consumer software/tool,Historical provider package; maintenance superseded,https://nexus.openlca.org/ws/files/19559,2026-08-22,"No round-trip, conformance or quantitative fidelity test was run unless the status explicitly says otherwise."
DST-0086,LCA-DB-0044,DeforestationFootprint.earth dataset and dashboard,2.1,DeforestationFootprint public data archive,Zenodo dataset package,2.1,https://deforestationfootprint.earth/,Public/free access; licence or redistribution unclear or mixed,CC BY 4.0 for visualisations; dataset/code release licences apply; Redistribution: Not publicly confirmed,Not publicly confirmed,No fee stated for at least one access route,General data-analysis tools,Not publicly confirmed,Database to consumer software/tool,Official open-data package; file-level formats pending,https://deforestationfootprint.earth/about,2026-08-22,"No round-trip, conformance or quantitative fidelity test was run unless the status explicitly says otherwise."
DST-0087,LCA-DB-0044,DeforestationFootprint.earth dataset and dashboard,2.1,DeforestationFootprint dashboard,Web application,2.1,https://deforestationfootprint.earth/,Public/free access; licence or redistribution unclear or mixed,CC BY 4.0 for visualisations; dataset/code release licences apply; Redistribution: Not publicly confirmed,Not publicly confirmed,No fee stated for at least one access route,Web browser,Not publicly confirmed,Database to consumer software/tool,Official native access,https://deforestationfootprint.earth/,2026-08-22,"No round-trip, conformance or quantitative fidelity test was run unless the status explicitly says otherwise."
DST-0088,LCA-DB-0045,FOODTURE European Food LCI Database,In development during 2025–2028 project,Planned FOODTURE database,Not publicly confirmed,Not publicly confirmed,https://foodture-project.eu/,Not yet publicly released / under development,Future dataset licence not yet publicly confirmed; Redistribution: Not yet determined,Not applicable before release,Not applicable before release,Not publicly confirmed,Not publicly confirmed,Database to consumer software/tool,No public distribution yet,https://foodture-project.eu/work-packages/,2026-08-22,Planned future openness is not current availability.
DST-0089,LCA-DB-0046,HiQLCD,Live platform; public release identifier not confirmed,HiQLCD public platform records,ILCD-aligned provider data model; export format not public,Live platform,https://www.hiq.earth/,"Free access with registration, use restrictions, or third-party dependency",Not publicly confirmed at dataset level; Redistribution: Not publicly confirmed,Required or account-gated,No fee stated for at least one access route,Provider platform; ILCD-capable tools not tested,Not publicly confirmed,Database to consumer software/tool,Provider compatibility statement only,https://www.hiq.earth/,2026-08-22,"No round-trip, conformance or quantitative fidelity test was run unless the status explicitly says otherwise."
DST-0090,LCA-DB-0047,Minviro Battery Materials Database,Current integrated database; release identifier not public,Minviro battery-material data content,XYCLE proprietary internal model,Current integrated database,https://www.minviro.com/xycle,Commercial/proprietary,Commercial proprietary database; Redistribution: Not publicly confirmed,Not publicly confirmed,Fee or commercial licence applies,XYCLE,Not publicly confirmed,Database to consumer software/tool,Provider-native integration; export format not public,https://www.minviro.com/xycle,2026-08-22,"No round-trip, conformance or quantitative fidelity test was run unless the status explicitly says otherwise."
DST-0091,LCA-DB-0048,OpenEPD Database,"Live database; provider reports more than 400,000 records",OpenEPD Database structured records,openEPD,Provider does not state exact schema revision,https://www.openepddatabase.com/,Commercial/proprietary,Platform and upstream EPD rights; Redistribution: Platform and upstream EPD rights apply,Required,Subscription applies,OpenEPD-capable tools / provider platform,Not publicly confirmed,Database to consumer software/tool,Provider-native structured data; subscription access,https://www.openepddatabase.com/,2026-08-22,"No round-trip, conformance or quantitative fidelity test was run unless the status explicitly says otherwise."
DST-0092,LCA-DB-0049,Athena LCA Databases,Maintained database family; public release identifier not confirmed,Athena building database content,Athena proprietary embedded model,Maintained family,https://www.athenasmi.org/our-software-data/lca-databases/,Public/free access; licence or redistribution unclear or mixed,Not publicly confirmed for standalone reuse; Redistribution: Not publicly confirmed,Not publicly confirmed,No fee stated for at least one access route,Athena Building LCA,Not publicly confirmed,Database to consumer software/tool,Provider-native compatibility,https://www.athenasmi.org/our-software-data/lca-databases/,2026-08-22,"No round-trip, conformance or quantitative fidelity test was run unless the status explicitly says otherwise."
DST-0093,LCA-DB-0049,Athena LCA Databases,Maintained database family; public release identifier not confirmed,Athena impact-estimator database content,Athena proprietary embedded model,Maintained family,https://www.athenasmi.org/our-software-data/lca-databases/,Public/free access; licence or redistribution unclear or mixed,Not publicly confirmed for standalone reuse; Redistribution: Not publicly confirmed,Not publicly confirmed,No fee stated for at least one access route,Athena Impact Estimator for Buildings,Not publicly confirmed,Database to consumer software/tool,Provider-native compatibility,https://www.athenasmi.org/our-software-data/lca-databases/,2026-08-22,"No round-trip, conformance or quantitative fidelity test was run unless the status explicitly says otherwise."
DST-0094,LCA-DB-0049,Athena LCA Databases,Maintained database family; public release identifier not confirmed,Athena pavement database content,Athena proprietary embedded model,Maintained family,https://www.athenasmi.org/our-software-data/lca-databases/,Public/free access; licence or redistribution unclear or mixed,Not publicly confirmed for standalone reuse; Redistribution: Not publicly confirmed,Not publicly confirmed,No fee stated for at least one access route,Athena Pavement LCA,Not publicly confirmed,Database to consumer software/tool,Provider-native compatibility,https://www.athenasmi.org/our-software-data/lca-databases/,2026-08-22,"No round-trip, conformance or quantitative fidelity test was run unless the status explicitly says otherwise."
DST-0095,LCA-DB-0050,European Aluminium Environmental Profile LCI datasets,"Environmental Profile Report 2024, issued May 2025",Environmental Profile Report and LCI tables,PDF and embedded tables,2024 profile report issued 2025,https://european-aluminium.eu/blog/environmental-profile-reports/,Public/free access; licence or redistribution unclear or mixed,Publication terms; dataset reuse conditions require review; Redistribution: Not publicly confirmed,Not publicly confirmed,No fee stated for at least one access route,PDF/spreadsheet tools,Not publicly confirmed,Database to consumer software/tool,Official public report; standalone machine-readable package not confirmed,https://european-aluminium.eu/blog/environmental-profile-reports/,2026-08-22,"No round-trip, conformance or quantitative fidelity test was run unless the status explicitly says otherwise."
DST-0096,LCA-DB-0051,JLCA Database,Live member database; current release identifier not public,JLCA member database,Member portal; linked JLCA–IDEA model,Current member database,https://www.lca-forum.org/database/,Request/membership-mediated,Member-use terms; Redistribution: Not publicly confirmed,Not publicly confirmed,No fee stated for at least one access route,JLCA member tools / IDEA linkage,Not publicly confirmed,Database to consumer software/tool,Official member-access statement; export format not public,https://www.lca-forum.org/database/,2026-08-22,"No round-trip, conformance or quantitative fidelity test was run unless the status explicitly says otherwise."
DST-0097,LCA-DB-0052,MexiLCA,Live platform; around 250 connected datasets stated,MexiLCA ILCD-aligned package,ILCD,Live platform,https://ciclodevida.mx/,"Free access with registration, use restrictions, or third-party dependency",Non-commercial use with attribution; dataset-level licences are stated to be recorded; Redistribution: Restricted by non-commercial and dataset-level terms,Required or account-gated,No fee stated for permitted non-commercial use,openLCA,Not publicly confirmed,Database to consumer software/tool,Provider-stated compatibility; exact package not accessed,https://ciclodevida.mx/,2026-08-22,"No round-trip, conformance or quantitative fidelity test was run unless the status explicitly says otherwise."
DST-0098,LCA-DB-0052,MexiLCA,Live platform; around 250 connected datasets stated,MexiLCA ILCD-aligned package,ILCD,Live platform,https://ciclodevida.mx/,"Free access with registration, use restrictions, or third-party dependency",Non-commercial use with attribution; dataset-level licences are stated to be recorded; Redistribution: Restricted by non-commercial and dataset-level terms,Required or account-gated,No fee stated for permitted non-commercial use,SimaPro,Not publicly confirmed,Database to consumer software/tool,Provider-stated compatibility; conversion path not published,https://ciclodevida.mx/,2026-08-22,"No round-trip, conformance or quantitative fidelity test was run unless the status explicitly says otherwise."
DST-0099,LCA-DB-0052,MexiLCA,Live platform; around 250 connected datasets stated,MexiLCA ILCD-aligned package,ILCD,Live platform,https://ciclodevida.mx/,"Free access with registration, use restrictions, or third-party dependency",Non-commercial use with attribution; dataset-level licences are stated to be recorded; Redistribution: Restricted by non-commercial and dataset-level terms,Required or account-gated,No fee stated for permitted non-commercial use,Brightway,Not publicly confirmed,Database to consumer software/tool,Provider-stated compatibility; conversion path not published,https://ciclodevida.mx/,2026-08-22,"No round-trip, conformance or quantitative fidelity test was run unless the status explicitly says otherwise."
DST-0100,LCA-DB-0053,EUROFER Stainless LCI Data,Current request-based dataset; page updated 2026-07-06,EUROFER/worldstainless LCI data package,Not publicly confirmed,Not publicly confirmed,https://www.eurofer.eu/issues/eurofer-stainless-and-specialty-steel/life-cycle-inventory-lci-enquiries,Request/membership-mediated,Use conditions assigned through the request process; Redistribution: Not publicly confirmed,Not publicly confirmed,No fee stated for at least one access route,LCA software not publicly specified,Not publicly confirmed,Database to consumer software/tool,Official request route; format not public,https://www.eurofer.eu/issues/eurofer-stainless-and-specialty-steel/life-cycle-inventory-lci-enquiries,2026-08-22,"No round-trip, conformance or quantitative fidelity test was run unless the status explicitly says otherwise."
DST-0101,LCA-DB-0009,Banca Dati Italiana LCA,Continuously updated node,Italian LCDN data-node package,ILCD / eILCD node package,Dataset-specific,https://bancadatiitalianalca.enea.it/Node/index.xhtml?stock=BDILCA,Public/free access; licence or redistribution unclear or mixed,Node EULA; sampled dataset metadata states ODbL/free use; Redistribution: Sampled record is open-licensed; collection-wide rights require record-level confirmation,Required or account-gated,No fee stated for at least one access route,ILCD-capable LCA software,Not publicly confirmed,Database to consumer software/tool,Official node model; exact package/version varies,https://eplca.jrc.ec.europa.eu/LCDN/developerILCD.html,2026-08-22,"No round-trip, conformance or quantitative fidelity test was run unless the status explicitly says otherwise."
DST-0102,LCA-PLT-0002,HESTIA Data Platform,Public release v1.0; newer v1.2 under delayed open release,HESTIA CSV download,CSV,Public release,https://www.hestia.earth/,Open licence confirmed for at least one official distribution,CC BY 4.0 for public data; Redistribution: Permitted under CC BY 4.0 with attribution,Not required for public data,No fee for public data,Spreadsheet/statistical software,Not publicly confirmed,Database to consumer software/tool,Official open download,https://www.hestia.earth/guide/guide-accessing-data-downloading-data,2026-08-22,"No round-trip, conformance or quantitative fidelity test was run unless the status explicitly says otherwise."
DST-0103,LCA-PLT-0002,HESTIA Data Platform,Public release v1.0; newer v1.2 under delayed open release,HESTIA Excel download,XLSX,Public release,https://www.hestia.earth/,Open licence confirmed for at least one official distribution,CC BY 4.0 for public data; Redistribution: Permitted under CC BY 4.0 with attribution,Not required for public data,No fee for public data,Spreadsheet software,Not publicly confirmed,Database to consumer software/tool,Official open download,https://www.hestia.earth/guide/guide-accessing-data-downloading-data,2026-08-22,"No round-trip, conformance or quantitative fidelity test was run unless the status explicitly says otherwise."
DST-0104,LCA-PLT-0002,HESTIA Data Platform,Public release v1.0; newer v1.2 under delayed open release,HESTIA JSON-LD download,JSON-LD / HESTIA schema,Public release,https://www.hestia.earth/,Open licence confirmed for at least one official distribution,CC BY 4.0 for public data; Redistribution: Permitted under CC BY 4.0 with attribution,Not required for public data,No fee for public data,JSON-LD tools,Not publicly confirmed,Database to consumer software/tool,Official open download,https://www.hestia.earth/guide/guide-accessing-data-downloading-data,2026-08-22,"No round-trip, conformance or quantitative fidelity test was run unless the status explicitly says otherwise."
DST-0105,LCA-PLT-0002,HESTIA Data Platform,Public release v1.0; newer v1.2 under delayed open release,HESTIA public API,HESTIA API / JSON-LD,Public release,https://www.hestia.earth/,Open licence confirmed for at least one official distribution,CC BY 4.0 for public data; Redistribution: Permitted under CC BY 4.0 with attribution,Not required for public data,No fee for public data,API clients,Not publicly confirmed,Database to consumer software/tool,Official open API; no authentication for public data,https://www.hestia.earth/guide/guide-accessing-data-downloading-data,2026-08-22,"No round-trip, conformance or quantitative fidelity test was run unless the status explicitly says otherwise."
DST-0106,LCA-REP-0004,International EPD System Data Hub,Public node running soda4LCA 7.23.6 at access date,Provider/public access distribution; machine-readable package not publicly confirmed,Not publicly confirmed,Not publicly confirmed,https://data.environdec.com/index.xhtml,Public/free access; licence or redistribution unclear or mixed,International EPD System general terms and declaration-level rights; Redistribution: Not publicly confirmed,Not required for stated public access,No fee stated for at least one access route,ILCD+EPD-oriented digital records,Not publicly confirmed,Database to consumer software/tool,"Public/provider evidence identifies the asset, but an exact package–schema–software pair is not published",https://data.environdec.com/index.xhtml | https://www.environdec.com/resources/epd-resources-hub | https://www.environdec.com/service-agreement,2026-08-22,Retain as an explicit public-information gap; do not infer a format from a web interface or software marketing claim.
DST-0107,LCA-REP-0005,Textile Exchange Life Cycle Inventory Library,Live library launched in 2024,Provider/public access distribution; machine-readable package not publicly confirmed,Not publicly confirmed,Not publicly confirmed,https://textileexchange.org/lci-library/,Public/free access; licence or redistribution unclear or mixed,Described as open-source/free use; dataset-level source permissions and terms require checking; Redistribution: Not publicly confirmed,Not required for stated public access,No fee stated for at least one access route,Downloadable/extractable inventory data; exact current export schema requires capture,Not publicly confirmed,Database to consumer software/tool,"Public/provider evidence identifies the asset, but an exact package–schema–software pair is not published",https://textileexchange.org/lci-library/,2026-08-22,Retain as an explicit public-information gap; do not infer a format from a web interface or software marketing claim.
DST-0108,LCA-PLT-0005,GBDI Open Building Data Platform,Live platform launched 2025,Provider/public access distribution; machine-readable package not publicly confirmed,Not publicly confirmed,Not publicly confirmed,https://www.gbdi.io/platform,Public/free access; licence or redistribution unclear or mixed,Open-source/open-data orientation; platform terms apply; Redistribution: Not publicly confirmed,Required or account-gated,No fee stated for at least one access route,openBDF and API integrations,Not publicly confirmed,Database to consumer software/tool,"Public/provider evidence identifies the asset, but an exact package–schema–software pair is not published",https://www.gbdi.io/platform | https://www.gbdi.io/about,2026-08-22,Retain as an explicit public-information gap; do not infer a format from a web interface or software marketing claim.
DST-0109,LCA-REP-0007,AssessCCUS,Live 2026 repository,Provider/public access distribution; machine-readable package not publicly confirmed,Not publicly confirmed,Not publicly confirmed,https://assessccus.globalco2initiative.org/,Public/free access; licence or redistribution unclear or mixed,Item-specific publication and tool licences; Redistribution: Not publicly confirmed,Not publicly confirmed,No fee stated for at least one access route,Spreadsheet templates and external databases,Not publicly confirmed,Database to consumer software/tool,"Public/provider evidence identifies the asset, but an exact package–schema–software pair is not published",https://assessccus.globalco2initiative.org/ | https://assessccus.globalco2initiative.org/contact/,2026-08-22,Retain as an explicit public-information gap; do not infer a format from a web interface or software marketing claim.
DST-0110,LCA-REP-0009,product impact,Live beta platform,Provider/public access distribution; machine-readable package not publicly confirmed,Not publicly confirmed,Not publicly confirmed,https://productimpact.info/,Public/free access; licence or redistribution unclear or mixed,Source EPD/PCR and platform terms apply; Redistribution: Not publicly confirmed,Not publicly confirmed,No fee stated for at least one access route,Digital schemas are described in a pilot; public export/API not confirmed,Not publicly confirmed,Database to consumer software/tool,"Public/provider evidence identifies the asset, but an exact package–schema–software pair is not published",https://productimpact.info/ | https://productimpact.info/case-study/rain-jacket | https://productimpact.info/terms-of-use.pdf,2026-08-22,Retain as an explicit public-information gap; do not infer a format from a web interface or software marketing claim.
DST-0111,LCA-REP-0010,EPD Australasia EPD Database,Live database,Provider/public access distribution; machine-readable package not publicly confirmed,Not publicly confirmed,Not publicly confirmed,https://epd-australasia.com/epd-search/,Public/free access; licence or redistribution unclear or mixed,EPD and website terms; declaration-level rights vary; Redistribution: Not publicly confirmed,Not publicly confirmed,No fee stated for at least one access route,Not publicly confirmed,Not publicly confirmed,Database to consumer software/tool,"Public/provider evidence identifies the asset, but an exact package–schema–software pair is not published",https://epd-australasia.com/epd-search/ | https://epd-australasia.com/about-us/,2026-08-22,Retain as an explicit public-information gap; do not infer a format from a web interface or software marketing claim.
DST-0112,LCA-REP-0011,EPDItaly EPD Database,Live programme/database,Provider/public access distribution; machine-readable package not publicly confirmed,Not publicly confirmed,Not publicly confirmed,https://www.epditaly.it/,Public/free access; licence or redistribution unclear or mixed,EPD/programme-specific terms; declaration rights remain with their owners; Redistribution: Declaration/programme terms apply,Not required to browse published EPDs,No fee for public browsing; publication services are fee-based,Not publicly confirmed,Not publicly confirmed,Database to consumer software/tool,"Public/provider evidence identifies the asset, but an exact package–schema–software pair is not published",https://www.epditaly.it/ | https://www.epditaly.it/en/contatti/,2026-08-22,Retain as an explicit public-information gap; do not infer a format from a web interface or software marketing claim.
DST-0113,LCA-DB-0054,SICV Brasil,Live soda4LCA node; more than 200 inventories,Current public/provider distribution or access route,ILCD data model,Live soda4LCA node; more than 200 inventories,https://sicv.acv.ibict.br/,Public/free access; licence or redistribution unclear or mixed,Public/open-science access stated; exact collection-wide reuse licence not captured; Redistribution: Not publicly confirmed,No registration stated for public downloads,No fee,ILCD-supporting LCA software; exact release pairs not independently tested,Not publicly confirmed,Database to consumer software/tool,Public/authoritative programme evidence identifies the format family; exact release–software pair has not been independently tested,https://www.gov.br/ibict/pt-br/central-de-conteudos/noticias/2025/dezembro/cotea-ibict-apresenta-retrospectiva-2025-com-avancos-na-gestao-da-informacao-para-sustentabilidade-e-economia-circular | https://www.gov.br/ibict/pt-br/central-de-conteudos/noticias/2023/maio/sicv-brasil-amplia-sua-base-de-inventarios-do-ciclo-de-vida | https://helpdesk.lifecycleinitiative.org/distribution/data-formats/,2026-08-22,"Capture/download an unrestricted public package where available, then test import, validation and round-trip fidelity against explicit software releases."
DST-0114,LCA-DB-0055,Chinese Life Cycle Database,Current CLCD service line,Current public/provider distribution or access route,CLCD native model; current public provider page does not state the schema revision,Current CLCD service line,https://www.ike-global.com/,"Free access with registration, use restrictions, or third-party dependency",Provider/platform terms; no open-data licence identified; Redistribution: Not publicly confirmed,Account/platform use may be required,Free and paid service layers are described; exact CLCD package fee not confirmed,eBalance and eFootprint/WebLCA provider ecosystem,Not publicly confirmed,Database to consumer software/tool,"Public/provider evidence identifies the asset, but an exact package–schema–software pair is not published",https://www.ike-global.com/ | https://v2.efootprint.net/,2026-08-22,"Capture/download an unrestricted public package where available, then test import, validation and round-trip fidelity against explicit software releases."
DST-0115,LCA-DB-0056,Korea National Life Cycle Inventory Database,Current integrated national LCI database,Current public/provider distribution or access route,Not publicly confirmed,Current integrated national LCI database,https://www.keiti.re.kr/site/keiti/02/10202100000002023101610.jsp,"Free access with registration, use restrictions, or third-party dependency",Korean LCI DB and characterization factors may not be used commercially; Redistribution: Non-commercial restriction; further rights not publicly confirmed,EcoSquare account requirements not tested,No commercial use; fee not publicly confirmed,LCA software is used to link upstream/downstream flows; exact software and format pair not published on the reviewed official page,Not publicly confirmed,Database to consumer software/tool,"Public/provider evidence identifies the asset, but an exact package–schema–software pair is not published",https://www.keiti.re.kr/site/keiti/02/10202100000002023101610.jsp,2026-08-22,"Capture/download an unrestricted public package where available, then test import, validation and round-trip fidelity against explicit software releases."
DST-0116,LCA-DB-0057,Thai National Life Cycle Inventory Database,Current national database service,Current public/provider distribution or access route,ILCD data model,Current national database service,https://www.nstda-tiis.or.th/,Public/free access; licence or redistribution unclear or mixed,No collection-wide open-data licence captured; Redistribution: Not publicly confirmed,Not publicly confirmed,Not publicly confirmed,ILCD-supporting software; official sector documentation also references LCA software use without a public version matrix,Not publicly confirmed,Database to consumer software/tool,Public/authoritative programme evidence identifies the format family; exact release–software pair has not been independently tested,https://www.nstda.or.th/en/news/news-years-2019/mtec-nstda-and-pollution-control-department-to-promote-green-public-procurement.html | https://www.nstda.or.th/home/knowledge_post/nstda-tiis/ | https://helpdesk.lifecycleinitiative.org/distribution/data-formats/,2026-08-22,"Capture/download an unrestricted public package where available, then test import, validation and round-trip fidelity against explicit software releases."
DST-0117,LCA-DB-0058,Malaysia Life Cycle Inventory Database,Current MYLCID web service,Current public/provider distribution or access route,ILCD data model,Current MYLCID web service,https://mylcid.sirim.my/,Commercial/proprietary,Commercial SIRIM terms; Redistribution: Not publicly confirmed,Contact/purchase required for complete data,Purchase required for complete LCI datasets,ILCD-supporting LCA software; exact current software-version pair not public,Not publicly confirmed,Database to consumer software/tool,Public/authoritative programme evidence identifies the format family; exact release–software pair has not been independently tested,https://mylcid.sirim.my/ | https://www.mosti.gov.my/berita/pengkalan-data-inventori-kitaran-hayat-kebangsaan-my-lcid-dibangunkan-bagi-menilai-kesan-kitaran-hayat-produk-dan-perkhidmatan/ | https://helpdesk.lifecycleinitiative.org/distribution/data-formats/,2026-08-22,"Capture/download an unrestricted public package where available, then test import, validation and round-trip fidelity against explicit software releases."
DST-0118,LCA-DB-0059,PeruLCA,Current public website and dataset packages,Current public/provider distribution or access route,ecoSpold2 data model,Current public website and dataset packages,https://perulca.com/,Open licence confirmed for at least one official distribution,ecoinvent Association SRI Open Data License applies to identified project datasets; Redistribution: Subject to SRI Open Data License,No registration stated for the public project files reviewed,No fee stated,Software supporting ecoSpold2; exact package/software version pair not tested,Not publicly confirmed,Database to consumer software/tool,Public/authoritative programme evidence identifies the format family; exact release–software pair has not been independently tested,https://www.lifecycleinitiative.org/peru-lca-database-launched/ | https://perulca.com/ | https://helpdesk.lifecycleinitiative.org/distribution/data-formats/,2026-08-22,"Capture/download an unrestricted public package where available, then test import, validation and round-trip fidelity against explicit software releases."
DST-0119,LCA-DB-0060,CicloData,Live public platform; 49 datasets,Current public/provider distribution or access route,Not publicly confirmed,Live public platform; 49 datasets,https://ciclodata.cl/,"Free access with registration, use restrictions, or third-party dependency",Terms page is still under preparation; no operative open-data licence text captured; Redistribution: Not publicly confirmed,Required for download; not performed,No fee stated,Not publicly confirmed,Not publicly confirmed,Database to consumer software/tool,"Public/provider evidence identifies the asset, but an exact package–schema–software pair is not published",https://ciclodata.cl/ | https://ciclodata.cl/historia/ | https://ciclodata.cl/terminos-de-uso/,2026-08-22,"Capture/download an unrestricted public package where available, then test import, validation and round-trip fidelity against explicit software releases."
DST-0120,LCA-DB-0061,Quebec Life Cycle Inventory Database,Quebec datasets distributed within ecoinvent,Current public/provider distribution or access route,ecoinvent / ecoSpold2 data model,Quebec datasets distributed within ecoinvent,https://ciraig.org/index.php/project/quebec-life-cycle-inventory-database/,Commercial/proprietary,ecoinvent licence; Redistribution: ecoinvent licence restrictions,ecoinvent account/licence required,Commercial ecoinvent licence,Software supporting licensed ecoinvent distributions,Not publicly confirmed,Database to consumer software/tool,Public/authoritative programme evidence identifies the format family; exact release–software pair has not been independently tested,https://ciraig.org/index.php/project/quebec-life-cycle-inventory-database/ | https://www.environnement.gouv.qc.ca/infuseur/communique.asp?no=3037 | https://helpdesk.lifecycleinitiative.org/distribution/data-formats/,2026-08-22,"Capture/download an unrestricted public package where available, then test import, validation and round-trip fidelity against explicit software releases."
DST-0121,LCA-DB-0062,International Aluminium Institute Life Cycle Inventory Data,2019 LCI data v3,Current public/provider distribution or access route,Provider spreadsheet inventory and GaBi-based modelling; no public standard exchange schema stated,2019 LCI data v3,https://international-aluminium.org/resources/2019-life-cycle-inventory-lci-data-and-environmental-metrics/,Public/free access; licence or redistribution unclear or mixed,Publication/data terms not explicitly captured; Redistribution: Not publicly confirmed,No registration stated for the public attachments,No fee stated,Spreadsheet use; provider states GaBi background data/model was used,Not publicly confirmed,Database to consumer software/tool,"Public/provider evidence identifies the asset, but an exact package–schema–software pair is not published",https://international-aluminium.org/resources/2019-life-cycle-inventory-lci-data-and-environmental-metrics/,2026-08-22,"Capture/download an unrestricted public package where available, then test import, validation and round-trip fidelity against explicit software releases."
DST-0122,LCA-DB-0063,Nickel Institute Life Cycle Data,2024 report / 2021 reference-year datasets,Current public/provider distribution or access route,Not publicly confirmed,2024 report / 2021 reference-year datasets,https://nickelinstitute.org/en/sustainability/nickel-life-cycle-management/nickel-life-cycle-data,Public/free access; licence or redistribution unclear or mixed,Reuse and redistribution terms not publicly confirmed; Redistribution: Not publicly confirmed,No registration stated for public files; contact required for full report,No fee stated,Nickel Institute states that its data appear in major databases including GaBi and ELCD,Not publicly confirmed,Database to consumer software/tool,"Public/provider evidence identifies the asset, but an exact package–schema–software pair is not published",https://nickelinstitute.org/en/sustainability/nickel-life-cycle-management/nickel-life-cycle-data,2026-08-22,"Capture/download an unrestricted public package where available, then test import, validation and round-trip fidelity against explicit software releases."
DST-0123,LCA-DB-0064,International Zinc Association Life Cycle Inventory Data,2023 LCA update based on 2021 industry data,Current public/provider distribution or access route,Host-database-specific,2023 LCA update based on 2021 industry data,https://www.zinc.org/life-cycle-assessment/,Public/free access; licence or redistribution unclear or mixed,Host-database and publication-specific terms; Redistribution: Not publicly confirmed,Host-database conditions vary,Public report; host-database fees/terms vary,"ecoinvent-, GaBi- and EU PEF-compatible through host distributions",Not publicly confirmed,Database to consumer software/tool,"Public/provider evidence identifies the asset, but an exact package–schema–software pair is not published",https://www.zinc.org/life-cycle-assessment/,2026-08-22,"Capture/download an unrestricted public package where available, then test import, validation and round-trip fidelity against explicit software releases."
DST-0124,LCA-DB-0065,FEVE Container Glass Life Cycle Inventories,2019 production-data LCI set,Current public/provider distribution or access route,PEF-methodology inventory; exact exchange schema not stated publicly,2019 production-data LCI set,https://feve.org/glass-industry-positions/life-cycle-assessment/,Request/membership-mediated,Use and redistribution terms assigned through the request route; Redistribution: Not publicly confirmed,Request form required for full LCI,Not publicly confirmed,General LCA use stated; exact software/version pair not public,Not publicly confirmed,Database to consumer software/tool,"Public/provider evidence identifies the asset, but an exact package–schema–software pair is not published",https://feve.org/glass-industry-positions/life-cycle-assessment/ | https://feve.org/new-life-cycle-assessment-proves-industry-success-reducing-environmental-footprint/,2026-08-22,"Capture/download an unrestricted public package where available, then test import, validation and round-trip fidelity against explicit software releases."
DST-0125,LCA-DB-0066,Eurobitume Life Cycle Inventory,LCA 4.0,Current public/provider distribution or access route,ILCD data model,LCA 4.0,https://eurobitume.eu/bitumen-life-cycle-assessment/,Request/membership-mediated,Use terms not publicly confirmed before request; Redistribution: Not publicly confirmed,Request form required for the complete LCI,Not publicly confirmed,Software supporting ILCD; model built in Sphera LCA for Experts with MLC 2024.1,Not publicly confirmed,Database to consumer software/tool,Public/authoritative programme evidence identifies the format family; exact release–software pair has not been independently tested,https://eurobitume.eu/bitumen-life-cycle-assessment/,2026-08-22,"Capture/download an unrestricted public package where available, then test import, validation and round-trip fidelity against explicit software releases."
DST-0126,LCA-DB-0067,CORRIM Forestry and Forest Products LCI,Current library and Federal LCA Commons repository,Current public/provider distribution or access route,openLCA/Federal LCA Commons data model,Current library and Federal LCA Commons repository,https://corrim.org/lcas-on-wood-products-library/,Public/free access; licence or redistribution unclear or mixed,Federal LCA Commons states public/not restricted; dataset intended-use fields apply; Redistribution: Dataset-specific intended-use terms,No registration for public repository downloads,No fee,openLCA 1.x/2.x; other JSON-LD consumers require validation,Not publicly confirmed,Database to consumer software/tool,Public/authoritative programme evidence identifies the format family; exact release–software pair has not been independently tested,https://corrim.org/lcas-on-wood-products-library/ | https://www.lcacommons.gov/lca-collaboration/CORRIM/Forestry_and_forest_products,2026-08-22,"Capture/download an unrestricted public package where available, then test import, validation and round-trip fidelity against explicit software releases."
DST-0127,LCA-DB-0068,International Copper Association Life Cycle Inventory Data,2018 Copper Environmental Profile publication,Current public/provider distribution or access route,GaBi-modelled inventory; no public exchange schema stated,2018 Copper Environmental Profile publication,https://copperalliance.org/wp-content/uploads/2021/08/ICA-EnvironmentalProfileHESD-201803-FINAL-LOWRES-1.pdf,Public/free access; licence or redistribution unclear or mixed,Publication rights; standalone dataset rights not confirmed; Redistribution: Not publicly confirmed,No registration for the public report,No fee for public report,Provider states GaBi 2014 background databases were used,Not publicly confirmed,Database to consumer software/tool,"Public/provider evidence identifies the asset, but an exact package–schema–software pair is not published",https://copperalliance.org/wp-content/uploads/2021/08/ICA-EnvironmentalProfileHESD-201803-FINAL-LOWRES-1.pdf,2026-08-22,"Capture/download an unrestricted public package where available, then test import, validation and round-trip fidelity against explicit software releases."
DST-0128,LCA-DB-0069,GEMIS Model and Database,GEMIS 5.2,Current public/provider distribution or access route,Native GEMIS relational/process-chain model,GEMIS 5.2,https://iinas.org/downloads/gemis-downloads/,Open licence confirmed for at least one official distribution,Creative Commons terms stated by IINAS; exact CC variant should be captured from the package; Redistribution: Subject to the package's Creative Commons terms,No registration required; optional email registration for update notices,No fee,Native GEMIS software; data may be viewed/exported through GEMIS and related ProBas web routes,Not publicly confirmed,Database to consumer software/tool,"Public/provider evidence identifies the asset, but an exact package–schema–software pair is not published",https://iinas.org/downloads/gemis-downloads/ | https://iinas.org/en/work/gemis/,2026-08-22,"Capture/download an unrestricted public package where available, then test import, validation and round-trip fidelity against explicit software releases."
