software_record_id,asset_id,product_name,product_type,primary_function_id,primary_function,functional_capabilities,capabilities_original,unresolved_capability_labels,source_software_class,market_scope_status,owner,developer,operator_maintainer,actor_role_summary,role_assertion_count,unresolved_role_label_count,role_resolution_status,sector_scope,geographic_coverage,standard_associations,standard_association_basis,ecoinvent_directory_status,lifecycle_status,access_model,official_product_url,discovery_source,evidence_urls,confidence_level,classification_basis,reviewed_at
SWR-0001,LCA-SW-0001,SimaPro desktop edition,Software application or platform,SF-01,LCA/PCF modelling and calculation,Life cycle assessment modelling; Environmental data and calculation models,LCA; Domain calculation model,,,Qualifying PCF/LCA product or interoperability solution,One Click LCA Oy Ltd,PRé Sustainability B.V.,SimaPro B.V.,One Click LCA Oy Ltd (owner); PRé Sustainability B.V. (developer); SimaPro B.V. (operator/maintainer),3,0,Evidence-linked actors resolved,Cross-sector LCA modelling,Global user base claimed by provider,,,Listed in ecoinvent software tools directory at the evidence cut-off,Active,Commercial software plans; product information publicly accessible,https://simapro.com/software/desktop/,ecoinvent software tools partner directory,https://simapro.com/software/desktop/ ; https://support.simapro.com/en/articles/504757-release-notes-simapro-desktop ; https://support.simapro.com/en/collections/968883-simapro-desktop ; https://simapro.com/ ; https://ecoinvent.org/partners/?category=software-tools,High,Curated semantic alignment of the 2026-09-01 software-market review,2026-09-01
SWR-0002,LCA-SW-0002,Brightway,Software application or platform,SF-01,LCA/PCF modelling and calculation,Life cycle assessment modelling; PCF data exchange and interoperability; Environmental data and calculation models,LCA; Data exchange / conversion; Domain calculation model,,,Qualifying PCF/LCA product or interoperability solution,,Chris Mutel,,Chris Mutel (developer),1,2,Partial actor resolution,Cross-sector computational LCA,Global,,,Listed in ecoinvent software tools directory at the evidence cut-off,Active documentation and community,Public open-source software and documentation,https://docs.brightway.dev/en/latest/,ecoinvent software tools partner directory,https://docs.brightway.dev/en/latest/ ; https://support.ecoinvent.org/ecospold2 ; https://documentation.brightway.dev/en/latest/index.html ; https://ecoinvent.org/partners/?category=software-tools,High,Curated semantic alignment of the 2026-09-01 software-market review,2026-09-01
SWR-0003,LCA-SW-0003,openLCA,Software application or platform,SF-01,LCA/PCF modelling and calculation,Life cycle assessment modelling; PCF data exchange and interoperability; Environmental data and calculation models,LCA; Data exchange / conversion; Domain calculation model,,,Qualifying PCF/LCA product or interoperability solution,GreenDelta GmbH,GreenDelta GmbH,GreenDelta GmbH,GreenDelta GmbH (owner); GreenDelta GmbH (developer); GreenDelta GmbH (operator/maintainer),3,0,Evidence-linked actors resolved,Cross-sector LCA and sustainability modelling,Global,,,Listed in ecoinvent software tools directory at the evidence cut-off,Active,Free software download and public source code,https://www.openlca.org/,ecoinvent software tools partner directory,https://www.openlca.org/ ; https://www.openlca.org/about/ ; https://www.openlca.org/features/ ; https://www.openlca.org/download/ ; https://www.lcacommons.gov/flcac-resources ; https://nexus.openlca.org/ws/files/35296 ; https://greendelta.github.io/openLCA2-manual/resources/nexus.html ; https://ecoinvent.org/partners/?category=software-tools,High,Curated semantic alignment of the 2026-09-01 software-market review,2026-09-01
SWR-0004,LCA-SW-0004,One Click LCA,Sector-specific workflow application,SF-01,LCA/PCF modelling and calculation,Life cycle assessment modelling; EPD and environmental reporting; Environmental data and calculation models,LCA; EPD workflow; Domain calculation model,,,Qualifying PCF/LCA product or interoperability solution,One Click LCA Oy Ltd,One Click LCA Oy Ltd,One Click LCA Oy Ltd,One Click LCA Oy Ltd (owner); One Click LCA Oy Ltd (developer); One Click LCA Oy Ltd (operator/maintainer),3,0,Evidence-linked actors resolved,"Construction, infrastructure and manufacturing",Global; provider states users in 170+ countries,,,Listed in ecoinvent software tools directory at the evidence cut-off,Active; public release notes,Commercial plans and account-based trials,https://oneclicklca.com/en-us/,ecoinvent software tools partner directory,https://oneclicklca.com/en-us/ ; https://oneclicklca.com/en-us/company/about-us ; Not publicly confirmed ; https://oneclicklca.com/ ; https://ecoinvent.org/partners/?category=software-tools,High,Curated semantic alignment of the 2026-09-01 software-market review,2026-09-01
SWR-0005,LCA-SW-0005,Sphera LCA for Experts,Software application or platform,SF-01,LCA/PCF modelling and calculation,Life cycle assessment modelling; Environmental data and calculation models,LCA; Domain calculation model,,,Qualifying PCF/LCA product or interoperability solution,"Sphera Solutions, Inc.","Sphera Solutions, Inc.","Sphera Solutions, Inc.","Sphera Solutions, Inc. (owner); Sphera Solutions, Inc. (developer); Sphera Solutions, Inc. (operator/maintainer)",3,0,Evidence-linked actors resolved,Cross-sector product and corporate LCA,Global commercial product,,,Listed in ecoinvent software tools directory at the evidence cut-off,Active,Commercial software; trial/account workflows,https://sphera.com/solutions/product-stewardship/life-cycle-assessment-software-and-data/,ecoinvent software tools partner directory,https://sphera.com/solutions/product-stewardship/life-cycle-assessment-software-and-data/ ; Not publicly confirmed ; https://sphera.com/ ; https://ecoinvent.org/partners/?category=software-tools,High,Curated semantic alignment of the 2026-09-01 software-market review,2026-09-01
SWR-0006,LCA-SW-0007,R&D GREET,Sector-specific workflow application,SF-05,Data and systems integration,Environmental data and calculation models,Domain calculation model,,,"Existing broader LCA/PCF software, API, model, or workflow asset",U.S. Department of Energy,Argonne National Laboratory,Argonne National Laboratory,U.S. Department of Energy (owner); Argonne National Laboratory (developer); Argonne National Laboratory (operator/maintainer),3,0,Evidence-linked actors resolved,"Vehicles, fuels, chemicals, materials and energy systems",United States focus with many international technology pathways,,,,Active annual releases,Public model downloads in Excel and .NET forms,https://www.energy.gov/cmei/rd-greet-life-cycle-assessment-model,Prior Global LCA Asset inventory,https://www.energy.gov/cmei/rd-greet-life-cycle-assessment-model ; https://www.energy.gov/cmei/greet ; Not publicly confirmed,High,Curated semantic alignment of the existing evidence-linked software record,2026-09-01
SWR-0007,LCA-SW-0008,HESTIA Calculation Models,"API, library, or calculation model",SF-01,LCA/PCF modelling and calculation,Life cycle assessment modelling; Environmental data and calculation models,LCA; Domain calculation model,,,"Existing broader LCA/PCF software, API, model, or workflow asset",University of Oxford,University of Oxford,,University of Oxford (owner); University of Oxford (developer),2,1,Partial actor resolution,Agricultural and food-production cycles,Global modelling scope,,,,Active open-source project,Open-source packages and self-hosted Community Edition,https://www.hestia.earth/docs,Prior Global LCA Asset inventory,https://www.hestia.earth/docs ; https://www.hestia.earth/releases ; Not publicly confirmed,High,Curated semantic alignment of the existing evidence-linked software record,2026-09-01
SWR-0008,LCA-SW-0009,Ecochain LCA automation software,Software application or platform,SF-01,LCA/PCF modelling and calculation,Life cycle assessment modelling; Product carbon footprint calculation,LCA; PCF calculation,,,Qualifying PCF/LCA product or interoperability solution,Ecochain Technologies B.V.,Ecochain Technologies B.V.,Ecochain Technologies B.V.,Ecochain Technologies B.V. (owner); Ecochain Technologies B.V. (developer); Ecochain Technologies B.V. (operator/maintainer),3,0,Evidence-linked actors resolved,Cross-sector manufacturing and product portfolios,Global commercial use,WBCSD Partnership for Carbon Transparency (PACT) Technical Specifications — PACT Network directory listing,Authoritative network directory provenance,Listed in ecoinvent software tools directory at the evidence cut-off,Active with 2026 release notes,Commercial subscription and free trial,https://ecochain.com/product/,WBCSD PACT Network solution directory; ecoinvent software tools partner directory,https://ecochain.com/product/ ; https://helpcenter.ecochain.com/en/articles/9221283-mobius-release-notes ; Not publicly confirmed ; https://ecochain.com/mobius/ ; https://www.carbon-transparency.org/solutions/ecochain ; https://www.carbon-transparency.org/network ; https://ecochain.com/ ; https://ecoinvent.org/partners/?category=software-tools,High,Curated semantic alignment of the 2026-09-01 software-market review,2026-09-01
SWR-0009,LCA-SW-0010,LCA as Code,Software application or platform,SF-01,LCA/PCF modelling and calculation,Life cycle assessment modelling; PCF data exchange and interoperability; Environmental data and calculation models,LCA; Data exchange / conversion; Domain calculation model,,,"Existing broader LCA/PCF software, API, model, or workflow asset",,Kleis Technology,Kleis Technology,Kleis Technology (developer); Kleis Technology (operator/maintainer),2,1,Partial actor resolution,Cross-sector LCA models,Global technical scope,,,,Active public product/download page,Free functional JetBrains plugin; demo/contact for broader deployment,https://lca-as-code.com/,Prior Global LCA Asset inventory,https://lca-as-code.com/ ; Not publicly confirmed,High,Curated semantic alignment of the existing evidence-linked software record,2026-09-01
SWR-0010,LCA-SW-0011,LCAx toolkit,"API, library, or calculation model",SF-01,LCA/PCF modelling and calculation,Life cycle assessment modelling; EPD and environmental reporting; PCF data exchange and interoperability; API and enterprise integration; Environmental data and calculation models,LCA; EPD workflow; Data exchange / conversion; API / developer tooling; Domain calculation model,,,"Existing broader LCA/PCF software, API, model, or workflow asset",,Christian Kongsgaard,,Christian Kongsgaard (developer),1,2,Partial actor resolution,Building and construction LCA,Global technical scope,,,,Active,Public source and documentation,https://docs.lcax.org/,Prior Global LCA Asset inventory,https://docs.lcax.org/ ; https://github.com/ocni-dtu/lcax ; Not publicly confirmed,High,Curated semantic alignment of the existing evidence-linked software record,2026-09-01
SWR-0011,LCA-SW-0012,LCIA Formatter,"API, library, or calculation model",SF-01,LCA/PCF modelling and calculation,Life cycle assessment modelling; PCF data exchange and interoperability,LCA; Data exchange / conversion,,,"Existing broader LCA/PCF software, API, model, or workflow asset",U.S. Environmental Protection Agency,U.S. Environmental Protection Agency,Federal LCA Commons,U.S. Environmental Protection Agency (owner); U.S. Environmental Protection Agency (developer); Federal LCA Commons (operator/maintainer),3,0,Evidence-linked actors resolved,Cross-sector LCIA methods,Global method content with US federal reference-flow implementation,,,,Active operational ecosystem component,Public source repository and generated public methods,https://github.com/FLCAC-admin/LCIAformatter,Prior Global LCA Asset inventory,https://github.com/FLCAC-admin/LCIAformatter ; https://www.lcacommons.gov/lca-collaboration/Federal_LCA_Commons/ReCiPe ; Not publicly confirmed,High,Curated semantic alignment of the existing evidence-linked software record,2026-09-01
SWR-0012,LCA-SW-0013,soda4LCA,Software application or platform,SF-01,LCA/PCF modelling and calculation,Life cycle assessment modelling; PCF data exchange and interoperability,LCA; Data exchange / conversion,,,"Existing broader LCA/PCF software, API, model, or workflow asset",,Oliver Kusche Research & Consulting (OKWorx),Oliver Kusche Research & Consulting (OKWorx),Oliver Kusche Research & Consulting (OKWorx) (developer); Oliver Kusche Research & Consulting (OKWorx) (operator/maintainer),2,1,Partial actor resolution,Cross-sector LCI and LCIA datasets,Global technical scope,,,,Active open-source/service project,Public source concept and operated-node services; node policies vary,https://soda4lca.io/,Prior Global LCA Asset inventory,https://soda4lca.io/ ; https://data.probas.umweltbundesamt.de/ ; Not publicly confirmed,High,Curated semantic alignment of the existing evidence-linked software record,2026-09-01
SWR-0013,LCA-SW-0014,premise,Data exchange or interoperability service,SF-02,PCF data exchange and interoperability,PCF data exchange and interoperability; Environmental data and calculation models,Data exchange / conversion; Domain calculation model,,,"Existing broader LCA/PCF software, API, model, or workflow asset",,Paul Scherrer Institute; Potsdam Institute for Climate Impact Research,Paul Scherrer Institute,Paul Scherrer Institute (developer); Potsdam Institute for Climate Impact Research (developer); Paul Scherrer Institute (operator/maintainer),3,1,Partial actor resolution,"Energy, transport, fuels, industry and other mapped sectors",Global IAM scenarios and ecoinvent geography,,,,Active,Public source/Python package; ecoinvent licence and some IAM scenario keys are separate dependencies,https://premise.readthedocs.io/en/latest/,Prior Global LCA Asset inventory,https://premise.readthedocs.io/en/latest/ ; https://github.com/polca/premise ; https://premise.readthedocs.io/en/latest/introduction.html ; Not publicly confirmed,High,Curated semantic alignment of the existing evidence-linked software record,2026-09-01
SWR-0014,LCA-SW-0006,Lavoisier,Data exchange or interoperability service,SF-02,PCF data exchange and interoperability,PCF data exchange and interoperability; API and enterprise integration,Data exchange / conversion; API / developer tooling,,,"Existing broader LCA/PCF software, API, model, or workflow asset",,Federal University of Technology – Paraná (UTFPR),,Federal University of Technology – Paraná (UTFPR) (developer),1,2,Partial actor resolution,Cross-sector LCI datasets,Global technical scope; developed in Brazil,,,,"Public work in progress with source repository, tests and 2026 validation paper",Public source repository and Python package installation,https://github.com/JosePauloSavioli/Lavoisier,Prior Global LCA Asset inventory,https://github.com/JosePauloSavioli/Lavoisier ; https://doi.org/10.1007/s11367-026-02691-4 ; Not publicly confirmed,High,Curated semantic alignment of the existing evidence-linked software record,2026-09-01
SWR-0015,LCA-SW-0015,2050 Materials Sustainability Data API,"API, library, or calculation model",SF-03,EPD and environmental reporting workflow,EPD and environmental reporting; API and enterprise integration,EPD workflow; API / developer tooling,,,"Existing broader LCA/PCF software, API, model, or workflow asset",,2050 Materials,,2050 Materials (developer),1,2,Partial actor resolution,"Construction products, EPDs, generic materials and early-design embodied carbon",Global construction-product coverage; source-specific geography,,,,Active,Public documentation and code examples; API use requires a commercial or time-limited test account,https://2050-materials.com/sustainability-data-api/,Prior Global LCA Asset inventory,https://2050-materials.com/sustainability-data-api/ ; Not publicly confirmed,High,Curated semantic alignment of the existing evidence-linked software record,2026-09-01
SWR-0016,LCA-SW-0016,Climatiq Carbon Intelligence Platform,Software application or platform,SF-01,LCA/PCF modelling and calculation,Product carbon footprint calculation; PCF data exchange and interoperability; API and enterprise integration; Environmental data and calculation models,PCF calculation; Data exchange / conversion; API / developer tooling; Domain calculation model,,,"Existing broader LCA/PCF software, API, model, or workflow asset",,Climatiq GmbH,,Climatiq GmbH (developer),1,2,Partial actor resolution,"Cross-sector carbon factors, product footprints, freight and Scope 3",Global; provider states 300+ regions,,,,Active,Public methodology/API documentation; account or commercial plan for use,https://www.climatiq.io/,Prior Global LCA Asset inventory,https://www.climatiq.io/ ; Not publicly confirmed,High,Curated semantic alignment of the existing evidence-linked software record,2026-09-01
SWR-0017,LCA-SW-0017,Higg Index,Data exchange or interoperability service,SF-02,PCF data exchange and interoperability,PCF data exchange and interoperability,Data exchange / conversion,,,"Existing broader LCA/PCF software, API, model, or workflow asset",Cascale,,Worldly,Cascale (owner); Worldly (operator/maintainer),2,0,Evidence-linked actors resolved,"Apparel, footwear and consumer-goods value chains",Global user base,,,,Active; launched in 2011,Subscription access through Worldly; public descriptions and communication guidance,https://cascale.org/tools-programs/higg-index-tools/,Prior Global LCA Asset inventory,https://cascale.org/tools-programs/higg-index-tools/ ; Not publicly confirmed,High,Curated semantic alignment of the existing evidence-linked software record,2026-09-01
SWR-0018,LCA-SW-0018,Makersite,Sector-specific workflow application,SF-01,LCA/PCF modelling and calculation,Life cycle assessment modelling; Product carbon footprint calculation; PCF data exchange and interoperability; Corporate carbon accounting,LCA; PCF calculation; PCF exchange; CCF calculation,,,Qualifying PCF/LCA product or interoperability solution,Makersite GmbH,Makersite GmbH,Makersite GmbH,Makersite GmbH (owner); Makersite GmbH (developer); Makersite GmbH (operator/maintainer),3,0,Evidence-linked actors resolved,Manufactured products and materials across industries,Global enterprise supply chains,WBCSD Partnership for Carbon Transparency (PACT) Technical Specifications — PACT Network directory listing,Authoritative network directory provenance,Listed in ecoinvent software tools directory at the evidence cut-off,Active,Public product documentation; commercial demo/licence for use,https://makersite.io/,WBCSD PACT Network solution directory; ecoinvent software tools partner directory,https://makersite.io/ ; Not publicly confirmed ; https://makersite.com/ ; https://www.carbon-transparency.org/solutions/makersite ; https://www.carbon-transparency.org/network ; https://ecoinvent.org/partners/?category=software-tools,High,Curated semantic alignment of the 2026-09-01 software-market review,2026-09-01
SWR-0019,LCA-SW-0019,EOS — Environmental Operating System,Sector-specific workflow application,SF-01,LCA/PCF modelling and calculation,Life cycle assessment modelling; Environmental data and calculation models,LCA; Domain calculation model,,,"Existing broader LCA/PCF software, API, model, or workflow asset",,Eaternity,Eaternity,Eaternity (developer); Eaternity (operator/maintainer),2,1,Partial actor resolution,"Food ingredients, meals, diets and food systems",Global food-system research with dataset-specific coverage,,,,Active,Public documentation and source-code link; commercial Eaternity products are separate,https://eaternity.org/,Prior Global LCA Asset inventory,https://eaternity.org/ ; Not publicly confirmed,High,Curated semantic alignment of the existing evidence-linked software record,2026-09-01
SWR-0020,LCA-SW-0020,Matter PD,Software application or platform,SF-01,LCA/PCF modelling and calculation,Life cycle assessment modelling; Environmental data and calculation models,LCA; Domain calculation model,,,"Existing broader LCA/PCF software, API, model, or workflow asset",,EarthShift Global,EarthShift Global,EarthShift Global (developer); EarthShift Global (operator/maintainer),2,1,Partial actor resolution,Cross-sector product design,Global background data,,,,Active,Public feature pages; 14-day account-based trial and paid subscriptions,https://earthshiftglobal.com/matter-pd/,Prior Global LCA Asset inventory,https://earthshiftglobal.com/matter-pd/ ; Not publicly confirmed,High,Curated semantic alignment of the existing evidence-linked software record,2026-09-01
SWR-0021,LCA-SW-0021,PackageSmart,Sector-specific workflow application,SF-01,LCA/PCF modelling and calculation,Life cycle assessment modelling; Environmental data and calculation models,LCA; Domain calculation model,,,Qualifying PCF/LCA product or interoperability solution,,EarthShift Global,EarthShift Global,EarthShift Global (developer); EarthShift Global (operator/maintainer),2,1,Partial actor resolution,"Primary, secondary and tertiary packaging",International background data,,,Listed in ecoinvent software tools directory at the evidence cut-off,Active,Public product/tutorial pages; commercial account for use,https://earthshiftglobal.com/packagesmart,ecoinvent software tools partner directory,https://earthshiftglobal.com/packagesmart ; Not publicly confirmed ; https://ecoinvent.org/partners/?category=software-tools,High,Curated semantic alignment of the 2026-09-01 software-market review,2026-09-01
SWR-0022,LCA-SW-0022,PIQET,Sector-specific workflow application,SF-01,LCA/PCF modelling and calculation,Life cycle assessment modelling; Environmental data and calculation models,LCA; Domain calculation model,,,Qualifying PCF/LCA product or interoperability solution,PIQET Consortium,Lifecycles,Lifecycles,PIQET Consortium (owner); Lifecycles (developer); Lifecycles (operator/maintainer),3,0,Evidence-linked actors resolved,Packaging systems,Global applications with source-specific datasets,,,Listed in ecoinvent software tools directory at the evidence cut-off,Active,Public feature information; commercial licence/free trial requires account,https://piqet.com/,ecoinvent software tools partner directory,https://piqet.com/ ; Not publicly confirmed ; https://ecoinvent.org/partners/?category=software-tools,High,Curated semantic alignment of the 2026-09-01 software-market review,2026-09-01
SWR-0023,LCA-SW-0023,Real-Time LCA,Sector-specific workflow application,SF-01,LCA/PCF modelling and calculation,Life cycle assessment modelling; EPD and environmental reporting,LCA; EPD workflow,,,"Existing broader LCA/PCF software, API, model, or workflow asset",,,,No actor identity publicly resolved in this review,0,2,No resolved actor identity,Buildings and construction projects,Project-specific; international building use,,,,Active,Public documentation; activated account required for platform use,https://docs.realtimelca.com/,Prior Global LCA Asset inventory,https://docs.realtimelca.com/ ; Not publicly confirmed,Medium,Curated semantic alignment of the existing evidence-linked software record,2026-09-01
SWR-0024,LCA-SW-0024,VoLCA,Software application or platform,SF-01,LCA/PCF modelling and calculation,Life cycle assessment modelling; PCF data exchange and interoperability; Environmental data and calculation models,LCA; Data exchange / conversion; Domain calculation model,,,"Existing broader LCA/PCF software, API, model, or workflow asset",,,,No actor identity publicly resolved in this review,0,2,No resolved actor identity,Cross-sector LCI databases and LCIA calculations,Global technical scope,,,,Active,"Browser, desktop, self-hosted, API, Python, CLI and MCP options; public source link",https://www.volca.run/,Prior Global LCA Asset inventory,https://www.volca.run/ ; Not publicly confirmed,High,Curated semantic alignment of the existing evidence-linked software record,2026-09-01
SWR-0025,LCA-SW-0025,Capillar Sustainable Cloud,Software application or platform,SF-01,LCA/PCF modelling and calculation,Life cycle assessment modelling; Product carbon footprint calculation; EPD and environmental reporting; Environmental data and calculation models,LCA; PCF calculation; EPD workflow; Domain calculation model,,,"Existing broader LCA/PCF software, API, model, or workflow asset","Hangzhou Qinglvlan Environmental Digital Technology Co., Ltd.","Hangzhou Qinglvlan Environmental Digital Technology Co., Ltd.",,"Hangzhou Qinglvlan Environmental Digital Technology Co., Ltd. (owner); Hangzhou Qinglvlan Environmental Digital Technology Co., Ltd. (developer)",2,1,Partial actor resolution,Manufacturing products and supply chains,China-based with international-standard and supply-chain use cases,,,,Active,Public product description; trial/application required for use,https://www.lcapillar.com/,Prior Global LCA Asset inventory,https://www.lcapillar.com/ ; Not publicly confirmed,High,Curated semantic alignment of the existing evidence-linked software record,2026-09-01
SWR-0026,LCA-SW-0026,EcoSemantic,Software application or platform,SF-01,LCA/PCF modelling and calculation,Life cycle assessment modelling; Environmental data and calculation models,LCA; Domain calculation model,,,"Existing broader LCA/PCF software, API, model, or workflow asset",Kimel Tech SpA,Kimel Tech SpA,,Kimel Tech SpA (owner); Kimel Tech SpA (developer),2,1,Partial actor resolution,Cross-sector LCA modelling,Global technical use; ecoinvent geography,,,,Active,Public docs; account and usage credits for service,https://docs.ecosemantic.com/,Prior Global LCA Asset inventory,https://docs.ecosemantic.com/ ; Not publicly confirmed,High,Curated semantic alignment of the existing evidence-linked software record,2026-09-01
SWR-0027,LCA-SW-0027,LCA CARE Tool,Sector-specific workflow application,SF-01,LCA/PCF modelling and calculation,Life cycle assessment modelling,LCA,,,"Existing broader LCA/PCF software, API, model, or workflow asset",LCA CARE project consortium,LCA CARE project consortium,,LCA CARE project consortium (owner); LCA CARE project consortium (developer),2,1,Partial actor resolution,Agri-food SMEs,European partner countries with broader SME relevance,,,,Active project output,Free/open-access tool; login/account required for hosted use,https://lca-care.eu/lca-care-tool/,Prior Global LCA Asset inventory,https://lca-care.eu/lca-care-tool/ ; Not publicly confirmed,Medium,Curated semantic alignment of the existing evidence-linked software record,2026-09-01
SWR-0028,LCA-SW-0028,Brightway Firefly,Software application or platform,SF-01,LCA/PCF modelling and calculation,Life cycle assessment modelling; PCF data exchange and interoperability; Environmental data and calculation models,LCA; Data exchange / conversion; Domain calculation model,,,"Existing broader LCA/PCF software, API, model, or workflow asset",,Eaternity,Eaternity,Eaternity (developer); Eaternity (operator/maintainer),2,1,Partial actor resolution,Cross-sector LCA modelling,Global software scope,,,,Active,Public web application and desktop/open-source releases,https://brightway.eaternity.ch/,Prior Global LCA Asset inventory,https://brightway.eaternity.ch/ ; Not publicly confirmed,High,Curated semantic alignment of the existing evidence-linked software record,2026-09-01
SWR-0029,LCA-SW-0029,Agent Net Zero,Software application or platform,SF-01,LCA/PCF modelling and calculation,Life cycle assessment modelling; Environmental data and calculation models,LCA; Domain calculation model,,,"Existing broader LCA/PCF software, API, model, or workflow asset",,University of Sheffield; Advanced Manufacturing Research Centre (AMRC),,University of Sheffield (developer); Advanced Manufacturing Research Centre (AMRC) (developer),2,2,Partial actor resolution,Industrial products and operations,UK-led with general industrial scope,,,,Active development,Public metadata and demonstrations; current application use requires registration,https://agentnetzero.com/,Prior Global LCA Asset inventory,https://agentnetzero.com/ ; https://sheffield.ac.uk/mps/news/agent-net-zero-manchester-prize-finalist ; https://www.imperial.ac.uk/events/201345/agent-net-zero-lca-powered-by-ai/ ; Not publicly confirmed,Medium,Curated semantic alignment of the existing evidence-linked software record,2026-09-01
SWR-0030,LCA-SW-0030,DECiDE,Sector-specific workflow application,SF-01,LCA/PCF modelling and calculation,Life cycle assessment modelling; Product carbon footprint calculation,LCA; PCF calculation,,,"Existing broader LCA/PCF software, API, model, or workflow asset",,Walloon Agricultural Research Centre (CRA-W),Walloon Agricultural Research Centre (CRA-W),Walloon Agricultural Research Centre (CRA-W) (developer); Walloon Agricultural Research Centre (CRA-W) (operator/maintainer),2,1,Partial actor resolution,Farm production and agricultural practices,"Wallonia, Belgium",,,,Active,Public documentation; application requires an account,https://www.decide.cra.wallonie.be/,Prior Global LCA Asset inventory,https://www.decide.cra.wallonie.be/ ; https://www.decide.cra.wallonie.be/fr/about ; Not publicly confirmed,High,Curated semantic alignment of the existing evidence-linked software record,2026-09-01
SWR-0031,LCA-SW-0031,ESTIMATe,Sector-specific workflow application,SF-01,LCA/PCF modelling and calculation,Life cycle assessment modelling; Environmental data and calculation models,LCA; Domain calculation model,,,"Existing broader LCA/PCF software, API, model, or workflow asset",,RWTH Aachen University,,RWTH Aachen University (developer),1,2,Partial actor resolution,CCU chemicals and emerging carbon-management technologies,Global technology-assessment scope,,,,Available,Public tool metadata and Zenodo download; ecoinvent data supplied separately,https://assessccus.globalco2initiative.org/lca/templates-and-videos/,Prior Global LCA Asset inventory,https://assessccus.globalco2initiative.org/lca/templates-and-videos/ ; Not publicly confirmed,Medium,Curated semantic alignment of the existing evidence-linked software record,2026-09-01
SWR-0032,LCA-SW-0032,Green Gold Label GHG Tool,Software application or platform,SF-05,Data and systems integration,Environmental data and calculation models,Domain calculation model,,,"Existing broader LCA/PCF software, API, model, or workflow asset",Green Gold Label Foundation,Studio Gear Up,Green Gold Label Foundation,Green Gold Label Foundation (owner); Studio Gear Up (developer); Green Gold Label Foundation (operator/maintainer),3,0,Evidence-linked actors resolved,"Biomass production, processing, storage, logistics and energy conversion",European RED and Japanese FIT/FIP markets; wider biomass supply chains,,,,Active,Free download link after valid-email registration,https://greengoldlabel.com/ghg-tool,Prior Global LCA Asset inventory,https://greengoldlabel.com/ghg-tool ; Not publicly confirmed,High,Curated semantic alignment of the existing evidence-linked software record,2026-09-01
SWR-0033,LCA-SW-0033,MApper,Data exchange or interoperability service,SF-02,PCF data exchange and interoperability,PCF data exchange and interoperability,Data exchange / conversion,,,"Existing broader LCA/PCF software, API, model, or workflow asset",Leonardo Ferhati,Leonardo Ferhati,,Leonardo Ferhati (owner); Leonardo Ferhati (developer),2,1,Partial actor resolution,"Complex systems, value chains, energy and mobility research",Not publicly confirmed,,,,Pre-release/in development,Public descriptive metadata; access request required for use,https://mapper.leonardoferhati.com/,Prior Global LCA Asset inventory,https://mapper.leonardoferhati.com/ ; https://www.leonardoferhati.com/ ; Not publicly confirmed,Low,Curated semantic alignment of the existing evidence-linked software record,2026-09-01
SWR-0034,LCA-SW-0034,MATILDA,Sector-specific workflow application,SF-05,Data and systems integration,Environmental data and calculation models,Domain calculation model,,,"Existing broader LCA/PCF software, API, model, or workflow asset",,,,No actor identity publicly resolved in this review,0,2,No resolved actor identity,"Food consumption, diets and agricultural supply chains",165 countries; underlying trade model covers 187 regions,,,,Active public model and data portal,Public dashboard and open Zenodo data,https://matilda.food/,Prior Global LCA Asset inventory,https://matilda.food/ ; Not publicly confirmed,High,Curated semantic alignment of the existing evidence-linked software record,2026-09-01
SWR-0035,LCA-SW-0035,XYCLE,Sector-specific workflow application,SF-01,LCA/PCF modelling and calculation,Life cycle assessment modelling; Product carbon footprint calculation; Environmental data and calculation models,LCA; PCF calculation; Domain calculation model,,,"Existing broader LCA/PCF software, API, model, or workflow asset",Minviro Ltd,Minviro Ltd,Minviro Ltd,Minviro Ltd (owner); Minviro Ltd (developer); Minviro Ltd (operator/maintainer),3,0,Evidence-linked actors resolved,"Energy-transition materials, mining, refining, batteries and manufacturing",Global enterprise supply chains,,,,Active,"Public product documentation; demo, account or trial required for use",https://www.minviro.com/xycle,Prior Global LCA Asset inventory,https://www.minviro.com/xycle ; Not publicly confirmed,High,Curated semantic alignment of the existing evidence-linked software record,2026-09-01
SWR-0036,LCA-SW-0036,Theta LCA Software,Sector-specific workflow application,SF-01,LCA/PCF modelling and calculation,Life cycle assessment modelling; EPD and environmental reporting; PCF data exchange and interoperability; Environmental data and calculation models,LCA; EPD workflow; Data exchange / conversion; Domain calculation model,,,"Existing broader LCA/PCF software, API, model, or workflow asset","WAP Sustainability, LLC","WAP Sustainability, LLC","WAP Sustainability, LLC","WAP Sustainability, LLC (owner); WAP Sustainability, LLC (developer); WAP Sustainability, LLC (operator/maintainer)",3,0,Evidence-linked actors resolved,"Manufactured products, especially construction and EPD markets",Global product and EPD workflows,,,,Active,Public launch documentation; commercial use conditions not fully public,https://wapsustainability.com/2025/10/13/wap-sustainability-launches-omnichannel-lca-amp-epd-platform-built-on-openepd/,Prior Global LCA Asset inventory,https://wapsustainability.com/2025/10/13/wap-sustainability-launches-omnichannel-lca-amp-epd-platform-built-on-openepd/ ; Not publicly confirmed,High,Curated semantic alignment of the existing evidence-linked software record,2026-09-01
SWR-0037,LCA-SW-0037,epd.world,Sector-specific workflow application,SF-01,LCA/PCF modelling and calculation,Life cycle assessment modelling; EPD and environmental reporting; PCF data exchange and interoperability,LCA; EPD workflow; Data exchange / conversion,,,"Existing broader LCA/PCF software, API, model, or workflow asset","WAP Sustainability, LLC","WAP Sustainability, LLC","WAP Sustainability, LLC","WAP Sustainability, LLC (owner); WAP Sustainability, LLC (developer); WAP Sustainability, LLC (operator/maintainer)",3,0,Evidence-linked actors resolved,Construction and other EPD-reporting product sectors,Global EPD workflows,,,,Active,Public overview; account/commercial conditions apply,https://epd.world/,Prior Global LCA Asset inventory,https://epd.world/ ; https://wapsustainability.com/2025/10/13/wap-sustainability-launches-omnichannel-lca-amp-epd-platform-built-on-openepd/ ; Not publicly confirmed,High,Curated semantic alignment of the existing evidence-linked software record,2026-09-01
SWR-0038,LCA-SW-0038,Umberto,Software application or platform,SF-01,LCA/PCF modelling and calculation,Life cycle assessment modelling; Product carbon footprint calculation; EPD and environmental reporting; Environmental data and calculation models,LCA; PCF calculation; EPD workflow; Domain calculation model,,,Qualifying PCF/LCA product or interoperability solution,,iPoint-systems GmbH,iPoint-systems GmbH,iPoint-systems GmbH (developer); iPoint-systems GmbH (operator/maintainer),2,1,Partial actor resolution,Manufacturing and cross-sector product systems,Global users,,,Listed in ecoinvent software tools directory at the evidence cut-off,Active,Public product documentation and free-trial route; licence required for continued use,https://www.ipoint-systems.com/software/umberto/,ecoinvent software tools partner directory,https://www.ipoint-systems.com/software/umberto/ ; Not publicly confirmed ; https://ecoinvent.org/partners/?category=software-tools,High,Curated semantic alignment of the 2026-09-01 software-market review,2026-09-01
SWR-0039,LCA-SW-0039,Athena Building LCA,Sector-specific workflow application,SF-01,LCA/PCF modelling and calculation,Life cycle assessment modelling; Environmental data and calculation models,LCA; Domain calculation model,,,"Existing broader LCA/PCF software, API, model, or workflow asset",Athena Sustainable Materials Institute,Athena Sustainable Materials Institute,Athena Sustainable Materials Institute,Athena Sustainable Materials Institute (owner); Athena Sustainable Materials Institute (developer); Athena Sustainable Materials Institute (operator/maintainer),3,0,Evidence-linked actors resolved,"Whole buildings, construction materials and assemblies",North American building context,,,,Active beta,Free public web app; use conditions not fully reviewed,https://www.athenasmi.org/our-software-data/athena-building-lca/,Prior Global LCA Asset inventory,https://www.athenasmi.org/our-software-data/athena-building-lca/ ; Not publicly confirmed,Medium,Curated semantic alignment of the existing evidence-linked software record,2026-09-01
SWR-0040,LCA-SW-0040,Athena Impact Estimator for Buildings,Sector-specific workflow application,SF-01,LCA/PCF modelling and calculation,Life cycle assessment modelling,LCA,,,"Existing broader LCA/PCF software, API, model, or workflow asset",Athena Sustainable Materials Institute,Athena Sustainable Materials Institute,Athena Sustainable Materials Institute,Athena Sustainable Materials Institute (owner); Athena Sustainable Materials Institute (developer); Athena Sustainable Materials Institute (operator/maintainer),3,0,Evidence-linked actors resolved,"Buildings, structural and envelope assemblies",Canada and United States,,,,Active/maintained while next-generation tool is in beta,Free software and remote Mac access stated,https://www.athenasmi.org/our-software-data/impact-estimator/,Prior Global LCA Asset inventory,https://www.athenasmi.org/our-software-data/impact-estimator/ ; Not publicly confirmed,High,Curated semantic alignment of the existing evidence-linked software record,2026-09-01
SWR-0041,LCA-SW-0041,Athena Pavement LCA,Sector-specific workflow application,SF-01,LCA/PCF modelling and calculation,Life cycle assessment modelling,LCA,,,"Existing broader LCA/PCF software, API, model, or workflow asset",Athena Sustainable Materials Institute,Athena Sustainable Materials Institute,Athena Sustainable Materials Institute,Athena Sustainable Materials Institute (owner); Athena Sustainable Materials Institute (developer); Athena Sustainable Materials Institute (operator/maintainer),3,0,Evidence-linked actors resolved,"Roadways, pavements, materials, construction and maintenance",Canada and selected United States regions,,,,Active/publicly distributed,Free software package,https://www.athenasmi.org/our-software-data/pavement-lca/,Prior Global LCA Asset inventory,https://www.athenasmi.org/our-software-data/pavement-lca/ ; Not publicly confirmed,High,Curated semantic alignment of the existing evidence-linked software record,2026-09-01
SWR-0042,LCA-SW-0042,Automotive Life-Cycle Assessment Model,Software application or platform,SF-01,LCA/PCF modelling and calculation,Life cycle assessment modelling; Environmental data and calculation models,LCA; Domain calculation model,,,"Existing broader LCA/PCF software, API, model, or workflow asset",International Aluminium Institute; European Aluminium,International Aluminium Institute; European Aluminium,,International Aluminium Institute (owner); European Aluminium (owner); International Aluminium Institute (developer); European Aluminium (developer),4,1,Partial actor resolution,"Passenger vehicles, aluminium, steel and lightweighting",Global vehicle scenarios with region/country aluminium inputs,,,,Published tool; current maintenance not confirmed,Publicly described spreadsheet calculator; current download route requires confirmation,https://european-aluminium.eu/wp-content/uploads/2022/10/lma_jun_2019_p010_updated-automotive-lifecycle-assessment-model-launched-reprint-1.pdf,Prior Global LCA Asset inventory,https://european-aluminium.eu/wp-content/uploads/2022/10/lma_jun_2019_p010_updated-automotive-lifecycle-assessment-model-launched-reprint-1.pdf ; Not publicly confirmed,Medium,Curated semantic alignment of the existing evidence-linked software record,2026-09-01
SWR-0043,LCA-SW-0043,TIDAS Tools,Software application or platform,SF-01,LCA/PCF modelling and calculation,Life cycle assessment modelling; PCF data exchange and interoperability; API and enterprise integration,LCA; Data exchange / conversion; API / developer tooling,,,"Existing broader LCA/PCF software, API, model, or workflow asset",Tsinghua University,"TianGong LCA research team, Tsinghua University","TianGong LCA research team, Tsinghua University","Tsinghua University (owner); TianGong LCA research team, Tsinghua University (developer); TianGong LCA research team, Tsinghua University (operator/maintainer)",3,0,Evidence-linked actors resolved,Cross-sector LCA and carbon-footprint datasets,China-led open-source project with global technical use,,,,Active public repository and release line,Public source code and prebuilt release archives,https://github.com/tiangong-lca/tidas-tools,Prior Global LCA Asset inventory,https://github.com/tiangong-lca/tidas-tools ; https://github.com/tiangong-lca/tidas-tools/releases/tag/v0.2.0 ; https://github.com/tiangong-lca/tidas-tools/blob/v0.2.0/docs/agents/cli-contract.md ; https://github.com/tiangong-lca/tidas-tools/blob/v0.2.0/docs/agents/repo-validation.md,High,Curated semantic alignment of the existing evidence-linked software record,2026-09-01
SWR-0044,LCA-SW-0044,3DEXPERIENCE Platform,Software application or platform,SF-01,LCA/PCF modelling and calculation,Life cycle assessment modelling; Product carbon footprint calculation; Corporate carbon accounting,LCA; PCF calculation; CCF calculation,,,Qualifying PCF/LCA product or interoperability solution,,Dassault Systèmes,,Dassault Systèmes (developer),1,0,Evidence-linked actors resolved,Multi-sector or source-listed industries; exact scope not fully reviewed,Not publicly confirmed,WBCSD Partnership for Carbon Transparency (PACT) Technical Specifications — PACT Network directory listing,Authoritative network directory provenance,Listed in ecoinvent software tools directory at the evidence cut-off,Listed in WBCSD PACT Network solution directory or an official product page at the evidence cut-off,"Public product information; software access, price, and account requirements were not tested",https://www.3ds.com/sustainability,WBCSD PACT Network solution directory; ecoinvent software tools partner directory,https://www.3ds.com/sustainability ; https://www.carbon-transparency.org/solutions/3dexperience-platform ; https://www.carbon-transparency.org/network ; https://www.3ds.com/sustainability/circular-economy/eco-design/lifecycle-assessment ; https://ecoinvent.org/partners/?category=software-tools,High,Curated semantic alignment of the 2026-09-01 software-market review,2026-09-01
SWR-0045,LCA-SW-0045,Altruistiq,Software application or platform,SF-01,LCA/PCF modelling and calculation,Life cycle assessment modelling; Product carbon footprint calculation; Corporate carbon accounting,LCA; PCF calculation; CCF calculation,,,Qualifying PCF/LCA product or interoperability solution,,Expanding Circle Ltd (trading as Altruistiq),,Expanding Circle Ltd (trading as Altruistiq) (developer),1,0,Evidence-linked actors resolved,Multi-sector or source-listed industries; exact scope not fully reviewed,Not publicly confirmed,WBCSD Partnership for Carbon Transparency (PACT) Technical Specifications — PACT Network directory listing,Authoritative network directory provenance,,Listed in WBCSD PACT Network solution directory or an official product page at the evidence cut-off,"Public product information; software access, price, and account requirements were not tested",https://altruistiq.com/,WBCSD PACT Network solution directory,https://altruistiq.com/ ; https://www.carbon-transparency.org/solutions/altruistiq ; https://www.carbon-transparency.org/network,High,Curated semantic alignment of the 2026-09-01 software-market review,2026-09-01
SWR-0046,LCA-SW-0046,ASUENE,Software application or platform,SF-01,LCA/PCF modelling and calculation,Product carbon footprint calculation; Corporate carbon accounting,PCF calculation; CCF calculation,,,Qualifying PCF/LCA product or interoperability solution,,ASUENE Inc.,,ASUENE Inc. (developer),1,0,Evidence-linked actors resolved,Multi-sector or source-listed industries; exact scope not fully reviewed,Not publicly confirmed,WBCSD Partnership for Carbon Transparency (PACT) Technical Specifications — PACT Network directory listing,Authoritative network directory provenance,,Listed in WBCSD PACT Network solution directory or an official product page at the evidence cut-off,"Public product information; software access, price, and account requirements were not tested",https://earthene.com/,WBCSD PACT Network solution directory,https://earthene.com/ ; https://www.carbon-transparency.org/solutions/asuene ; https://www.carbon-transparency.org/network,High,Curated semantic alignment of the 2026-09-01 software-market review,2026-09-01
SWR-0047,LCA-SW-0047,ASUENE LCA,Software application or platform,SF-01,LCA/PCF modelling and calculation,Life cycle assessment modelling; Product carbon footprint calculation; PCF data exchange and interoperability,LCA; PCF calculation; PCF exchange,,,Qualifying PCF/LCA product or interoperability solution,,ASUENE Inc.,,ASUENE Inc. (developer),1,0,Evidence-linked actors resolved,Multi-sector or source-listed industries; exact scope not fully reviewed,Not publicly confirmed,WBCSD Partnership for Carbon Transparency (PACT) Technical Specifications — PACT Network directory listing,Authoritative network directory provenance,,Listed in WBCSD PACT Network solution directory or an official product page at the evidence cut-off,"Public product information; software access, price, and account requirements were not tested",https://asuene.com/lca/en,WBCSD PACT Network solution directory,https://asuene.com/lca/en ; https://www.carbon-transparency.org/solutions/asuene-lca ; https://www.carbon-transparency.org/network,High,Curated semantic alignment of the 2026-09-01 software-market review,2026-09-01
SWR-0048,LCA-SW-0048,ASUS ESG Carbon Data Management Platform,Software application or platform,SF-01,LCA/PCF modelling and calculation,Product carbon footprint calculation; Corporate carbon accounting,PCF calculation; CCF calculation,,,Qualifying PCF/LCA product or interoperability solution,,Taiwan Web Service Corporation,,Taiwan Web Service Corporation (developer),1,0,Evidence-linked actors resolved,Multi-sector or source-listed industries; exact scope not fully reviewed,Not publicly confirmed,WBCSD Partnership for Carbon Transparency (PACT) Technical Specifications — PACT Network directory listing,Authoritative network directory provenance,,Listed in WBCSD PACT Network solution directory or an official product page at the evidence cut-off,"Public product information; software access, price, and account requirements were not tested",https://asus.aplusesg.com,WBCSD PACT Network solution directory,https://asus.aplusesg.com ; https://www.carbon-transparency.org/solutions/asus-esg-carbon-data-management-platform ; https://www.carbon-transparency.org/network,High,Curated semantic alignment of the 2026-09-01 software-market review,2026-09-01
SWR-0049,LCA-SW-0049,Atma.io,Software application or platform,SF-01,LCA/PCF modelling and calculation,Life cycle assessment modelling; Product carbon footprint calculation; Supplier and product data management,LCA; PCF calculation; traceability,,,Qualifying PCF/LCA product or interoperability solution,,Avery Dennison Corporation,,Avery Dennison Corporation (developer),1,0,Evidence-linked actors resolved,Multi-sector or source-listed industries; exact scope not fully reviewed,Not publicly confirmed,WBCSD Partnership for Carbon Transparency (PACT) Technical Specifications — PACT Network directory listing,Authoritative network directory provenance,,Listed in WBCSD PACT Network solution directory or an official product page at the evidence cut-off,"Public product information; software access, price, and account requirements were not tested",https://www.atma.io/,WBCSD PACT Network solution directory,https://www.atma.io/ ; https://www.carbon-transparency.org/solutions/atma-io ; https://www.carbon-transparency.org/network,High,Curated semantic alignment of the 2026-09-01 software-market review,2026-09-01
SWR-0050,LCA-SW-0050,BACUTI Enterprise Edition,Software application or platform,SF-01,LCA/PCF modelling and calculation,Life cycle assessment modelling; Product carbon footprint calculation; Corporate carbon accounting,LCA; PCF calculation; CCF calculation,,,Qualifying PCF/LCA product or interoperability solution,,BACUTI,,BACUTI (developer),1,0,Evidence-linked actors resolved,Multi-sector or source-listed industries; exact scope not fully reviewed,Not publicly confirmed,WBCSD Partnership for Carbon Transparency (PACT) Technical Specifications — PACT Network directory listing,Authoritative network directory provenance,,Listed in WBCSD PACT Network solution directory or an official product page at the evidence cut-off,"Public product information; software access, price, and account requirements were not tested",https://www.bacuti.com,WBCSD PACT Network solution directory,https://www.bacuti.com ; https://www.carbon-transparency.org/solutions/bacuti-enterprise-edition ; https://www.carbon-transparency.org/network,High,Curated semantic alignment of the 2026-09-01 software-market review,2026-09-01
SWR-0051,LCA-SW-0051,booost Sustainability PCF module,Software application or platform,SF-01,LCA/PCF modelling and calculation,Product carbon footprint calculation; Corporate carbon accounting,PCF calculation; CCF calculation,,,Qualifying PCF/LCA product or interoperability solution,,"Booost, Inc.",,"Booost, Inc. (developer)",1,0,Evidence-linked actors resolved,Multi-sector or source-listed industries; exact scope not fully reviewed,Not publicly confirmed,WBCSD Partnership for Carbon Transparency (PACT) Technical Specifications — PACT Network directory listing,Authoritative network directory provenance,,Listed in WBCSD PACT Network solution directory or an official product page at the evidence cut-off,"Public product information; software access, price, and account requirements were not tested",https://booost-tech.com,WBCSD PACT Network solution directory,https://booost-tech.com ; https://www.carbon-transparency.org/solutions/booost-inc ; https://www.carbon-transparency.org/network,High,Curated semantic alignment of the 2026-09-01 software-market review,2026-09-01
SWR-0052,LCA-SW-0052,carbmee EIS,Software application or platform,SF-01,LCA/PCF modelling and calculation,Life cycle assessment modelling; Product carbon footprint calculation; Corporate carbon accounting,LCA; PCF calculation; CCF calculation,,,Qualifying PCF/LCA product or interoperability solution,,carbmee,,carbmee (developer),1,0,Evidence-linked actors resolved,Multi-sector or source-listed industries; exact scope not fully reviewed,Not publicly confirmed,WBCSD Partnership for Carbon Transparency (PACT) Technical Specifications — PACT Network directory listing,Authoritative network directory provenance,Listed in ecoinvent software tools directory at the evidence cut-off,Listed in WBCSD PACT Network solution directory or an official product page at the evidence cut-off,"Public product information; software access, price, and account requirements were not tested",https://www.carbmee.com,WBCSD PACT Network solution directory; ecoinvent software tools partner directory,https://www.carbmee.com ; https://www.carbon-transparency.org/solutions/carbmee ; https://www.carbon-transparency.org/network ; https://www.carbmee.com/ ; https://ecoinvent.org/partners/?category=software-tools,High,Curated semantic alignment of the 2026-09-01 software-market review,2026-09-01
SWR-0053,LCA-SW-0053,Carboledger,Data exchange or interoperability service,SF-02,PCF data exchange and interoperability,PCF data exchange and interoperability; Supplier and product data management,PCF exchange; supplier data collection,,PCF data exchange / interoperability,Qualifying PCF/LCA product or interoperability solution,,Carboledger Inc.,,Carboledger Inc. (developer),1,0,Evidence-linked actors resolved,Multi-sector or source-listed industries; exact scope not fully reviewed,Not publicly confirmed,WBCSD Partnership for Carbon Transparency (PACT) Technical Specifications — PACT Network directory listing,Authoritative network directory provenance,,Listed in WBCSD PACT Network solution directory or an official product page at the evidence cut-off,"Public product information; software access, price, and account requirements were not tested",https://www.carboledger.com,WBCSD PACT Network solution directory,https://www.carboledger.com ; https://www.carbon-transparency.org/solutions/carboledger ; https://www.carbon-transparency.org/network,High,Curated semantic alignment of the 2026-09-01 software-market review,2026-09-01
SWR-0054,LCA-SW-0054,Carbon Maps,Sector-specific workflow application,SF-01,LCA/PCF modelling and calculation,Life cycle assessment modelling; Product carbon footprint calculation; PCF data exchange and interoperability; Corporate carbon accounting,LCA; PCF calculation; PCF exchange; CCF calculation,,,Qualifying PCF/LCA product or interoperability solution,,Carbon Maps SAS,,Carbon Maps SAS (developer),1,0,Evidence-linked actors resolved,"Food, agriculture, consumer goods and retail",Not publicly confirmed,WBCSD Partnership for Carbon Transparency (PACT) Technical Specifications — PACT Network directory listing,Authoritative network directory provenance,,Listed in WBCSD PACT Network solution directory or an official product page at the evidence cut-off,"Public product information; software access, price, and account requirements were not tested",https://www.carbonmaps.io/,WBCSD PACT Network solution directory,https://www.carbonmaps.io/ ; https://www.carbon-transparency.org/solutions/carbon-maps ; https://www.carbon-transparency.org/network,High,Curated semantic alignment of the 2026-09-01 software-market review,2026-09-01
SWR-0055,LCA-SW-0055,Carbon Trail,Software application or platform,SF-01,LCA/PCF modelling and calculation,Life cycle assessment modelling; Product carbon footprint calculation; Corporate carbon accounting,LCA; PCF calculation; CCF calculation,,,Qualifying PCF/LCA product or interoperability solution,,CarbonTrail Tech LLP,,CarbonTrail Tech LLP (developer),1,0,Evidence-linked actors resolved,Fashion and retail,Not publicly confirmed,WBCSD Partnership for Carbon Transparency (PACT) Technical Specifications — PACT Network directory listing,Authoritative network directory provenance,,Listed in WBCSD PACT Network solution directory or an official product page at the evidence cut-off,"Public product information; software access, price, and account requirements were not tested",https://carbontrail.net,WBCSD PACT Network solution directory,https://carbontrail.net ; https://www.carbon-transparency.org/solutions/carbon-trail ; https://www.carbon-transparency.org/network,High,Curated semantic alignment of the 2026-09-01 software-market review,2026-09-01
SWR-0056,LCA-SW-0056,CarbonBlock,Software application or platform,SF-01,LCA/PCF modelling and calculation,Product carbon footprint calculation; PCF data exchange and interoperability; Supplier and product data management,PCF calculation; PCF exchange; supplier data collection,,,Qualifying PCF/LCA product or interoperability solution,,CircularTree,,CircularTree (developer),1,0,Evidence-linked actors resolved,Multi-sector or source-listed industries; exact scope not fully reviewed,Not publicly confirmed,WBCSD Partnership for Carbon Transparency (PACT) Technical Specifications — PACT Network directory listing,Authoritative network directory provenance,,Listed in WBCSD PACT Network solution directory or an official product page at the evidence cut-off,"Public product information; software access, price, and account requirements were not tested",https://circulartree.com/carbonblock/,WBCSD PACT Network solution directory,https://circulartree.com/carbonblock/ ; https://www.carbon-transparency.org/solutions/carbonblock ; https://www.carbon-transparency.org/network,High,Curated semantic alignment of the 2026-09-01 software-market review,2026-09-01
SWR-0057,LCA-SW-0057,CarbonBright,Software application or platform,SF-01,LCA/PCF modelling and calculation,Life cycle assessment modelling; Product carbon footprint calculation; PCF data exchange and interoperability,LCA; PCF calculation; PCF exchange,,,Qualifying PCF/LCA product or interoperability solution,,CarbonBright AI,,CarbonBright AI (developer),1,0,Evidence-linked actors resolved,Multi-sector or source-listed industries; exact scope not fully reviewed,Not publicly confirmed,WBCSD Partnership for Carbon Transparency (PACT) Technical Specifications — PACT Network directory listing,Authoritative network directory provenance,,Listed in WBCSD PACT Network solution directory or an official product page at the evidence cut-off,"Public product information; software access, price, and account requirements were not tested",https://carbonbright.co,WBCSD PACT Network solution directory,https://carbonbright.co ; https://www.carbon-transparency.org/solutions/carbonbright ; https://www.carbon-transparency.org/network,High,Curated semantic alignment of the 2026-09-01 software-market review,2026-09-01
SWR-0058,LCA-SW-0058,CARBONIX,Software application or platform,SF-01,LCA/PCF modelling and calculation,Life cycle assessment modelling; Product carbon footprint calculation; Corporate carbon accounting,LCA; PCF calculation; CCF calculation,,,Qualifying PCF/LCA product or interoperability solution,,Sustech,,Sustech (developer),1,0,Evidence-linked actors resolved,Multi-sector or source-listed industries; exact scope not fully reviewed,Not publicly confirmed,WBCSD Partnership for Carbon Transparency (PACT) Technical Specifications — PACT Network directory listing,Authoritative network directory provenance,,Listed in WBCSD PACT Network solution directory or an official product page at the evidence cut-off,"Public product information; software access, price, and account requirements were not tested",https://sustech-inc.co.jp/carbonix/,WBCSD PACT Network solution directory,https://sustech-inc.co.jp/carbonix/ ; https://www.carbon-transparency.org/solutions/carbonix ; https://www.carbon-transparency.org/network,High,Curated semantic alignment of the 2026-09-01 software-market review,2026-09-01
SWR-0059,LCA-SW-0059,CarbonStar,Software application or platform,SF-01,LCA/PCF modelling and calculation,Life cycle assessment modelling; Product carbon footprint calculation; Corporate carbon accounting,LCA; PCF calculation; CCF calculation,,,Qualifying PCF/LCA product or interoperability solution,,Startrust,,Startrust (developer),1,0,Evidence-linked actors resolved,Multi-sector or source-listed industries; exact scope not fully reviewed,Not publicly confirmed,WBCSD Partnership for Carbon Transparency (PACT) Technical Specifications — PACT Network directory listing,Authoritative network directory provenance,,Listed in WBCSD PACT Network solution directory or an official product page at the evidence cut-off,"Public product information; software access, price, and account requirements were not tested",https://sites.google.com/view/startrustsystem-en,WBCSD PACT Network solution directory,https://sites.google.com/view/startrustsystem-en ; https://www.carbon-transparency.org/solutions/carbonstar ; https://www.carbon-transparency.org/network,High,Curated semantic alignment of the 2026-09-01 software-market review,2026-09-01
SWR-0060,LCA-SW-0060,ClimateCamp,Software application or platform,SF-01,LCA/PCF modelling and calculation,Product carbon footprint calculation; Corporate carbon accounting; Supplier and product data management,PCF calculation; CCF calculation; supplier data collection,,,Qualifying PCF/LCA product or interoperability solution,,ClimateCamp BV,,ClimateCamp BV (developer),1,0,Evidence-linked actors resolved,Multi-sector or source-listed industries; exact scope not fully reviewed,Not publicly confirmed,WBCSD Partnership for Carbon Transparency (PACT) Technical Specifications — PACT Network directory listing,Authoritative network directory provenance,,Listed in WBCSD PACT Network solution directory or an official product page at the evidence cut-off,"Public product information; software access, price, and account requirements were not tested",https://climatecamp.io/,WBCSD PACT Network solution directory,https://climatecamp.io/ ; https://www.carbon-transparency.org/solutions/climatecamp ; https://www.carbon-transparency.org/network,High,Curated semantic alignment of the 2026-09-01 software-market review,2026-09-01
SWR-0061,LCA-SW-0061,ClimatePoint Eco Report Builder,Software application or platform,SF-01,LCA/PCF modelling and calculation,Life cycle assessment modelling; Product carbon footprint calculation; PCF data exchange and interoperability,LCA; PCF calculation; PCF exchange,,,Qualifying PCF/LCA product or interoperability solution,,ClimatePoint,,ClimatePoint (developer),1,0,Evidence-linked actors resolved,Multi-sector or source-listed industries; exact scope not fully reviewed,Not publicly confirmed,WBCSD Partnership for Carbon Transparency (PACT) Technical Specifications — PACT Network directory listing,Authoritative network directory provenance,,Listed in WBCSD PACT Network solution directory or an official product page at the evidence cut-off,"Public product information; software access, price, and account requirements were not tested",https://www.climatepoint.com/,WBCSD PACT Network solution directory,https://www.climatepoint.com/ ; https://www.carbon-transparency.org/solutions/climatepoint ; https://www.carbon-transparency.org/network,High,Curated semantic alignment of the 2026-09-01 software-market review,2026-09-01
SWR-0062,LCA-SW-0062,Microsoft Cloud for Sustainability PACT connector,Data exchange or interoperability service,SF-02,PCF data exchange and interoperability,PCF data exchange and interoperability; API and enterprise integration,PCF exchange; API / connector,,PCF data exchange / interoperability,Qualifying PCF/LCA product or interoperability solution,,Microsoft,,Microsoft (developer),1,0,Evidence-linked actors resolved,Multi-sector or source-listed industries; exact scope not fully reviewed,Not publicly confirmed,WBCSD Partnership for Carbon Transparency (PACT) Technical Specifications — PACT Network directory listing,Authoritative network directory provenance,,Listed in WBCSD PACT Network solution directory or an official product page at the evidence cut-off,"Public product information; software access, price, and account requirements were not tested",https://www.microsoft.com/en-us/sustainability/cloud,WBCSD PACT Network solution directory,https://www.microsoft.com/en-us/sustainability/cloud ; https://www.carbon-transparency.org/solutions/cloud-for-sustainability ; https://www.carbon-transparency.org/network,High,Curated semantic alignment of the 2026-09-01 software-market review,2026-09-01
SWR-0063,LCA-SW-0063,CO2 AI,Software application or platform,SF-01,LCA/PCF modelling and calculation,Product carbon footprint calculation; Corporate carbon accounting; Supplier and product data management,PCF calculation; CCF calculation; supplier data collection,,,Qualifying PCF/LCA product or interoperability solution,,CO2 AI SAS,,CO2 AI SAS (developer),1,0,Evidence-linked actors resolved,Multi-sector or source-listed industries; exact scope not fully reviewed,Not publicly confirmed,WBCSD Partnership for Carbon Transparency (PACT) Technical Specifications — PACT Network directory listing,Authoritative network directory provenance,,Listed in WBCSD PACT Network solution directory or an official product page at the evidence cut-off,"Public product information; software access, price, and account requirements were not tested",https://www.co2ai.com/,WBCSD PACT Network solution directory,https://www.co2ai.com/ ; https://www.carbon-transparency.org/solutions/co2-ai ; https://www.carbon-transparency.org/network,High,Curated semantic alignment of the 2026-09-01 software-market review,2026-09-01
SWR-0064,LCA-SW-0064,CUCON,Software application or platform,SF-01,LCA/PCF modelling and calculation,Product carbon footprint calculation; PCF data exchange and interoperability; Supplier and product data management,PCF calculation; PCF exchange; data collaboration,,PCF data exchange / interoperability,Qualifying PCF/LCA product or interoperability solution,,Uhuru Corporation,,Uhuru Corporation (developer),1,0,Evidence-linked actors resolved,Multi-sector or source-listed industries; exact scope not fully reviewed,Not publicly confirmed,WBCSD Partnership for Carbon Transparency (PACT) Technical Specifications — PACT Network directory listing,Authoritative network directory provenance,,Listed in WBCSD PACT Network solution directory or an official product page at the evidence cut-off,"Public product information; software access, price, and account requirements were not tested",https://uhuru.co.jp/library/articles/cucon_smartsupplychain/,WBCSD PACT Network solution directory,https://uhuru.co.jp/library/articles/cucon_smartsupplychain/ ; https://www.carbon-transparency.org/solutions/cucon ; https://www.carbon-transparency.org/network,High,Curated semantic alignment of the 2026-09-01 software-market review,2026-09-01
SWR-0065,LCA-SW-0065,DelZer0,Software application or platform,SF-01,LCA/PCF modelling and calculation,Life cycle assessment modelling; Product carbon footprint calculation; PCF data exchange and interoperability; Corporate carbon accounting,LCA; PCF calculation; PCF exchange; CCF calculation,,,Qualifying PCF/LCA product or interoperability solution,,Delta Electronics,,Delta Electronics (developer),1,0,Evidence-linked actors resolved,Multi-sector or source-listed industries; exact scope not fully reviewed,Not publicly confirmed,WBCSD Partnership for Carbon Transparency (PACT) Technical Specifications — PACT Network directory listing,Authoritative network directory provenance,,Listed in WBCSD PACT Network solution directory or an official product page at the evidence cut-off,"Public product information; software access, price, and account requirements were not tested",http://www.delzer0.com/,WBCSD PACT Network solution directory,http://www.delzer0.com/ ; https://www.carbon-transparency.org/solutions/delzer0 ; https://www.carbon-transparency.org/network,High,Curated semantic alignment of the 2026-09-01 software-market review,2026-09-01
SWR-0066,LCA-SW-0066,Digital Sustainability Cloud (DSC),Software application or platform,SF-01,LCA/PCF modelling and calculation,Product carbon footprint calculation; PCF data exchange and interoperability,PCF calculation; PCF exchange,,,Qualifying PCF/LCA product or interoperability solution,,"Institute for Information Industry, Digital Transformation Research Institute",,"Institute for Information Industry, Digital Transformation Research Institute (developer)",1,0,Evidence-linked actors resolved,Multi-sector or source-listed industries; exact scope not fully reviewed,Not publicly confirmed,WBCSD Partnership for Carbon Transparency (PACT) Technical Specifications — PACT Network directory listing,Authoritative network directory provenance,,Listed in WBCSD PACT Network solution directory or an official product page at the evidence cut-off,"Public product information; software access, price, and account requirements were not tested",https://www.dsce.com.tw/,WBCSD PACT Network solution directory,https://www.dsce.com.tw/ ; https://www.carbon-transparency.org/solutions/digital-sustainability-cloud-dsc ; https://www.carbon-transparency.org/network,High,Curated semantic alignment of the 2026-09-01 software-market review,2026-09-01
SWR-0067,LCA-SW-0067,EmVide,Software application or platform,SF-01,LCA/PCF modelling and calculation,Life cycle assessment modelling; Product carbon footprint calculation,LCA; PCF calculation,,,Qualifying PCF/LCA product or interoperability solution,,Riskoa Ltd,,Riskoa Ltd (developer),1,0,Evidence-linked actors resolved,Multi-sector or source-listed industries; exact scope not fully reviewed,Not publicly confirmed,WBCSD Partnership for Carbon Transparency (PACT) Technical Specifications — PACT Network directory listing,Authoritative network directory provenance,,Listed in WBCSD PACT Network solution directory or an official product page at the evidence cut-off,"Public product information; software access, price, and account requirements were not tested",https://emvide.com/,WBCSD PACT Network solution directory,https://emvide.com/ ; https://www.carbon-transparency.org/solutions/emvide ; https://www.carbon-transparency.org/network,High,Curated semantic alignment of the 2026-09-01 software-market review,2026-09-01
SWR-0068,LCA-SW-0068,ESGpedia Nexus,Software application or platform,SF-01,LCA/PCF modelling and calculation,Product carbon footprint calculation; PCF data exchange and interoperability; Corporate carbon accounting,PCF calculation; PCF exchange; CCF calculation,,,Qualifying PCF/LCA product or interoperability solution,,ESGpedia Pte Ltd,,ESGpedia Pte Ltd (developer),1,0,Evidence-linked actors resolved,Multi-sector or source-listed industries; exact scope not fully reviewed,Not publicly confirmed,WBCSD Partnership for Carbon Transparency (PACT) Technical Specifications — PACT Network directory listing,Authoritative network directory provenance,,Listed in WBCSD PACT Network solution directory or an official product page at the evidence cut-off,"Public product information; software access, price, and account requirements were not tested",https://esgpedia.io/platform-nexus,WBCSD PACT Network solution directory,https://esgpedia.io/platform-nexus ; https://www.carbon-transparency.org/solutions/esgpedia ; https://www.carbon-transparency.org/network,High,Curated semantic alignment of the 2026-09-01 software-market review,2026-09-01
SWR-0069,LCA-SW-0069,Evalue8 Sustainability,Software application or platform,SF-01,LCA/PCF modelling and calculation,Life cycle assessment modelling; Product carbon footprint calculation; PCF data exchange and interoperability; Corporate carbon accounting,LCA; PCF calculation; PCF exchange; CCF calculation,,,Qualifying PCF/LCA product or interoperability solution,,Evalue8 Sustainability Pty Ltd,,Evalue8 Sustainability Pty Ltd (developer),1,0,Evidence-linked actors resolved,Multi-sector or source-listed industries; exact scope not fully reviewed,Not publicly confirmed,WBCSD Partnership for Carbon Transparency (PACT) Technical Specifications — PACT Network directory listing,Authoritative network directory provenance,,Listed in WBCSD PACT Network solution directory or an official product page at the evidence cut-off,"Public product information; software access, price, and account requirements were not tested",https://evalue8.net/,WBCSD PACT Network solution directory,https://evalue8.net/ ; https://www.carbon-transparency.org/solutions/evalue8-sustainability ; https://www.carbon-transparency.org/network,High,Curated semantic alignment of the 2026-09-01 software-market review,2026-09-01
SWR-0070,LCA-SW-0070,Fitsol,Software application or platform,SF-01,LCA/PCF modelling and calculation,Life cycle assessment modelling; Product carbon footprint calculation; Corporate carbon accounting,LCA; PCF calculation; CCF calculation,,,Qualifying PCF/LCA product or interoperability solution,,Fitsol Limited,,Fitsol Limited (developer),1,0,Evidence-linked actors resolved,Multi-sector or source-listed industries; exact scope not fully reviewed,Not publicly confirmed,WBCSD Partnership for Carbon Transparency (PACT) Technical Specifications — PACT Network directory listing,Authoritative network directory provenance,,Listed in WBCSD PACT Network solution directory or an official product page at the evidence cut-off,"Public product information; software access, price, and account requirements were not tested",https://fitsol.green/,WBCSD PACT Network solution directory,https://fitsol.green/ ; https://www.carbon-transparency.org/solutions/fitsol ; https://www.carbon-transparency.org/network,High,Curated semantic alignment of the 2026-09-01 software-market review,2026-09-01
SWR-0071,LCA-SW-0071,Formist,Software application or platform,SF-01,LCA/PCF modelling and calculation,Life cycle assessment modelling; Product carbon footprint calculation; PCF data exchange and interoperability; Corporate carbon accounting,LCA; PCF calculation; PCF exchange; CCF calculation,,,Qualifying PCF/LCA product or interoperability solution,,WeCarbon Technology Ltd,,WeCarbon Technology Ltd (developer),1,0,Evidence-linked actors resolved,Multi-sector or source-listed industries; exact scope not fully reviewed,Not publicly confirmed,WBCSD Partnership for Carbon Transparency (PACT) Technical Specifications — PACT Network directory listing,Authoritative network directory provenance,,Listed in WBCSD PACT Network solution directory or an official product page at the evidence cut-off,"Public product information; software access, price, and account requirements were not tested",https://formist.ai,WBCSD PACT Network solution directory,https://formist.ai ; https://www.carbon-transparency.org/solutions/formist ; https://www.carbon-transparency.org/network,High,Curated semantic alignment of the 2026-09-01 software-market review,2026-09-01
SWR-0072,LCA-SW-0072,Fujitsu Track and Trust,Software application or platform,SF-01,LCA/PCF modelling and calculation,Product carbon footprint calculation; Corporate carbon accounting; Supplier and product data management,PCF calculation; CCF calculation; traceability,,,Qualifying PCF/LCA product or interoperability solution,,Fujitsu Limited,,Fujitsu Limited (developer),1,0,Evidence-linked actors resolved,Multi-sector or source-listed industries; exact scope not fully reviewed,Not publicly confirmed,WBCSD Partnership for Carbon Transparency (PACT) Technical Specifications — PACT Network directory listing,Authoritative network directory provenance,,Listed in WBCSD PACT Network solution directory or an official product page at the evidence cut-off,"Public product information; software access, price, and account requirements were not tested",https://www.fujitsu.com/global/about/resources/news/press-releases/2023/0913-01.html,WBCSD PACT Network solution directory,https://www.fujitsu.com/global/about/resources/news/press-releases/2023/0913-01.html ; https://www.carbon-transparency.org/solutions/fujitsu-track-and-trust ; https://www.carbon-transparency.org/network,High,Curated semantic alignment of the 2026-09-01 software-market review,2026-09-01
SWR-0073,LCA-SW-0073,GIC — Green Industry Cloud,Software application or platform,SF-01,LCA/PCF modelling and calculation,Product carbon footprint calculation; Corporate carbon accounting; Supplier and product data management,PCF calculation; CCF calculation; supplier data collection,,,Qualifying PCF/LCA product or interoperability solution,,Wormhole Technologies Inc.,,Wormhole Technologies Inc. (developer),1,0,Evidence-linked actors resolved,Multi-sector or source-listed industries; exact scope not fully reviewed,Not publicly confirmed,WBCSD Partnership for Carbon Transparency (PACT) Technical Specifications — PACT Network directory listing,Authoritative network directory provenance,,Listed in WBCSD PACT Network solution directory or an official product page at the evidence cut-off,"Public product information; software access, price, and account requirements were not tested",http://wmholetech.com/en/index_en.html,WBCSD PACT Network solution directory,http://wmholetech.com/en/index_en.html ; https://www.carbon-transparency.org/solutions/gic-green-industry-cloud ; https://www.carbon-transparency.org/network,High,Curated semantic alignment of the 2026-09-01 software-market review,2026-09-01
SWR-0074,LCA-SW-0074,GreenStitch.io,Sector-specific workflow application,SF-01,LCA/PCF modelling and calculation,Life cycle assessment modelling; Product carbon footprint calculation; Corporate carbon accounting,LCA; PCF calculation; CCF calculation,,,Qualifying PCF/LCA product or interoperability solution,,GreenStitch Technologies PVT LTD,,GreenStitch Technologies PVT LTD (developer),1,0,Evidence-linked actors resolved,Textile and apparel,Not publicly confirmed,WBCSD Partnership for Carbon Transparency (PACT) Technical Specifications — PACT Network directory listing,Authoritative network directory provenance,,Listed in WBCSD PACT Network solution directory or an official product page at the evidence cut-off,"Public product information; software access, price, and account requirements were not tested",https://greenstitch.io/,WBCSD PACT Network solution directory,https://greenstitch.io/ ; https://www.carbon-transparency.org/solutions/greenstitch-io ; https://www.carbon-transparency.org/network,High,Curated semantic alignment of the 2026-09-01 software-market review,2026-09-01
SWR-0075,LCA-SW-0075,HowGood Latis,Sector-specific workflow application,SF-01,LCA/PCF modelling and calculation,Life cycle assessment modelling; Product carbon footprint calculation; PCF data exchange and interoperability; Corporate carbon accounting,LCA; PCF calculation; PCF exchange; CCF calculation,,,Qualifying PCF/LCA product or interoperability solution,,HowGood,,HowGood (developer),1,0,Evidence-linked actors resolved,"Food, agriculture and consumer products",Not publicly confirmed,WBCSD Partnership for Carbon Transparency (PACT) Technical Specifications — PACT Network directory listing,Authoritative network directory provenance,,Listed in WBCSD PACT Network solution directory or an official product page at the evidence cut-off,"Public product information; software access, price, and account requirements were not tested",https://howgood.com,WBCSD PACT Network solution directory,https://howgood.com ; https://www.carbon-transparency.org/solutions/howgood ; https://www.carbon-transparency.org/network,High,Curated semantic alignment of the 2026-09-01 software-market review,2026-09-01
SWR-0076,LCA-SW-0076,Mattermaps,Software application or platform,SF-01,LCA/PCF modelling and calculation,Product carbon footprint calculation; PCF data exchange and interoperability; Supplier and product data management,PCF calculation; PCF exchange; supplier data collection,,PCF data exchange / interoperability,Qualifying PCF/LCA product or interoperability solution,,Makersite GmbH,,Makersite GmbH (developer),1,0,Evidence-linked actors resolved,Multi-sector or source-listed industries; exact scope not fully reviewed,Not publicly confirmed,WBCSD Partnership for Carbon Transparency (PACT) Technical Specifications — PACT Network directory listing,Authoritative network directory provenance,,Listed in WBCSD PACT Network solution directory or an official product page at the evidence cut-off,"Public product information; software access, price, and account requirements were not tested",https://www.mattermaps.com/,WBCSD PACT Network solution directory,https://www.mattermaps.com/ ; https://www.carbon-transparency.org/solutions/mattermaps ; https://www.carbon-transparency.org/network,High,Curated semantic alignment of the 2026-09-01 software-market review,2026-09-01
SWR-0077,LCA-SW-0077,Muir Platform,Software application or platform,SF-01,LCA/PCF modelling and calculation,Product carbon footprint calculation; PCF data exchange and interoperability; Supplier and product data management,PCF calculation; PCF exchange; supplier data collection,,,Qualifying PCF/LCA product or interoperability solution,,Muir AI,,Muir AI (developer),1,0,Evidence-linked actors resolved,Multi-sector or source-listed industries; exact scope not fully reviewed,Not publicly confirmed,WBCSD Partnership for Carbon Transparency (PACT) Technical Specifications — PACT Network directory listing,Authoritative network directory provenance,,Listed in WBCSD PACT Network solution directory or an official product page at the evidence cut-off,"Public product information; software access, price, and account requirements were not tested",https://www.muir.ai/,WBCSD PACT Network solution directory,https://www.muir.ai/ ; https://www.carbon-transparency.org/solutions/muir-platform ; https://www.carbon-transparency.org/network,High,Curated semantic alignment of the 2026-09-01 software-market review,2026-09-01
SWR-0078,LCA-SW-0078,Nuoa.io,Software application or platform,SF-01,LCA/PCF modelling and calculation,Product carbon footprint calculation; PCF data exchange and interoperability; Corporate carbon accounting,PCF calculation; PCF exchange; CCF calculation,,,Qualifying PCF/LCA product or interoperability solution,,,,No actor identity publicly resolved in this review,0,1,No resolved actor identity,Multi-sector or source-listed industries; exact scope not fully reviewed,Not publicly confirmed,WBCSD Partnership for Carbon Transparency (PACT) Technical Specifications — PACT Network directory listing,Authoritative network directory provenance,,Listed in WBCSD PACT Network solution directory or an official product page at the evidence cut-off,"Public product information; software access, price, and account requirements were not tested",https://nuoa.io,WBCSD PACT Network solution directory,https://nuoa.io ; https://www.carbon-transparency.org/solutions/nuoa-io ; https://www.carbon-transparency.org/network,High,Curated semantic alignment of the 2026-09-01 software-market review,2026-09-01
SWR-0079,LCA-SW-0079,Optchain Carbon Tracking,Software application or platform,SF-01,LCA/PCF modelling and calculation,Life cycle assessment modelling; Product carbon footprint calculation; Corporate carbon accounting; Supplier and product data management,LCA; PCF calculation; CCF calculation; traceability,,,Qualifying PCF/LCA product or interoperability solution,,Optel Group,,Optel Group (developer),1,0,Evidence-linked actors resolved,Multi-sector or source-listed industries; exact scope not fully reviewed,Not publicly confirmed,WBCSD Partnership for Carbon Transparency (PACT) Technical Specifications — PACT Network directory listing,Authoritative network directory provenance,,Listed in WBCSD PACT Network solution directory or an official product page at the evidence cut-off,"Public product information; software access, price, and account requirements were not tested",https://www.optelgroup.com/,WBCSD PACT Network solution directory,https://www.optelgroup.com/ ; https://www.carbon-transparency.org/solutions/optchain-carbon-tracking ; https://www.carbon-transparency.org/network,High,Curated semantic alignment of the 2026-09-01 software-market review,2026-09-01
SWR-0080,LCA-SW-0080,Planet FWD,Sector-specific workflow application,SF-01,LCA/PCF modelling and calculation,Life cycle assessment modelling; Product carbon footprint calculation; Corporate carbon accounting,LCA; PCF calculation; CCF calculation,,,Qualifying PCF/LCA product or interoperability solution,,PlanetFWD Inc.,,PlanetFWD Inc. (developer),1,0,Evidence-linked actors resolved,Food and consumer products,Not publicly confirmed,WBCSD Partnership for Carbon Transparency (PACT) Technical Specifications — PACT Network directory listing,Authoritative network directory provenance,,Listed in WBCSD PACT Network solution directory or an official product page at the evidence cut-off,"Public product information; software access, price, and account requirements were not tested",https://www.planetfwd.com,WBCSD PACT Network solution directory,https://www.planetfwd.com ; https://www.carbon-transparency.org/solutions/planet-fwd ; https://www.carbon-transparency.org/network,High,Curated semantic alignment of the 2026-09-01 software-market review,2026-09-01
SWR-0081,LCA-SW-0081,SAP Sustainability Data Exchange,Data exchange or interoperability service,SF-02,PCF data exchange and interoperability,PCF data exchange and interoperability,PCF exchange,,PCF data exchange / interoperability,Qualifying PCF/LCA product or interoperability solution,,SAP,,SAP (developer),1,0,Evidence-linked actors resolved,Multi-sector or source-listed industries; exact scope not fully reviewed,Not publicly confirmed,WBCSD Partnership for Carbon Transparency (PACT) Technical Specifications — PACT Network directory listing,Authoritative network directory provenance,,Listed in WBCSD PACT Network solution directory or an official product page at the evidence cut-off,"Public product information; software access, price, and account requirements were not tested",https://www.sap.com/products/business-network/sustainability-data-exchange.html,WBCSD PACT Network solution directory,https://www.sap.com/products/business-network/sustainability-data-exchange.html ; https://www.carbon-transparency.org/solutions/sap-sustainability-data-exchange ; https://www.carbon-transparency.org/network,High,Curated semantic alignment of the 2026-09-01 software-market review,2026-09-01
SWR-0082,LCA-SW-0082,Sluicebox,Software application or platform,SF-01,LCA/PCF modelling and calculation,Life cycle assessment modelling; Product carbon footprint calculation; PCF data exchange and interoperability; Corporate carbon accounting,LCA; PCF calculation; PCF exchange; CCF calculation,,,Qualifying PCF/LCA product or interoperability solution,,"Sluicebox, Inc.",,"Sluicebox, Inc. (developer)",1,0,Evidence-linked actors resolved,Multi-sector or source-listed industries; exact scope not fully reviewed,Not publicly confirmed,WBCSD Partnership for Carbon Transparency (PACT) Technical Specifications — PACT Network directory listing,Authoritative network directory provenance,,Listed in WBCSD PACT Network solution directory or an official product page at the evidence cut-off,"Public product information; software access, price, and account requirements were not tested",https://www.sluicebox.ai/,WBCSD PACT Network solution directory,https://www.sluicebox.ai/ ; https://www.carbon-transparency.org/solutions/sluicebox ; https://www.carbon-transparency.org/network,High,Curated semantic alignment of the 2026-09-01 software-market review,2026-09-01
SWR-0083,LCA-SW-0083,SmartTradzt Carbon Emission,Software application or platform,SF-01,LCA/PCF modelling and calculation,Life cycle assessment modelling; Product carbon footprint calculation; Corporate carbon accounting,LCA; PCF calculation; CCF calculation,,,Qualifying PCF/LCA product or interoperability solution,,Smart Tradzt,,Smart Tradzt (developer),1,0,Evidence-linked actors resolved,Multi-sector or source-listed industries; exact scope not fully reviewed,Not publicly confirmed,WBCSD Partnership for Carbon Transparency (PACT) Technical Specifications — PACT Network directory listing,Authoritative network directory provenance,,Listed in WBCSD PACT Network solution directory or an official product page at the evidence cut-off,"Public product information; software access, price, and account requirements were not tested",https://www.smarttradzt.com/carbon-emission/,WBCSD PACT Network solution directory,https://www.smarttradzt.com/carbon-emission/ ; https://www.carbon-transparency.org/solutions/smarttradzt ; https://www.carbon-transparency.org/network,High,Curated semantic alignment of the 2026-09-01 software-market review,2026-09-01
SWR-0084,LCA-SW-0084,Terralytiq,Software application or platform,SF-01,LCA/PCF modelling and calculation,Product carbon footprint calculation; Corporate carbon accounting; Supplier and product data management,PCF calculation; CCF calculation; supplier data collection,,,Qualifying PCF/LCA product or interoperability solution,,,,No actor identity publicly resolved in this review,0,1,No resolved actor identity,Multi-sector or source-listed industries; exact scope not fully reviewed,Not publicly confirmed,WBCSD Partnership for Carbon Transparency (PACT) Technical Specifications — PACT Network directory listing,Authoritative network directory provenance,,Listed in WBCSD PACT Network solution directory or an official product page at the evidence cut-off,"Public product information; software access, price, and account requirements were not tested",https://www.terralytiq.com/,WBCSD PACT Network solution directory,https://www.terralytiq.com/ ; https://www.carbon-transparency.org/solutions/terralytiq ; https://www.carbon-transparency.org/network,High,Curated semantic alignment of the 2026-09-01 software-market review,2026-09-01
SWR-0085,LCA-SW-0085,Terrascope,Software application or platform,SF-01,LCA/PCF modelling and calculation,Product carbon footprint calculation; PCF data exchange and interoperability; Corporate carbon accounting,PCF calculation; PCF exchange; CCF calculation,,,Qualifying PCF/LCA product or interoperability solution,,Terrascope Pte. Ltd.,,Terrascope Pte. Ltd. (developer),1,0,Evidence-linked actors resolved,Multi-sector or source-listed industries; exact scope not fully reviewed,Not publicly confirmed,WBCSD Partnership for Carbon Transparency (PACT) Technical Specifications — PACT Network directory listing,Authoritative network directory provenance,,Listed in WBCSD PACT Network solution directory or an official product page at the evidence cut-off,"Public product information; software access, price, and account requirements were not tested",https://www.terrascope.com/,WBCSD PACT Network solution directory,https://www.terrascope.com/ ; https://www.carbon-transparency.org/solutions/terrascope ; https://www.carbon-transparency.org/network,High,Curated semantic alignment of the 2026-09-01 software-market review,2026-09-01
SWR-0086,LCA-SW-0086,TrueCarbon,Software application or platform,SF-01,LCA/PCF modelling and calculation,Product carbon footprint calculation; Corporate carbon accounting,PCF calculation; CCF calculation,,,Qualifying PCF/LCA product or interoperability solution,,Cirrus Nexus,,Cirrus Nexus (developer),1,0,Evidence-linked actors resolved,Multi-sector or source-listed industries; exact scope not fully reviewed,Not publicly confirmed,WBCSD Partnership for Carbon Transparency (PACT) Technical Specifications — PACT Network directory listing,Authoritative network directory provenance,,Listed in WBCSD PACT Network solution directory or an official product page at the evidence cut-off,"Public product information; software access, price, and account requirements were not tested",https://www.cirrus-nexus.com/truecarbon,WBCSD PACT Network solution directory,https://www.cirrus-nexus.com/truecarbon ; https://www.carbon-transparency.org/solutions/truecarbon-tm ; https://www.carbon-transparency.org/network,High,Curated semantic alignment of the 2026-09-01 software-market review,2026-09-01
SWR-0087,LCA-SW-0087,TT Green,Software application or platform,SF-01,LCA/PCF modelling and calculation,Product carbon footprint calculation; Corporate carbon accounting; Supplier and product data management,PCF calculation; CCF calculation; supplier data collection,,,Qualifying PCF/LCA product or interoperability solution,,InnoBlock Technology Ltd,,InnoBlock Technology Ltd (developer),1,0,Evidence-linked actors resolved,Multi-sector or source-listed industries; exact scope not fully reviewed,Not publicly confirmed,WBCSD Partnership for Carbon Transparency (PACT) Technical Specifications — PACT Network directory listing,Authoritative network directory provenance,,Listed in WBCSD PACT Network solution directory or an official product page at the evidence cut-off,"Public product information; software access, price, and account requirements were not tested",https://www.tt-green.com,WBCSD PACT Network solution directory,https://www.tt-green.com ; https://www.carbon-transparency.org/solutions/tt-green ; https://www.carbon-transparency.org/network,High,Curated semantic alignment of the 2026-09-01 software-market review,2026-09-01
SWR-0088,LCA-SW-0088,Variable,Software application or platform,SF-01,LCA/PCF modelling and calculation,Life cycle assessment modelling; Product carbon footprint calculation; Corporate carbon accounting,LCA; PCF calculation; CCF calculation,,,Qualifying PCF/LCA product or interoperability solution,,,,No actor identity publicly resolved in this review,0,1,No resolved actor identity,Multi-sector or source-listed industries; exact scope not fully reviewed,Not publicly confirmed,WBCSD Partnership for Carbon Transparency (PACT) Technical Specifications — PACT Network directory listing,Authoritative network directory provenance,,Listed in WBCSD PACT Network solution directory or an official product page at the evidence cut-off,"Public product information; software access, price, and account requirements were not tested",https://variable.co/,WBCSD PACT Network solution directory,https://variable.co/ ; https://www.carbon-transparency.org/solutions/variable ; https://www.carbon-transparency.org/network,High,Curated semantic alignment of the 2026-09-01 software-market review,2026-09-01
SWR-0089,LCA-SW-0089,YuzeData,Software application or platform,SF-01,LCA/PCF modelling and calculation,Product carbon footprint calculation; Corporate carbon accounting; Supplier and product data management,PCF calculation; CCF calculation; traceability,,,Qualifying PCF/LCA product or interoperability solution,,YuzeData Inc.,,YuzeData Inc. (developer),1,0,Evidence-linked actors resolved,Multi-sector or source-listed industries; exact scope not fully reviewed,Not publicly confirmed,WBCSD Partnership for Carbon Transparency (PACT) Technical Specifications — PACT Network directory listing,Authoritative network directory provenance,,Listed in WBCSD PACT Network solution directory or an official product page at the evidence cut-off,"Public product information; software access, price, and account requirements were not tested",https://www.yuzedata.com/,WBCSD PACT Network solution directory,https://www.yuzedata.com/ ; https://www.carbon-transparency.org/solutions/yuzedata ; https://www.carbon-transparency.org/network,High,Curated semantic alignment of the 2026-09-01 software-market review,2026-09-01
SWR-0090,LCA-SW-0090,ZeroTwentyFifty,Software application or platform,SF-01,LCA/PCF modelling and calculation,Product carbon footprint calculation; PCF data exchange and interoperability,PCF calculation; PCF exchange,,,Qualifying PCF/LCA product or interoperability solution,,,,No actor identity publicly resolved in this review,0,1,No resolved actor identity,Multi-sector or source-listed industries; exact scope not fully reviewed,Not publicly confirmed,WBCSD Partnership for Carbon Transparency (PACT) Technical Specifications — PACT Network directory listing,Authoritative network directory provenance,,Listed in WBCSD PACT Network solution directory or an official product page at the evidence cut-off,"Public product information; software access, price, and account requirements were not tested",https://www.zerotwentyfifty.com/solutions/zerotwentyfifty,WBCSD PACT Network solution directory,https://www.zerotwentyfifty.com/solutions/zerotwentyfifty ; https://www.carbon-transparency.org/solutions/zerotwentyfifty ; https://www.carbon-transparency.org/network,High,Curated semantic alignment of the 2026-09-01 software-market review,2026-09-01
SWR-0091,LCA-SW-0091,Air.e HdC,Software application or platform,SF-01,LCA/PCF modelling and calculation,Product carbon footprint calculation; Corporate carbon accounting; Life cycle assessment modelling,PCF calculation; CCF calculation; life-cycle approach,,PCF calculation / carbon management,Qualifying PCF/LCA product or interoperability solution,,Solid Forest,,Solid Forest (developer),1,0,Evidence-linked actors resolved,Multi-sector,Not publicly confirmed,,,Listed in ecoinvent software tools directory at the evidence cut-off,Listed in ecoinvent software tools partner directory or an official product page at the evidence cut-off,"Public product information; software access, price, and account requirements were not tested",https://www.solidforest.com/,ecoinvent software tools partner directory,https://www.solidforest.com/ ; https://ecoinvent.org/partners/?category=software-tools,High,Curated semantic alignment of the 2026-09-01 software-market review,2026-09-01
SWR-0092,LCA-SW-0092,Air.e LCA,Software application or platform,SF-01,LCA/PCF modelling and calculation,Life cycle assessment modelling,LCA,,Professional LCA modelling,Qualifying PCF/LCA product or interoperability solution,,Solid Forest,,Solid Forest (developer),1,0,Evidence-linked actors resolved,Multi-sector,Not publicly confirmed,,,Listed in ecoinvent software tools directory at the evidence cut-off,Listed in ecoinvent software tools partner directory or an official product page at the evidence cut-off,"Public product information; software access, price, and account requirements were not tested",https://www.solidforest.com/,ecoinvent software tools partner directory,https://www.solidforest.com/ ; https://ecoinvent.org/partners/?category=software-tools,High,Curated semantic alignment of the 2026-09-01 software-market review,2026-09-01
SWR-0093,LCA-SW-0093,Ansys Granta,Sector-specific workflow application,SF-01,LCA/PCF modelling and calculation,Life cycle assessment modelling; Environmental data and calculation models; Eco-design and scenario analysis,environmental impact assessment; materials data; eco-design,,LCA / eco-design support,Qualifying PCF/LCA product or interoperability solution,,Ansys,,Ansys (developer),1,0,Evidence-linked actors resolved,Materials and product design,Not publicly confirmed,,,Listed in ecoinvent software tools directory at the evidence cut-off,Listed in ecoinvent software tools partner directory or an official product page at the evidence cut-off,"Public product information; software access, price, and account requirements were not tested",https://www.ansys.com/products/materials,ecoinvent software tools partner directory,https://www.ansys.com/products/materials ; https://ecoinvent.org/partners/?category=software-tools,High,Curated semantic alignment of the 2026-09-01 software-market review,2026-09-01
SWR-0094,LCA-SW-0094,aPriori Manufacturing Insights Platform,Software application or platform,SF-01,LCA/PCF modelling and calculation,Product carbon footprint calculation; Eco-design and scenario analysis,product emissions estimation; digital twin; eco-design,,Product footprint / eco-design,Qualifying PCF/LCA product or interoperability solution,,aPriori,,aPriori (developer),1,0,Evidence-linked actors resolved,Manufacturing,Not publicly confirmed,,,Listed in ecoinvent software tools directory at the evidence cut-off,Listed in ecoinvent software tools partner directory or an official product page at the evidence cut-off,"Public product information; software access, price, and account requirements were not tested",https://www.apriori.com/,ecoinvent software tools partner directory,https://www.apriori.com/ ; https://ecoinvent.org/partners/?category=software-tools,High,Curated semantic alignment of the 2026-09-01 software-market review,2026-09-01
SWR-0095,LCA-SW-0095,ASKOR,Software application or platform,SF-01,LCA/PCF modelling and calculation,Life cycle assessment modelling; Eco-design and scenario analysis; API and enterprise integration,LCA; eco-design; ERP / PLM integration,,LCA / eco-design support,Qualifying PCF/LCA product or interoperability solution,,EVEA,,EVEA (developer),1,0,Evidence-linked actors resolved,Multi-sector,Not publicly confirmed,,,Listed in ecoinvent software tools directory at the evidence cut-off,Listed in ecoinvent software tools partner directory or an official product page at the evidence cut-off,"Public product information; software access, price, and account requirements were not tested",https://askor.eco/,ecoinvent software tools partner directory,https://askor.eco/ ; https://ecoinvent.org/partners/?category=software-tools,High,Curated semantic alignment of the 2026-09-01 software-market review,2026-09-01
SWR-0096,LCA-SW-0096,BEDEC Sustainability,Sector-specific workflow application,SF-01,LCA/PCF modelling and calculation,Life cycle assessment modelling; Design and planning workflow,life-cycle impact assessment; construction project analysis,,Sector LCA / footprint tool,Qualifying PCF/LCA product or interoperability solution,,ITeC,,ITeC (developer),1,0,Evidence-linked actors resolved,Construction,Not publicly confirmed,,,Listed in ecoinvent software tools directory at the evidence cut-off,Listed in ecoinvent software tools partner directory or an official product page at the evidence cut-off,"Public product information; software access, price, and account requirements were not tested",https://en.itec.cat/,ecoinvent software tools partner directory,https://en.itec.cat/ ; https://ecoinvent.org/partners/?category=software-tools,High,Curated semantic alignment of the 2026-09-01 software-market review,2026-09-01
SWR-0097,LCA-SW-0097,Ccloud,Software application or platform,SF-01,LCA/PCF modelling and calculation,Product carbon footprint calculation; Corporate carbon accounting,PCF calculation; CCF calculation,,PCF calculation / carbon management,Qualifying PCF/LCA product or interoperability solution,,Carbonstop,,Carbonstop (developer),1,0,Evidence-linked actors resolved,Multi-sector,Not publicly confirmed,,,Listed in ecoinvent software tools directory at the evidence cut-off,Listed in ecoinvent software tools partner directory or an official product page at the evidence cut-off,"Public product information; software access, price, and account requirements were not tested",https://www.carbonstop.com/en,ecoinvent software tools partner directory,https://www.carbonstop.com/en ; https://ecoinvent.org/partners/?category=software-tools,High,Curated semantic alignment of the 2026-09-01 software-market review,2026-09-01
SWR-0098,LCA-SW-0098,EarthSmart,Software application or platform,SF-01,LCA/PCF modelling and calculation,Life cycle assessment modelling,LCA,,Professional LCA modelling,Qualifying PCF/LCA product or interoperability solution,,EarthShift Global,,EarthShift Global (developer),1,0,Evidence-linked actors resolved,Multi-sector,Not publicly confirmed,,,Listed in ecoinvent software tools directory at the evidence cut-off,Listed in ecoinvent software tools partner directory or an official product page at the evidence cut-off,"Public product information; software access, price, and account requirements were not tested",https://earthshiftglobal.com/earthsmart,ecoinvent software tools partner directory,https://earthshiftglobal.com/earthsmart ; https://ecoinvent.org/partners/?category=software-tools,High,Curated semantic alignment of the 2026-09-01 software-market review,2026-09-01
SWR-0099,LCA-SW-0099,eBalance,Software application or platform,SF-01,LCA/PCF modelling and calculation,Life cycle assessment modelling; Product carbon footprint calculation,LCA; PCF calculation,,Professional LCA modelling,Qualifying PCF/LCA product or interoperability solution,,IKE Environmental Technology,,IKE Environmental Technology (developer),1,0,Evidence-linked actors resolved,Multi-sector; China-focused use cases,Not publicly confirmed,,,Listed in ecoinvent software tools directory at the evidence cut-off,Listed in ecoinvent software tools partner directory or an official product page at the evidence cut-off,"Public product information; software access, price, and account requirements were not tested",http://www.ike-global.com/,ecoinvent software tools partner directory,http://www.ike-global.com/ ; https://ecoinvent.org/partners/?category=software-tools,High,Curated semantic alignment of the 2026-09-01 software-market review,2026-09-01
SWR-0100,LCA-SW-0100,Eco-Bat 4.0,Sector-specific workflow application,SF-01,LCA/PCF modelling and calculation,Life cycle assessment modelling,building LCA,,Sector LCA / footprint tool,Qualifying PCF/LCA product or interoperability solution,,Eco-Bat,,Eco-Bat (developer),1,0,Evidence-linked actors resolved,Construction,Not publicly confirmed,,,Listed in ecoinvent software tools directory at the evidence cut-off,Listed in ecoinvent software tools partner directory or an official product page at the evidence cut-off,"Public product information; software access, price, and account requirements were not tested",http://www.eco-bat.ch/,ecoinvent software tools partner directory,http://www.eco-bat.ch/ ; https://ecoinvent.org/partners/?category=software-tools,High,Curated semantic alignment of the 2026-09-01 software-market review,2026-09-01
SWR-0101,LCA-SW-0101,Ecodesign Studio,Software application or platform,SF-01,LCA/PCF modelling and calculation,Life cycle assessment modelling; Eco-design and scenario analysis,LCA; eco-design,,LCA / eco-design support,Qualifying PCF/LCA product or interoperability solution,,Altermaker,,Altermaker (developer),1,0,Evidence-linked actors resolved,Multi-sector,Not publicly confirmed,,,Listed in ecoinvent software tools directory at the evidence cut-off,Listed in ecoinvent software tools partner directory or an official product page at the evidence cut-off,"Public product information; software access, price, and account requirements were not tested",https://ecodesign-studio.com/,ecoinvent software tools partner directory,https://ecodesign-studio.com/ ; https://ecoinvent.org/partners/?category=software-tools,High,Curated semantic alignment of the 2026-09-01 software-market review,2026-09-01
SWR-0102,LCA-SW-0102,EcodEX,Sector-specific workflow application,SF-01,LCA/PCF modelling and calculation,Product carbon footprint calculation; Life cycle assessment modelling; Eco-design and scenario analysis,PCF calculation; multi-impact product assessment; eco-design,,Sector LCA / footprint tool,Qualifying PCF/LCA product or interoperability solution,,Trace One,,Trace One (developer),1,0,Evidence-linked actors resolved,Food,Not publicly confirmed,,,Listed in ecoinvent software tools directory at the evidence cut-off,Listed in ecoinvent software tools partner directory or an official product page at the evidence cut-off,"Public product information; software access, price, and account requirements were not tested",https://www.traceone.com/,ecoinvent software tools partner directory,https://www.traceone.com/ ; https://ecoinvent.org/partners/?category=software-tools,High,Curated semantic alignment of the 2026-09-01 software-market review,2026-09-01
SWR-0103,LCA-SW-0103,EcoImpact / COMPASS,Sector-specific workflow application,SF-01,LCA/PCF modelling and calculation,Life cycle assessment modelling; Eco-design and scenario analysis,screening LCA; packaging eco-design,,Sector LCA / footprint tool,Qualifying PCF/LCA product or interoperability solution,,Trayak,,Trayak (developer),1,0,Evidence-linked actors resolved,Packaging,Not publicly confirmed,,,Listed in ecoinvent software tools directory at the evidence cut-off,Listed in ecoinvent software tools partner directory or an official product page at the evidence cut-off,"Public product information; software access, price, and account requirements were not tested",https://trayak.com/ecoimpact-new-features/,ecoinvent software tools partner directory,https://trayak.com/ecoimpact-new-features/ ; https://ecoinvent.org/partners/?category=software-tools,High,Curated semantic alignment of the 2026-09-01 software-market review,2026-09-01
SWR-0104,LCA-SW-0104,ECOSPEED Scout,Software application or platform,SF-01,LCA/PCF modelling and calculation,Product carbon footprint calculation; Life cycle assessment modelling,PCF calculation; environmental assessment,,PCF calculation / carbon management,Qualifying PCF/LCA product or interoperability solution,,ECOSPEED,,ECOSPEED (developer),1,0,Evidence-linked actors resolved,"Products, processes and sites",Not publicly confirmed,,,Listed in ecoinvent software tools directory at the evidence cut-off,Listed in ecoinvent software tools partner directory or an official product page at the evidence cut-off,"Public product information; software access, price, and account requirements were not tested",https://www.ecospeed.ch/scout/de/,ecoinvent software tools partner directory,https://www.ecospeed.ch/scout/de/ ; https://ecoinvent.org/partners/?category=software-tools,High,Curated semantic alignment of the 2026-09-01 software-market review,2026-09-01
SWR-0105,LCA-SW-0105,eFootprint,Software application or platform,SF-01,LCA/PCF modelling and calculation,Life cycle assessment modelling; Product carbon footprint calculation; Supplier and product data management,LCA; PCF calculation; supply-chain management,,LCA and PCF modelling,Qualifying PCF/LCA product or interoperability solution,,IKE Environmental Technology,,IKE Environmental Technology (developer),1,0,Evidence-linked actors resolved,Multi-sector; China-focused use cases,Not publicly confirmed,,,Listed in ecoinvent software tools directory at the evidence cut-off,Listed in ecoinvent software tools partner directory or an official product page at the evidence cut-off,"Public product information; software access, price, and account requirements were not tested",https://www.weblca.net/home,ecoinvent software tools partner directory,https://www.weblca.net/home ; https://ecoinvent.org/partners/?category=software-tools,High,Curated semantic alignment of the 2026-09-01 software-market review,2026-09-01
SWR-0106,LCA-SW-0106,eQopack,Sector-specific workflow application,SF-01,LCA/PCF modelling and calculation,Eco-design and scenario analysis; Life cycle assessment modelling,packaging eco-design; life-cycle impact assessment,,Sector LCA / footprint tool,Qualifying PCF/LCA product or interoperability solution,,Quantis and Kleis Technology,,Quantis and Kleis Technology (developer),1,0,Evidence-linked actors resolved,Packaging,Not publicly confirmed,,,Listed in ecoinvent software tools directory at the evidence cut-off,Listed in ecoinvent software tools partner directory or an official product page at the evidence cut-off,"Public product information; software access, price, and account requirements were not tested",https://quantis.com/services-solutions/digital-services/digital-products/eqopack/,ecoinvent software tools partner directory,https://quantis.com/services-solutions/digital-services/digital-products/eqopack/ ; https://ecoinvent.org/partners/?category=software-tools,High,Curated semantic alignment of the 2026-09-01 software-market review,2026-09-01
SWR-0107,LCA-SW-0107,eToolLCD,Sector-specific workflow application,SF-01,LCA/PCF modelling and calculation,Life cycle assessment modelling,whole-building LCA,,Sector LCA / footprint tool,Qualifying PCF/LCA product or interoperability solution,,eTool,,eTool (developer),1,0,Evidence-linked actors resolved,Construction,Not publicly confirmed,,,Listed in ecoinvent software tools directory at the evidence cut-off,Listed in ecoinvent software tools partner directory or an official product page at the evidence cut-off,"Public product information; software access, price, and account requirements were not tested",https://etoolglobal.com/about-etoollcd/,ecoinvent software tools partner directory,https://etoolglobal.com/about-etoollcd/ ; https://ecoinvent.org/partners/?category=software-tools,High,Curated semantic alignment of the 2026-09-01 software-market review,2026-09-01
SWR-0108,LCA-SW-0108,JimuLCA,Software application or platform,SF-01,LCA/PCF modelling and calculation,Life cycle assessment modelling; Product carbon footprint calculation; Corporate carbon accounting; Eco-design and scenario analysis,LCA; PCF calculation; CCF calculation; scenario analysis,,LCA and PCF modelling,Qualifying PCF/LCA product or interoperability solution,,Ecodigit,,Ecodigit (developer),1,0,Evidence-linked actors resolved,Multi-sector,Not publicly confirmed,,,Listed in ecoinvent software tools directory at the evidence cut-off,Listed in ecoinvent software tools partner directory or an official product page at the evidence cut-off,"Public product information; software access, price, and account requirements were not tested",https://www.ecdigit.com/en/,ecoinvent software tools partner directory,https://www.ecdigit.com/en/ ; https://ecoinvent.org/partners/?category=software-tools,High,Curated semantic alignment of the 2026-09-01 software-market review,2026-09-01
SWR-0109,LCA-SW-0109,LCA4Waste,Sector-specific workflow application,SF-01,LCA/PCF modelling and calculation,Life cycle assessment modelling,LCA; waste-system comparison,,Sector LCA / footprint tool,Qualifying PCF/LCA product or interoperability solution,,"ETH Zurich, Chair of Ecological Systems Design",,"ETH Zurich, Chair of Ecological Systems Design (developer)",1,0,Evidence-linked actors resolved,Waste management and energy-intensive industries,Not publicly confirmed,,,Listed in ecoinvent software tools directory at the evidence cut-off,Public lifecycle status not confirmed; legacy tool retained as a reviewed product,"Public product information; software access, price, and account requirements were not tested",https://www.ethz.ch/content/specialinterest/baug/institute-ifu/esd/en/downloads/lca4waste.html,ecoinvent software tools partner directory,https://www.ethz.ch/content/specialinterest/baug/institute-ifu/esd/en/downloads/lca4waste.html ; https://ecoinvent.org/partners/?category=software-tools,High,Curated semantic alignment of the 2026-09-01 software-market review,2026-09-01
SWR-0110,LCA-SW-0110,LCA.no,Sector-specific workflow application,SF-01,LCA/PCF modelling and calculation,Life cycle assessment modelling; EPD and environmental reporting; Eco-design and scenario analysis,LCA; environmental documentation; eco-design,,LCA / EPD workflow,Qualifying PCF/LCA product or interoperability solution,,LCA.no AS,,LCA.no AS (developer),1,0,Evidence-linked actors resolved,Construction and products,Not publicly confirmed,,,Listed in ecoinvent software tools directory at the evidence cut-off,Listed in ecoinvent software tools partner directory or an official product page at the evidence cut-off,"Public product information; software access, price, and account requirements were not tested",https://lca.no/,ecoinvent software tools partner directory,https://lca.no/ ; https://ecoinvent.org/partners/?category=software-tools,High,Curated semantic alignment of the 2026-09-01 software-market review,2026-09-01
SWR-0111,LCA-SW-0111,Pilario,Sector-specific workflow application,SF-01,LCA/PCF modelling and calculation,Life cycle assessment modelling; Eco-design and scenario analysis; EPD and environmental reporting,packaging LCA; eco-design; eco-labelling,,Sector LCA / footprint tool,Qualifying PCF/LCA product or interoperability solution,,PILARIO SA,,PILARIO SA (developer),1,0,Evidence-linked actors resolved,Packaging,Not publicly confirmed,,,Listed in ecoinvent software tools directory at the evidence cut-off,Listed in ecoinvent software tools partner directory or an official product page at the evidence cut-off,"Public product information; software access, price, and account requirements were not tested",https://www.pilario.com/,ecoinvent software tools partner directory,https://www.pilario.com/ ; https://ecoinvent.org/partners/?category=software-tools,High,Curated semantic alignment of the 2026-09-01 software-market review,2026-09-01
SWR-0112,LCA-SW-0112,PLACES,Sector-specific workflow application,SF-01,LCA/PCF modelling and calculation,Product carbon footprint calculation; Life cycle assessment modelling,GHG calculation; waste-system comparison,,Sector PCF / GHG model,Qualifying PCF/LCA product or interoperability solution,,The Circulate Initiative,,The Circulate Initiative (developer),1,0,Evidence-linked actors resolved,Plastic waste management and recycling,India and Indonesia,,,Listed in ecoinvent software tools directory at the evidence cut-off,Listed in ecoinvent software tools partner directory or an official product page at the evidence cut-off,"Public product information; software access, price, and account requirements were not tested",https://www.thecirculateinitiative.org/ghg-calculator,ecoinvent software tools partner directory,https://www.thecirculateinitiative.org/ghg-calculator ; https://ecoinvent.org/partners/?category=software-tools,High,Curated semantic alignment of the 2026-09-01 software-market review,2026-09-01
SWR-0113,LCA-SW-0113,Pleiades ACV,Sector-specific workflow application,SF-01,LCA/PCF modelling and calculation,Life cycle assessment modelling; API and enterprise integration,building LCA; dynamic thermal simulation linkage,,Sector LCA / footprint tool,Qualifying PCF/LCA product or interoperability solution,,IZUBA énergies,,IZUBA énergies (developer),1,0,Evidence-linked actors resolved,Construction,Not publicly confirmed,,,Listed in ecoinvent software tools directory at the evidence cut-off,Listed in ecoinvent software tools partner directory or an official product page at the evidence cut-off,"Public product information; software access, price, and account requirements were not tested",https://www.izuba.fr/logiciels/outils-logiciels/re-2020-acv/,ecoinvent software tools partner directory,https://www.izuba.fr/logiciels/outils-logiciels/re-2020-acv/ ; https://ecoinvent.org/partners/?category=software-tools,High,Curated semantic alignment of the 2026-09-01 software-market review,2026-09-01
SWR-0114,LCA-SW-0114,REGIS,Software application or platform,SF-01,LCA/PCF modelling and calculation,Life cycle assessment modelling; Corporate carbon accounting; Environmental data and calculation models,LCA; CCF calculation; regionalized LCI / LCIA,,LCA and carbon accounting,Qualifying PCF/LCA product or interoperability solution,,sinum,,sinum (developer),1,0,Evidence-linked actors resolved,Multi-sector,Not publicly confirmed,,,Listed in ecoinvent software tools directory at the evidence cut-off,Listed in ecoinvent software tools partner directory or an official product page at the evidence cut-off,"Public product information; software access, price, and account requirements were not tested",https://sinum.com/regis,ecoinvent software tools partner directory,https://sinum.com/regis ; https://ecoinvent.org/partners/?category=software-tools,High,Curated semantic alignment of the 2026-09-01 software-market review,2026-09-01
SWR-0115,LCA-SW-0115,SAP Sustainability Footprint Management,Software application or platform,SF-01,LCA/PCF modelling and calculation,Product carbon footprint calculation; API and enterprise integration,PCF calculation; enterprise integration,,PCF calculation / carbon management,Qualifying PCF/LCA product or interoperability solution,,SAP,,SAP (developer),1,0,Evidence-linked actors resolved,Multi-sector,Not publicly confirmed,,,Listed in ecoinvent software tools directory at the evidence cut-off,Listed in ecoinvent software tools partner directory or an official product page at the evidence cut-off,"Public product information; software access, price, and account requirements were not tested",https://www.sap.com/products/scm/sustainability-footprint-management.html,ecoinvent software tools partner directory,https://www.sap.com/products/scm/sustainability-footprint-management.html ; https://ecoinvent.org/partners/?category=software-tools,High,Curated semantic alignment of the 2026-09-01 software-market review,2026-09-01
SWR-0116,LCA-SW-0116,SULCA,Software application or platform,SF-01,LCA/PCF modelling and calculation,Life cycle assessment modelling; Eco-design and scenario analysis; Environmental data and calculation models,LCA; eco-design; flowsheet modelling,,Professional LCA modelling,Qualifying PCF/LCA product or interoperability solution,,Semantum,,Semantum (developer),1,0,Evidence-linked actors resolved,Multi-sector,Not publicly confirmed,,,Listed in ecoinvent software tools directory at the evidence cut-off,Listed in ecoinvent software tools partner directory or an official product page at the evidence cut-off,"Public product information; software access, price, and account requirements were not tested",https://www.semantum.fi/products/SULCA/,ecoinvent software tools partner directory,https://www.semantum.fi/products/SULCA/ ; https://ecoinvent.org/partners/?category=software-tools,High,Curated semantic alignment of the 2026-09-01 software-market review,2026-09-01
SWR-0117,LCA-SW-0117,TEAM 5.4,Software application or platform,SF-01,LCA/PCF modelling and calculation,Life cycle assessment modelling; Environmental data and calculation models,LCA; database modelling,,Professional LCA modelling,Qualifying PCF/LCA product or interoperability solution,,PwC / Ecobilan,,PwC / Ecobilan (developer),1,0,Evidence-linked actors resolved,Multi-sector,Not publicly confirmed,,,Listed in ecoinvent software tools directory at the evidence cut-off,Legacy product; current maintenance status not publicly confirmed,"Public product information; software access, price, and account requirements were not tested",https://www.pwc.fr/dd,ecoinvent software tools partner directory,https://www.pwc.fr/dd ; https://ecoinvent.org/partners/?category=software-tools,High,Curated semantic alignment of the 2026-09-01 software-market review,2026-09-01
SWR-0118,LCA-SW-0118,ClimatePartner Product Carbon Footprint solution,Software application or platform,SF-01,LCA/PCF modelling and calculation,Product carbon footprint calculation; Supplier and product data management; EPD and environmental reporting,PCF calculation; supplier data collection; PCF reporting,,PCF calculation / carbon management,Qualifying PCF/LCA product or interoperability solution,,ClimatePartner,,ClimatePartner (developer),1,0,Evidence-linked actors resolved,Multi-sector,Not publicly confirmed,,,,Listed in Targeted official-product and sector-tool search or an official product page at the evidence cut-off,"Public product information; software access, price, and account requirements were not tested",https://www.climatepartner.com/de/loesungen/co2-bilanzierung/product-carbon-footprint,Targeted official-product and sector-tool search,https://www.climatepartner.com/de/loesungen/co2-bilanzierung/product-carbon-footprint,High,Curated semantic alignment of the 2026-09-01 software-market review,2026-09-01
SWR-0119,LCA-SW-0119,Global Changer Product Carbon Footprint,Software application or platform,SF-01,LCA/PCF modelling and calculation,Product carbon footprint calculation; Eco-design and scenario analysis; Environmental data and calculation models,PCF calculation; portfolio calculation; AI-assisted factor mapping,,PCF calculation / carbon management,Qualifying PCF/LCA product or interoperability solution,,Global Climate Changer GmbH,,Global Climate Changer GmbH (developer),1,0,Evidence-linked actors resolved,Industry and retail,Not publicly confirmed,,,,Listed in Targeted official-product and sector-tool search or an official product page at the evidence cut-off,"Public product information; software access, price, and account requirements were not tested",https://www.globalchanger.com/en/software/product-carbon-footprint,Targeted official-product and sector-tool search,https://www.globalchanger.com/en/software/product-carbon-footprint,High,Curated semantic alignment of the 2026-09-01 software-market review,2026-09-01
SWR-0120,LCA-SW-0120,R<THINK,Sector-specific workflow application,SF-01,LCA/PCF modelling and calculation,Life cycle assessment modelling; Product carbon footprint calculation; EPD and environmental reporting,LCA; PCF calculation; EPD preparation,,LCA / EPD workflow,Qualifying PCF/LCA product or interoperability solution,,Kiwa,,Kiwa (developer),1,0,Evidence-linked actors resolved,Products and construction,Not publicly confirmed,,,,Listed in Targeted official-product and sector-tool search or an official product page at the evidence cut-off,"Public product information; software access, price, and account requirements were not tested",https://www.kiwa.com/de/de/serviceart/zertifizieren/rethink-okobilanz-epd/,Targeted official-product and sector-tool search,https://www.kiwa.com/de/de/serviceart/zertifizieren/rethink-okobilanz-epd/,High,Curated semantic alignment of the 2026-09-01 software-market review,2026-09-01
SWR-0121,LCA-SW-0121,ECOSPEED Product,Software application or platform,SF-01,LCA/PCF modelling and calculation,Product carbon footprint calculation; Eco-design and scenario analysis,PCF calculation; product portfolio management,,PCF calculation / carbon management,Qualifying PCF/LCA product or interoperability solution,,ECOSPEED,,ECOSPEED (developer),1,0,Evidence-linked actors resolved,Multi-sector,Not publicly confirmed,,,,Listed in Targeted official-product and sector-tool search or an official product page at the evidence cut-off,"Public product information; software access, price, and account requirements were not tested",https://ecospeed.eu/software/product-carbon-footprint/,Targeted official-product and sector-tool search,https://ecospeed.eu/software/product-carbon-footprint/,High,Curated semantic alignment of the 2026-09-01 software-market review,2026-09-01
SWR-0122,LCA-SW-0122,VERSO Climate Hub — Product Carbon Footprint,"API, library, or calculation model",SF-01,LCA/PCF modelling and calculation,Product carbon footprint calculation; PCF data exchange and interoperability; API and enterprise integration,PCF calculation; PCF exchange; ERP / API integration,,PCF calculation / carbon management,Qualifying PCF/LCA product or interoperability solution,,VERSO GmbH,,VERSO GmbH (developer),1,0,Evidence-linked actors resolved,Multi-sector,Not publicly confirmed,WBCSD Partnership for Carbon Transparency (PACT) Technical Specifications — official product compatibility statement,Official product statement,,Listed in Targeted official-product and sector-tool search or an official product page at the evidence cut-off,"Public product information; software access, price, and account requirements were not tested",https://verso.de/en/pcf-calculation/,Targeted official-product and sector-tool search,https://verso.de/en/pcf-calculation/,High,Curated semantic alignment of the 2026-09-01 software-market review,2026-09-01
SWR-0123,LCA-SW-0123,Substain Product Carbon Footprint,Software application or platform,SF-01,LCA/PCF modelling and calculation,Product carbon footprint calculation; Eco-design and scenario analysis,PCF calculation; life-cycle emissions; hotspot analysis,,PCF calculation / carbon management,Qualifying PCF/LCA product or interoperability solution,,Substain,,Substain (developer),1,0,Evidence-linked actors resolved,Multi-sector,Not publicly confirmed,,,,Listed in Targeted official-product and sector-tool search or an official product page at the evidence cut-off,"Public product information; software access, price, and account requirements were not tested",https://welcome.substain.com/module/product-carbon-footprint,Targeted official-product and sector-tool search,https://welcome.substain.com/module/product-carbon-footprint,High,Curated semantic alignment of the 2026-09-01 software-market review,2026-09-01
SWR-0124,LCA-SW-0124,CarbonSmart Product Carbon Footprint Platform,Software application or platform,SF-01,LCA/PCF modelling and calculation,Life cycle assessment modelling; Product carbon footprint calculation; Supplier and product data management; API and enterprise integration,LCA; PCF calculation; supplier data collection; ERP / API integration,,LCA and PCF modelling,Qualifying PCF/LCA product or interoperability solution,,CarbonSmart,,CarbonSmart (developer),1,0,Evidence-linked actors resolved,Multi-sector,Not publicly confirmed,,,,Listed in Targeted official-product and sector-tool search or an official product page at the evidence cut-off,"Public product information; software access, price, and account requirements were not tested",https://www.carbonsmart.io/en/products/product-carbon-footprint,Targeted official-product and sector-tool search,https://www.carbonsmart.io/en/products/product-carbon-footprint,High,Curated semantic alignment of the 2026-09-01 software-market review,2026-09-01
SWR-0125,LCA-SW-0125,Haiyi Product Carbon Footprint Platform,Software application or platform,SF-01,LCA/PCF modelling and calculation,Product carbon footprint calculation; Environmental data and calculation models; Supplier and product data management,PCF calculation; process modelling; supplier collaboration,,PCF calculation / carbon management,Qualifying PCF/LCA product or interoperability solution,,"Yantai Haiyi Software Co., Ltd.",,"Yantai Haiyi Software Co., Ltd. (developer)",1,0,Evidence-linked actors resolved,Industrial products and supply chains,China-focused; product page is public,,,,Listed in Targeted official-product and sector-tool search or an official product page at the evidence cut-off,"Public product information; software access, price, and account requirements were not tested",https://carbon.haiyisoft.com/ProductCarbonFootprint.html,Targeted official-product and sector-tool search,https://carbon.haiyisoft.com/ProductCarbonFootprint.html,High,Curated semantic alignment of the 2026-09-01 software-market review,2026-09-01
SWR-0126,LCA-SW-0126,FRED Footprint Reduction Tool,Software application or platform,SF-01,LCA/PCF modelling and calculation,Product carbon footprint calculation; Corporate carbon accounting; Eco-design and scenario analysis,PCF calculation; CCF calculation; reduction analysis,,PCF calculation / carbon management,Qualifying PCF/LCA product or interoperability solution,,FRED GmbH,,FRED GmbH (developer),1,0,Evidence-linked actors resolved,Industrial products,Not publicly confirmed,,,,Listed in Targeted official-product and sector-tool search or an official product page at the evidence cut-off,"Public product information; software access, price, and account requirements were not tested",https://www.fred-footprint.de/,Targeted official-product and sector-tool search,https://www.fred-footprint.de/,High,Curated semantic alignment of the 2026-09-01 software-market review,2026-09-01
SWR-0127,LCA-SW-0127,Tanso Product Carbon Footprint Software,Software application or platform,SF-01,LCA/PCF modelling and calculation,Product carbon footprint calculation; API and enterprise integration; PCF data exchange and interoperability,PCF calculation; BOM / ERP integration; PCF exchange,,PCF calculation / carbon management,Qualifying PCF/LCA product or interoperability solution,,Tanso Technologies GmbH,,Tanso Technologies GmbH (developer),1,0,Evidence-linked actors resolved,Manufacturing,Not publicly confirmed,WBCSD Partnership for Carbon Transparency (PACT) Technical Specifications — official product compatibility statement,Official product statement,,Listed in Targeted official-product and sector-tool search or an official product page at the evidence cut-off,"Public product information; software access, price, and account requirements were not tested",https://www.tanso.de/en/product-co2-management/product-carbon-footprint-software,Targeted official-product and sector-tool search,https://www.tanso.de/en/product-co2-management/product-carbon-footprint-software,High,Curated semantic alignment of the 2026-09-01 software-market review,2026-09-01
SWR-0128,LCA-SW-0128,SKZ PCF Tool,Software application or platform,SF-01,LCA/PCF modelling and calculation,Product carbon footprint calculation,PCF calculation,,Sector PCF / GHG model,Qualifying PCF/LCA product or interoperability solution,,SKZ — Das Kunststoff-Zentrum,,SKZ — Das Kunststoff-Zentrum (developer),1,0,Evidence-linked actors resolved,Plastics and industrial products,Not publicly confirmed,,,,Listed in Targeted official-product and sector-tool search or an official product page at the evidence cut-off,"Public product information; software access, price, and account requirements were not tested",https://www.skz.de/forschung/pcf-tool,Targeted official-product and sector-tool search,https://www.skz.de/forschung/pcf-tool,High,Curated semantic alignment of the 2026-09-01 software-market review,2026-09-01
SWR-0129,LCA-SW-0129,Embodied Carbon in Construction Calculator (EC3),Sector-specific workflow application,SF-01,LCA/PCF modelling and calculation,Product carbon footprint calculation; EPD and environmental reporting; Design and planning workflow,embodied-carbon calculation; EPD comparison; construction planning,,Sector LCA / footprint tool,Qualifying PCF/LCA product or interoperability solution,,Building Transparency,,Building Transparency (developer),1,0,Evidence-linked actors resolved,Construction,Not publicly confirmed,,,,Listed in Targeted official-product and sector-tool search or an official product page at the evidence cut-off,"Public product information; software access, price, and account requirements were not tested",https://www.buildingtransparency.org/tools/ec3/,Targeted official-product and sector-tool search,https://www.buildingtransparency.org/tools/ec3/,High,Curated semantic alignment of the 2026-09-01 software-market review,2026-09-01
SWR-0130,LCA-SW-0130,tallyLCA,Sector-specific workflow application,SF-01,LCA/PCF modelling and calculation,Life cycle assessment modelling; API and enterprise integration; Product carbon footprint calculation,whole-building LCA; Revit integration; embodied-carbon analysis,,Sector LCA / footprint tool,Qualifying PCF/LCA product or interoperability solution,C.Scale,KieranTimberlake,C.Scale,C.Scale (owner); KieranTimberlake (developer); C.Scale (operator/maintainer),3,0,Evidence-linked actors resolved,Construction,Not publicly confirmed,,,,Listed in Targeted official-product and sector-tool search or an official product page at the evidence cut-off,"Public product information; software access, price, and account requirements were not tested",https://www.buildingtransparency.org/tools/,Targeted official-product and sector-tool search,https://www.buildingtransparency.org/tools/,High,Curated semantic alignment of the 2026-09-01 software-market review,2026-09-01
