asset_id,official_name,alternative_name_acronym,asset_type,short_description,owner,operator_maintainer,official_url,geographic_coverage,sector_product_process_coverage,intended_users,main_use_cases,language,temporal_coverage,current_version,release_update_date,maintenance_status,access_model,licence_or_usage_rights,commercial_restricted_open_status,registration_requirement,governance_arrangement,long_term_stewardship_information,data_content_type,data_model_or_schema,exchange_format,api_or_machine_readable_interface,nomenclature_classification,identifiers,metadata_approach,versioning_mechanism,documentation_availability,qa_validation_approach,review_procedure,data_quality_documentation,methodological_basis,provenance_information,citation_mechanism,known_limitations,related_assets,relationship_type,evidence_for_relationship,import_export_compatibility,existing_mapping_or_conversion,potential_interoperability_opportunity,known_interoperability_constraint,primary_sources,supporting_sources,evidence_excerpt,access_date,confidence_level,unresolved_questions,public_evidence_status
LCA-DB-0001,ecoinvent database,ecoinvent,Database / dataset,"Commercial, multi-sector life cycle inventory database with documented annual releases and several system models.",ecoinvent Association,ecoinvent Association,https://ecoinvent.org/database/,Global,"Multi-sector; v3.12 public release page lists agriculture, chemicals, fuels, metals, electricity, forestry, textiles, transport, pulp and paper, batteries and electronics.","LCA practitioners, researchers, software and data providers",Background LCI modelling and impact assessment support,English public documentation,Not publicly confirmed,3.12,2025-11-05,Active; annual updates stated,Public metadata and selected documentation; database access through a licence,ecoinvent licence,Commercial / restricted,Yes for licensed database access; not used in this review,Maintained by ecoinvent Association,Annual database updates publicly stated,"Unit-process LCI data, system-model results, and supporting LCIA outputs",ecoinvent data model,ecoSpold2; additional licensed file exports listed publicly,REST API documented; beta access requires contacting sales and authentication,Not publicly confirmed,UUIDs are used in ecoSpold2,Public overview and change documentation; detailed database metadata in licensed environment,Numbered annual releases and change reports,Public release overview and selected reports; some files restricted to license holders,Data quality guidelines and documented change process are publicly referenced,Not publicly confirmed,Public data quality and change documentation exists; full detail not yet exhaustively reviewed,"Attributional cut-off, APOS and consequential system models are publicly described",Dataset provider information and change documentation are publicly referenced,Not publicly confirmed,Full dataset-level verification requires a licence and was not attempted,ecoSpold2; Brightway; openLCA; openLCA Nexus; SimaPro,native format; software import/distribution,Public Nexus metadata lists ecoinvent 3.12 in all three system models as openLCA zolca and openLCA library packages and states that v3.12 was implemented for openLCA 2.5.0 or newer; historical provider testing remains documented for v3.9.1.,ecoSpold2; provider-listed ecoinvent 3.12 openLCA zolca/library packages for openLCA 2.5.0 or newer; historical provider-tested 3.9.1 package for openLCA 1.11/2.0,"For ecoinvent 3.11 or earlier, Nexus describes mappings to openLCA reference-data elementary flows; from 3.12, original ecoinvent elementary-flow UUIDs are retained without that mapping.",Use public metadata and documented mappings without redistributing licensed content,Licensing and system-model differences constrain reuse and redistribution,https://ecoinvent.org/database/ ; https://support.ecoinvent.org/ecoinvent-version-3.12,https://support.ecoinvent.org/files; https://nexus.openlca.org/ws/files/35296; https://greendelta.github.io/openLCA2-manual/resources/nexus.html; https://nexus.openlca.org/ws/dataproviders/8701; https://nexus.openlca.org/databases,"Official ecoinvent sources identify v3.12 and annual updates. Public Nexus metadata lists v3.12 APOS, cut-off and consequential packages for openLCA 2.5.0 or newer and documents the elementary-flow UUID strategy change.",2026-08-25,High,Independent import/round-trip and calculation tests for the v3.12 packages; exact package schema revision; dataset-level licence and redistribution constraints by use case,Public metadata and provider compatibility claim verified; licensed packages not accessed
LCA-FMT-0001,ecoSpold2,EcoSpold 2; ecoSpold02,Data schema / exchange format,XML-based format used to create and exchange ecoinvent version 3 life cycle inventory content.,ecoinvent Association,ecoinvent Association,https://support.ecoinvent.org/ecospold2,Global,Cross-sector LCA data exchange,LCA database developers and software providers,"Represent UPR, LCI and LCIA information in XML",English documentation,Introduced for ecoinvent version 3 in 2013,Not publicly confirmed,2023-10-30 page date,In operational use; exact schema release status not yet confirmed,Public documentation and schema package,Not publicly confirmed,Publicly downloadable documentation; rights require review,No registration observed for documentation,Developed under ecoinvent with an expert working group and public hearing,Not publicly confirmed,"UPR, LCI and LCIA datasets and master data",XML Schema Definition (XSD),XML,Machine-readable XSD and XML,Not publicly confirmed,UUID references,Mandatory and optional fields defined by the schema,Not publicly confirmed,"Public ZIP contains XSD, XSL and HTML description",Schema validation through XSD,Expert working group and open hearing are publicly described,Dataset Documentation Manual linked publicly,"Designed for all three stages UPR, LCI and LCIA",Not publicly confirmed,Not publicly confirmed,Rights and exact current schema version require confirmation,ecoinvent database; Brightway,native format; import compatibility,Official page says ecoSpold2 is used for ecoinvent v3 and supported by Brightway2.,Brightway2 import publicly documented by ecoinvent; other providers are referenced but not enumerated here,Not publicly confirmed,Schema-based exchange and validation across supporting tools,Provider-specific semantics may remain despite XML compatibility,https://support.ecoinvent.org/ecospold2,Not found,"The official page defines an XML format for ecoinvent v3, with XSD, UUID references and lifecycle-stage coverage.",2026-08-22,High,Current schema release identifier and reuse licence,Public documentation verified
LCA-SW-0001,SimaPro desktop edition,SimaPro Desktop; SimaPro Craft (former name),Software / API / tool,"Commercial desktop software for detailed LCA modelling, analysis and interpretation.",One Click LCA group,SimaPro,https://simapro.com/software/desktop/,Global user base claimed by provider,Cross-sector LCA modelling,"Sustainability professionals, product designers, engineers, researchers and educators","LCA modelling, scenario and uncertainty analysis, footprinting and reporting",13 interface languages publicly listed,35 years of use claimed by provider,10.5,2026-06-30,Active,Commercial software plans; product information publicly accessible,Commercial licence terms,Commercial / restricted,Integrated login required for current desktop releases; not used in this review,SimaPro is part of the One Click LCA group,Not publicly confirmed,"LCA projects, processes, inventory libraries and LCIA methods",Not publicly confirmed,Import/export formats documented separately; not treated as a distinct SimaPro schema asset in this pilot,Not publicly confirmed,Not publicly confirmed,Not publicly confirmed,Not publicly confirmed,Numbered software releases with public release notes,"Public product pages, help centre and release notes",Software features and methods are maintained through releases; detailed QA not yet verified,Not publicly confirmed,Not publicly confirmed,Supports LCA and current LCIA method libraries,Not publicly confirmed,Not publicly confirmed,Use requires licensed access and current versions use authentication,ecoinvent database; USLCI; FEDEFL,bundled data; mapping target,Provider lists ecoinvent and USLCI among included databases; FLCAC documents FEDEFL mappings to SimaPro flows.,Not publicly confirmed,FEDEFL mapping instructions include SimaPro,Documented library and flow mappings can support cross-software exchange,Commercial licensing and software-specific database packaging,https://simapro.com/software/desktop/ ; https://support.simapro.com/en/articles/504757-release-notes-simapro-desktop,https://support.simapro.com/en/collections/968883-simapro-desktop,"Official pages describe commercial LCA software, current release 10.5, included databases and authenticated access.",2026-08-22,High,Current exchange formats and public API availability,Public metadata verified; software not accessed
LCA-SW-0002,Brightway,Brightway LCA Software Framework; Brightway2; Brightway2.5,Software / API / tool,"Open-source Python framework for life cycle assessment with emphasis on flexibility, performance and large datasets.",Brightway developer community,Brightway developers,https://docs.brightway.dev/en/latest/,Global,Cross-sector computational LCA,"Researchers, advanced practitioners, developers and analysts","Programmatic LCA, large-dataset calculations and custom methods",English documentation; Python,Not publicly confirmed,Not publicly confirmed,Not publicly confirmed,Active documentation and community,Public open-source software and documentation,Open-source; exact component licences to be recorded after repository review,Open,No registration for documentation or source code,Community-developed open-source ecosystem,Not publicly confirmed,"LCA databases, activities, exchanges, methods and calculation results",Not publicly confirmed,Imports multiple LCA formats; ecoSpold2 support publicly stated by ecoinvent,Python package API,Not publicly confirmed,Not publicly confirmed,Not publicly confirmed,Brightway2 and Brightway2.5 compatibility generations documented,"Public documentation, tutorials and live demo",Not publicly confirmed,Open-source repository workflow; exact policy not yet reviewed,Not publicly confirmed,Life cycle assessment computational framework,Not publicly confirmed,Not publicly confirmed,Database licences remain separate from the software; version compatibility needs explicit tracking,ecoinvent database; ecoSpold2,data import; computational use,ecoinvent publicly states Brightway2 imports ecoSpold2.,ecoSpold2 import confirmed; broader matrix pending,Not publicly confirmed,"Scriptable validation, transformation and reproducible calculations",Brightway generation and package-version compatibility,https://docs.brightway.dev/en/latest/,https://support.ecoinvent.org/ecospold2,Official documentation identifies an open-source Python LCA framework designed for large datasets and fast calculations.,2026-08-22,High,Current stable package versions; complete import/export matrix; governance,Public documentation verified
LCA-SW-0003,openLCA,openLCA desktop,Software / API / tool,"Free, open-source desktop software for LCA and sustainability modelling.",GreenDelta GmbH,GreenDelta GmbH,https://www.openlca.org/,Global,Cross-sector LCA and sustainability modelling,"LCA practitioners, researchers, organizations and developers","LCA modelling, analysis, uncertainty, regionalized assessment and data exchange",English website; software localization not fully reviewed,Developed since 2006,2.6.2,Not publicly confirmed,Active,Free software download and public source code,Mozilla Public License 2.0 for GreenDelta-written code,Open software; database licences vary,No registration stated for software download,Developed and maintained by GreenDelta,Not publicly confirmed,"LCA databases, models, results and attachments",openLCA schema / JSON-LD,"zolca, EcoSpold 1, ILCD, JSON-LD, Excel and GeoJSON listed",IPC server using REST/gRPC; scripting interfaces,Not publicly confirmed,Not publicly confirmed,Database and dataset metadata through openLCA schema,Numbered releases and changelog,"Public manual, features and download documentation",Dataset and database validation feature,Not publicly confirmed,Not publicly confirmed,"Supports LCA, social LCA and life cycle costing",Not publicly confirmed,Not publicly confirmed,Data access and reuse depend on each database licence,ecoinvent database; openLCA Nexus; ILCD Data Format; Federal LCA Commons,licensed database compatibility; companion repository; format compatibility; platform dependency,"GreenDelta documents an ecoinvent 3.9.1 implementation for openLCA 1.11 that is compatible with openLCA 2.0; official pages also link openLCA to Nexus, list ILCD import/export, and FLCAC states its platform uses Collaboration Server.","Provider-tested ecoinvent 3.9.1 database packages for openLCA 1.11/2.0; ILCD, JSON-LD, EcoSpold 1 and zolca publicly listed",The ecoinvent 3.9.1 openLCA implementation documents compartment/subcompartment changes and provider-run result comparison; Nexus packages and harmonized reference data; Soda4LCA access,"Open schema, multiple formats and IPC interfaces",Semantic compatibility and data licences vary by source,https://www.openlca.org/about/ ; https://www.openlca.org/features/ ; https://www.openlca.org/download/,https://www.lcacommons.gov/flcac-resources ; https://nexus.openlca.org/ws/files/35296 ; https://greendelta.github.io/openLCA2-manual/resources/nexus.html,"Official pages document MPL 2.0, version 2.6.2, multiple exchange formats, APIs and validation features. A public GreenDelta report verifies an older, version-specific ecoinvent 3.9.1 implementation for openLCA 1.11/2.0.",2026-08-25,High,Release date of version 2.6.2; schema-version alignment across services; current ecoinvent 3.12 distribution compatibility,Public documentation verified
LCA-REP-0001,openLCA Nexus,Nexus,Platform / repository / network,Online repository and discovery service for free and commercial LCA datasets prepared for use with openLCA.,GreenDelta GmbH,GreenDelta GmbH,https://nexus.openlca.org/about,Global,"Multi-provider, multi-sector LCA and sustainability data",LCA data users and openLCA users,"Discover, compare, order and obtain LCA database packages",English,Not publicly confirmed,Not applicable,Not publicly confirmed,Active public catalogue,Public catalogue metadata; free downloads require registration; commercial datasets require ordering,Varies by data provider and package,Mixed free and commercial / restricted,Yes for downloads; not used in this review,Developed and maintained by GreenDelta,Not publicly confirmed,"Database packages, datasets and LCIA methods",openLCA reference data and database packaging,zolca and openLCA database formats publicly described,Not publicly confirmed,Shared elementary flows and reference data are publicly described,Not publicly confirmed,"Search filters by database, year, geography, sector, product and price",Provider-specific database versions,Public about and FAQ pages,Provider-coordinated mild harmonization is described,Not publicly confirmed,Provider documents vary,Repository does not impose one method across all databases,Data-provider attribution is visible in catalogue,Not publicly confirmed,No downloads were attempted because registration or purchase would be required,openLCA; ecoinvent database; Federal LCA Commons,companion repository; distribution; transformed package,Official Nexus page describes openLCA linkage and provider datasets; FLCAC-derived packages are separately offered.,Prepared for openLCA,Mild harmonization and reference-data alignment described,Public catalogue can seed discovery and identify mappings,"Registration, purchase, provider licences and conversion-specific semantics",https://nexus.openlca.org/about,https://nexus.openlca.org/faqs/licence_types ; https://greendelta.github.io/openLCA2-manual/resources/nexus.html ; https://nexus.openlca.org/ws/files/35296,"Nexus publicly describes a mixed-access repository and harmonized packages. The official manual states that Downloads is available after account, order approval and licence acceptance; a public technical report documents an ecoinvent 3.9.1 openLCA distribution.",2026-08-25,High,Public API availability; current dataset counts and version freshness by package,Public catalogue metadata verified; no registration or purchase used
LCA-NET-0001,Global Life Cycle Assessment Data Access network,GLAD,Platform / repository / network,Distributed network of independently operated LCA database nodes for finding and accessing life cycle inventory datasets.,Life Cycle Initiative hosted at UNEP,Life Cycle Initiative / participating nodes,https://www.lifecycleinitiative.org/activities/life-cycle-assessment-in-high-impact-sectors/global-life-cycle-assessment-data-access-network-glad/,Global,Multi-provider life cycle inventory datasets,"LCA data users, providers and software developers","Dataset discovery, metadata search, conversion and access",English public pages,Launched June 2020,Not publicly confirmed,Not publicly confirmed,Active project page; operational status of each node varies,Public project information and search interface; node access conditions may vary,Dataset licences are node/provider-specific,Mixed by node and dataset,Not publicly confirmed at network level,"Co-implemented by UNEP, USDA, EC-JRC, IBICT, openLCA and others",Life Cycle Initiative stewardship stated; node-level stewardship varies,Distributed LCI dataset metadata and access links,Common metadata descriptors; source node formats remain distributed,Conversion into user-selected formats is described,Network interface and node APIs are referenced; exact current public endpoints require validation,Global nomenclature system is linked to GLAM,Not publicly confirmed,Globally agreed metadata descriptors,Not publicly confirmed,Public project and helpdesk documentation,Node requirements and descriptors are documented,Not publicly confirmed,Not publicly confirmed,"Interoperability and access network, not one LCA method",Provider/node identity retained,Not publicly confirmed,"Dataset availability, format conversion and licences vary by node",GLAM; ILCD Data Format; ecoSpold2; national LCA databases,nomenclature linkage; node format compatibility; federation,GLAM page states consistent linkage with GLAD nomenclature; GLAD documentation describes distributed database nodes.,Conversion service described; specific node formats require per-node verification,Common metadata and conversion are core network services,Federated search without centralizing restricted data,"Node heterogeneity, licensing and operational availability",https://www.lifecycleinitiative.org/activities/life-cycle-assessment-in-high-impact-sectors/global-life-cycle-assessment-data-access-network-glad/,https://helpdesk.lifecycleinitiative.org/distribution/glad-node-requirements/,"The official page describes a global distributed network, agreed metadata and dataset search and conversion services.",2026-08-22,High,"Current live node roster, public API status, conversion coverage and dataset count",Public documentation verified
LCA-NET-0002,Life Cycle Data Network,LCDN,Platform / repository / network,Non-centralised European Commission infrastructure for publishing and discovering quality-assured LCA datasets from independent nodes.,European Commission Joint Research Centre,European Platform on Life Cycle Assessment / EC-JRC,https://eplca.jrc.ec.europa.eu/LCDN/developerILCDDataFormat.html,Global-use infrastructure with European Commission governance,LCI datasets and LCIA method datasets,"Dataset owners, national projects, industry, researchers and consultants","Publish, register, search and browse quality-assured LCA datasets",English and EU portal languages,Launched in 2014,Not publicly confirmed,2026-07-16 page update,Active developer page; former Resource Directory is discontinued,Public registry and node browsing; conditions may vary by node,Dataset-specific,Mixed by node,Not publicly confirmed,EC-JRC registry with independently operated nodes,Not publicly confirmed,LCI and LCIA method datasets,ILCD and extended ILCD; Environmental Footprint variants,XML-based ILCD/eILCD,Node and developer interfaces; exact public endpoints pending validation,ILCD and PEF/OEF compliance systems,Not publicly confirmed,Registry metadata and node-hosted datasets,Schema and SDK versions,Public developer tools and schema packages,"Published datasets are stated to meet methodology, documentation and nomenclature requirements",Not publicly confirmed,Compliance-system documentation publicly referenced,ILCD entry-level and PEF/OEF frameworks,Dataset owner publishes through its own node,Not publicly confirmed,Some nodes may not connect to the central network; discontinued Resource Directory is a separate historical service,ILCD Data Format; eILCD SDK; PEF/OEF,schema dependency; registry compliance,EC-JRC pages describe LCDN nodes using ILCD/eILCD and compliance systems.,ILCD/eILCD XML,Look@eILCD analyses native XML without software-specific mapping,Common schema and distributed ownership,Node connectivity and compliance variation,https://eplca.jrc.ec.europa.eu/LCDN/developerILCDDataFormat.html,https://eplca.jrc.ec.europa.eu/ELCD3/,EC-JRC describes a 2014 distributed network for quality-assured LCI and LCIA datasets using ILCD-based tools.,2026-08-22,High,"Current node roster, live registry coverage and API specification",Public documentation verified
LCA-FMT-0002,International Reference Life Cycle Data System data format,ILCD Data Format; eILCD,Data schema / exchange format,"XML schema family for representing LCA datasets and, in extended form, disaggregated datasets and complete life cycle models.",European Commission Joint Research Centre,EC-JRC / European Platform on LCA,https://eplca.jrc.ec.europa.eu/LCDN/developerILCDDataFormat.html,Global-use format,"Cross-sector LCI, LCIA and model datasets","Dataset developers, database operators and LCA software developers",Machine-readable LCA data exchange and validation,English technical documentation,ILCD format originates from the ILCD system; exact initial date not restated here,ILCD 1.1 documentation; eILCD SDK 2.1.1,2026-07-16 developer page update,Active eILCD developer tooling,"Public schemas, SDK and documentation",SDK includes licensing information; detailed terms not yet reviewed,Publicly downloadable technical resources,No registration observed,Maintained by EC-JRC within EPLCA/LCDN,Not publicly confirmed,"Process, flow, LCIA method, source, contact and life cycle model datasets",ILCD/eILCD XML schemas,XML,"XSD, SDK and XML",EF/ILCD nomenclature,UUID-based references are present in ILCD datasets; exact policy pending review,Structured dataset types and reference packages,Format and SDK version numbers,"Public documentation, schemas, stylesheets and sample data",Schema validation and compliance systems,Not publicly confirmed,ILCD compliance documentation available,ILCD and Environmental Footprint modelling requirements,Source and contact dataset types support provenance,Not publicly confirmed,Software-specific terminology may require mapping; format conformance does not ensure methodological equivalence,LCDN; openLCA; eILCD SDK,network schema; software import/export,EC-JRC documents native LCDN tooling; openLCA lists ILCD import/export.,openLCA ILCD import/export publicly confirmed,Look@eILCD avoids mapping to software-specific terms for analysis,Common XML validation and model exchange,Extended variants and nomenclature profiles require version-aware handling,https://eplca.jrc.ec.europa.eu/LCDN/developerILCDDataFormat.html,https://eplca.jrc.ec.europa.eu/LCDN/downloads/ILCD_Format_1.1_Documentation/ILCD_LifeCycleModelDataSet.html,"EC-JRC provides ILCD/eILCD schemas, sample data, SDK tools and a life cycle model dataset type.",2026-08-22,High,Exact licence; compatibility matrix by software and eILCD profile,Public documentation verified
LCA-REP-0002,Federal Life Cycle Assessment Commons,Federal LCA Commons; FLCAC,Platform / repository / network,United States federal portal providing central access to a collection of LCA data repositories.,U.S. Federal LCA Commons agencies,USDA National Agricultural Library with collaborating federal agencies,https://www.lcacommons.gov/,United States; some models may include wider supply-chain coverage,"Multiple federal repositories across energy, agriculture, forestry, transport, buildings and other sectors","LCA practitioners, researchers, agencies and data providers","Discover, browse and obtain public federal LCA repositories",English,Ongoing releases; historical start not yet confirmed,Platform; repository-specific versions,Latest visible release 2026-06-29,Active,Public web browsing and repository downloads; API requires a data.gov key,Repository-specific public terms,Public platform; individual terms vary,No registration observed for public browsing; API key registration required and not used,Multi-agency collaboration,Active federal agency collaboration and recurring releases,"LCA repositories, LCI datasets, LCIA methods and documentation",openLCA schema / Collaboration Server infrastructure,JSON-LD and zolca are visible for some releases; repository-specific options vary,Public API documented; API key required,FEDEFL supports elementary-flow harmonization,Not publicly confirmed,Repository and dataset metadata through Collaboration Server,Repository-specific releases and histories,Public central documentation and repository pages,Central data-submission guidance and FEDEFL harmonization,Federal data curator support is described; repository-specific review varies,Submission handbook and metadata guidance are public,Repository-specific,Agency/repository attribution,Not publicly confirmed,API not used because a key is required; repository methods and quality vary,USLCI; FEDEFL; openLCA Collaboration Server; openLCA Nexus; openLCA,hosts; nomenclature dependency; platform implementation,"Official FLCAC pages identify USLCI, FEDEFL and openLCA Collaboration Server.; Public openLCA Nexus metadata lists LCA Commons with openLCA-oriented groups/packages and formats (https://nexus.openlca.org/ws/dataproviders/9251)",JSON-LD and zolca visible for USLCI releases,FEDEFL mapping resources,"Public repository federation, schema access and flow harmonization",Heterogeneous agency models and API key requirement,https://www.lcacommons.gov/ ; https://www.lcacommons.gov/flcac-resources,https://www.lcacommons.gov/lca-commons-api-guide; https://nexus.openlca.org/ws/dataproviders/9251; https://nexus.openlca.org/databases,"Official pages describe a central federal repository portal, recurring releases, openLCA infrastructure and FEDEFL resources.",2026-08-22,High,Complete live repository roster; per-repository licences and QA; public API metadata scope,Public metadata verified; API not used
LCA-DB-0002,U.S. Life Cycle Inventory Database,USLCI,Database / dataset,"Public U.S. life cycle inventory database containing unit- and system-level process datasets contributed by public, private and academic sources.",U.S. Department of Energy / National Laboratory of the Rockies,National Laboratory of the Rockies on Federal LCA Commons,https://www.lcacommons.gov/lca-collaboration/National_Renewable_Energy_Laboratory/USLCI_Database_Public/datasets,United States,"More than 600 process LCIs across fuels, transport, metals, chemicals, resins, paper, electronics and building materials are publicly described","LCA practitioners, researchers, industry and agencies",U.S.-representative background LCI data,English,Project launched 2001; database published since 2003,Summer 2026 quarterly release,2026-06-29,Active quarterly releases,Public repository browsing and download options,Repository terms not yet fully reviewed,Public,No registration used; public download options are visible,Federal laboratory database within FLCAC,Quarterly release cadence and public change log,Unit and system LCI processes,openLCA Collaboration Server repository,JSON-LD and zolca releases are publicly referenced,Available through FLCAC infrastructure; key-based API not used,FEDEFL alignment through FLCAC,Not publicly confirmed,Public process metadata guidance and repository records,Quarterly numbered releases and change log,Public GitHub documentation and release notes,Submission handbook and curator process; specific dataset reviews vary,Contributed datasets are curated; exact review status must be checked per dataset,Metadata guidance and change logs are public,LCI; modelling perspectives may vary,Contributor and source metadata retained,Not publicly confirmed,Dataset representativeness and modelling choices vary; full per-dataset QA not reviewed in pilot,Federal LCA Commons; FEDEFL,hosted by; harmonized with,Official FLCAC pages identify USLCI as a repository and FEDEFL as the harmonization flow list.,JSON-LD and zolca,FLCAC flow mapping resources,Public machine-readable LCI and documented metadata,Repository-specific modelling and flow mapping,https://www.lcacommons.gov/lca-collaboration/National_Renewable_Energy_Laboratory/USLCI_Database_Public/datasets,https://github.com/FLCAC-admin/uslci-content ; https://www.lcacommons.gov/,"The public repository describes project history, more than 600 process LCIs and recurring 2026 releases.",2026-08-22,High,"Per-dataset review status, licence terms and temporal representativeness",Public metadata and download options verified
LCA-NOM-0001,Federal Elementary Flow List,FEDEFL,Nomenclature / classification,Standardized elementary-flow list supporting harmonization of data on the Federal LCA Commons.,U.S. Federal LCA Commons partners,FLCAC administrators; development resources hosted publicly,https://github.com/FLCAC-admin/fedelemflowlist,United States federal platform; mappings include international software and databases,Cross-sector elementary flows,"LCA data providers, curators and software users",Elementary-flow standardization and mapping,English,Not publicly confirmed,Not publicly confirmed,Not publicly confirmed,Active resource page; release status pending repository review,"Public documentation, scripts and mapping instructions",Not publicly confirmed,Public resource,No registration observed,FLCAC harmonization resource,Not publicly confirmed,"Elementary flow names, context and mappings",Not publicly confirmed,Public repository files and mapping artefacts; exact formats pending review,Public code repository; formal API not confirmed,Elementary-flow nomenclature,Not publicly confirmed,Not publicly confirmed,Repository releases/commits; formal policy pending review,Public GitHub and FLCAC guidance,Standardization and mapping support,Development paper and repository workflow are referenced,Public development publication linked,Elementary-flow harmonization,Not publicly confirmed,Not publicly confirmed,"Version, identifier policy and licence not yet extracted in pilot",Federal LCA Commons; USLCI; SimaPro; openLCA; ecoinvent,nomenclature dependency; flow mapping,"FLCAC states FEDEFL supports its harmonization and links mappings for SimaPro, openLCA and ecoinvent.",Mappings rather than full database exchange,Flow Mapping Instructions,Shared elementary-flow layer across databases and software,Semantic and contextual differences among source flow lists,https://www.lcacommons.gov/flcac-resources ; https://github.com/FLCAC-admin/fedelemflowlist,https://flcac-admin.github.io/FLCAC-docs/,The federal portal identifies FEDEFL as its standardized elementary-flow list and links mapping guidance.,2026-08-22,High,"Current release, persistent identifiers, licence and mapping coverage",Public documentation verified
LCA-MTH-0001,Global Life Cycle Impact Assessment Method,GLAM,Method / guidance (incl. LCIA),"Consensus-based global LCIA method covering characterization, normalization and weighting across three areas of protection.",Life Cycle Initiative hosted at UNEP,Life Cycle Initiative with scientific partners,https://www.lifecycleinitiative.org/activities/life-cycle-assessment-data-and-methods/global-guidance-for-life-cycle-impact-assessment-indicators-and-methods-glam/,Global,Potentially applicable across products and services,"LCIA method developers, LCA practitioners, researchers, policy and industry users","Environmental LCIA characterization, normalization and weighting",English,Initiated 2013; version launched October 2024; stewardship from 2026,1.0.2024.10,2024-10,Active stewardship phase,Public method files and documentation,Not publicly confirmed,Publicly downloadable,No registration observed,Life Cycle Initiative consensus process with academic partners and international experts,Stewardship phase stated for 2026 onward,"LCIA characterization, normalization and weighting factors",Method spreadsheets and documentation,XLS files distributed in ZIP,Spreadsheet files; API not confirmed,Linked to GLAD global nomenclature,Not publicly confirmed,Not publicly confirmed,Version identifier includes year and month,"Public method files, documentation and webinars",Multi-stage consensus and consultation,Expert workshops and broad stakeholder comment rounds are documented,Method documentation publicly linked,"Midpoint and damage characterization across ecosystem quality, human health and socio-economic assets","Co-leads, funders and expert participation publicly described",Not publicly confirmed,Implementation status across software and exact licence require verification,GLAD,nomenclature and LCI-LCIA linkage,Official GLAM page states collaboration with GLAD nomenclature for software implementation.,Spreadsheet factors; software implementations pending mapping,GLAD nomenclature linkage stated,Globally aligned LCIA factors and flow nomenclature,Software implementation and flow matching must be validated,https://www.lifecycleinitiative.org/activities/life-cycle-assessment-data-and-methods/global-guidance-for-life-cycle-impact-assessment-indicators-and-methods-glam/,https://www.lifecycleinitiative.org/activities/life-cycle-assessment-data-and-methods/global-guidance-for-life-cycle-impact-assessment-indicators-and-methods-glam/lcia-cf/,"The official page identifies GLAM 1.0.2024.10, public files, consensus development and GLAD nomenclature linkage.",2026-08-22,High,"Licence, software implementations, formal citation and update policy",Public documentation and download links verified
LCA-STD-0001,ISO 14044:2006,Environmental management — Life cycle assessment — Requirements and guidelines,Method / guidance (incl. LCIA),International standard specifying requirements and guidelines for LCA and LCI studies.,International Organization for Standardization,ISO/TC 207/SC 5,https://www.iso.org/standard/38498.html,International,Cross-sector LCA and LCI studies,"Organizations, practitioners, reviewers and standard users","Goal and scope, inventory, impact assessment, interpretation, reporting and critical review requirements",Multiple purchasable language editions; public page in English,Published 2006; amendments 2017 and 2020,ISO 14044:2006 with Amendments 1:2017 and 2:2020,Confirmed in 2022; currently under systematic review,Published and current; review in progress,Public metadata and abstract; full standard for purchase,ISO copyrighted standard,Restricted full text / paid,Purchase required for full text; not used in this review,ISO/TC 207/SC 5,ISO systematic review cycle,Normative requirements and guidance,Not applicable,Document,No public machine-readable standard confirmed,ISO terminology,ISO 14044:2006,ISO catalogue metadata,"Edition, amendments and review stages",Public abstract and lifecycle status; full text restricted,Standardized requirements include reporting and critical review,ISO systematic review and amendment process,Requirements are in the restricted full text; public abstract confirms scope,Four LCA phases and study requirements,ISO committee attribution,Standard reference number,Full requirements were not accessed because purchase is required,"LCA studies, databases, methods and software claiming ISO alignment",normative methodological reference,"Public abstract covers LCI, LCIA, interpretation, reporting and critical review.",Not applicable,Not applicable,Shared methodological baseline,Normative text is not publicly accessible in full,https://www.iso.org/standard/38498.html,https://www.iso.org/committee/54854/x/catalogue/,"ISO publicly confirms the standard's scope, publication status, amendments and current review history.",2026-08-22,High,Outcome of current systematic review; detailed clause-level implications,Public metadata verified; full standard not purchased
LCA-DB-0003,Agri-footprint,Agri-footprint database,Database / dataset,Commercial global life cycle inventory database for the agri-food sector.,Mérieux NutriSciences | Blonk,Mérieux NutriSciences | Blonk,https://blonksustainability.nl/tools-and-databases/agri-footprint,63+ countries stated for version 7,"Agri-food; 4,800+ datasets stated for version 7","LCA practitioners, companies, researchers and software providers","LCA, carbon footprints, hotspot analysis, labels and software integration",English public documentation,Not publicly confirmed,7.0,2025-05,Active; version 8 announced but not confirmed released on the accessed page,Annual commercial licences; public methodology and product metadata,"Research, consultancy, commercial, developer and enterprise licence options",Commercial / restricted data; public methodology,Contact or licence required for database access; not used,Maintained by Mérieux NutriSciences | Blonk,Not publicly confirmed,LCI unit-process and impact-result data,Not publicly confirmed,JSON; Blonk Data Hub; XLS/CSV on request,JSON and cloud data hub,Not publicly confirmed,Not publicly confirmed,Not publicly confirmed,Numbered database releases,Public methodology reports and known-issues page,Not publicly confirmed,Not publicly confirmed,Not publicly confirmed,"ISO 14040/44, PEF and ReCiPe 2016 are stated",Not publicly confirmed,Not publicly confirmed,Underlying data require a commercial licence,ReCiPe 2016; ecoinvent; SimaPro; openLCA; openLCA Nexus,method dependency; background data; software distribution,Not publicly confirmed; Public openLCA Nexus metadata lists Agri-footprint with openLCA-oriented groups/packages and formats (https://nexus.openlca.org/ws/dataproviders/8753),JSON; SimaPro; openLCA availability described by provider,Not publicly confirmed,Public methodology and structured exports can support mapping,Licence type governs integration and redistribution,https://blonksustainability.nl/tools-and-databases/agri-footprint,Not publicly confirmed; https://nexus.openlca.org/ws/dataproviders/8753; https://nexus.openlca.org/databases,"Official page identifies version 7.0, 4,800+ datasets, 63+ countries, JSON/Data Hub access and annual licence options.",2026-08-22,High,Whether Agri-footprint 8 had formally launched by the publication cut-off,Public metadata verified; database not accessed
LCA-DB-0004,AGRIBALYSE,AGRIBALYSE database,Database / dataset,French public programme and database providing agricultural and food life-cycle data and product impact results.,ADEME,ADEME and programme partners,https://doc.agribalyse.fr/documentation-en/,"France, with imported/background processes","Agriculture and food; public documentation refers to 2,516 finished food products","LCA practitioners, public authorities, researchers, food-sector users and tool developers","Agricultural and food LCA, ecodesign and consumer environmental information",French and English documentation,Not publicly confirmed,3.2,Not publicly confirmed,Active; version 3.3 was described as planned for 2026,Simplified results publicly downloadable; full disaggregated LCI available through LCA software,Etalab Open Licence for public AGRIBALYSE information; ecoinvent rights apply to included background data,Mixed open and restricted components,No registration observed for public documentation/results; full software packages may have separate conditions,ADEME public programme with research and technical partners,Not publicly confirmed,LCI processes and calculated product impact indicators,Not publicly confirmed,CSV/Excel for simplified results; software-specific LCI distributions,Not publicly confirmed,Not publicly confirmed,Not publicly confirmed,Not publicly confirmed,Not publicly confirmed,Not publicly confirmed,"User guide, scientific documentation, DQR and change reports",Not publicly confirmed,Not publicly confirmed,LCA and Environmental Footprint methods,Not publicly confirmed,Not publicly confirmed,Full LCI reuse is constrained by ecoinvent background-data licensing and software implementation differences,ecoinvent; SimaPro; Brightway; openLCA; Environmental Footprint methods; openLCA Nexus,background data; software distribution; method implementation,Not publicly confirmed; Public openLCA Nexus metadata lists Agribalyse with openLCA-oriented groups/packages and formats (https://nexus.openlca.org/ws/dataproviders/8001),"SimaPro, Brightway and openLCA are documented",Not publicly confirmed,Not publicly confirmed,Not publicly confirmed,https://doc.agribalyse.fr/documentation-en/agribalyse-data/data-access ; https://doc.agribalyse.fr/documentation/utiliser-agribalyse/precautions-et-conditions-dusage,Not publicly confirmed; https://nexus.openlca.org/ws/dataproviders/8001; https://nexus.openlca.org/databases,Official documentation distinguishes open simplified results from full LCI distributions and records Etalab and ecoinvent-related conditions.,2026-08-22,High,Formal release date and final status of version 3.3,Public metadata and simplified-access conditions verified
LCA-DB-0005,Swiss Federal Administration LCI Database (BAFU),BAFU:2026; BAFU:20XY; Swiss Federal Administration LCI Database; UVEK LCI data successor,Database / dataset,"Life cycle inventory database of the Swiss Federal Administration, published by the Federal Office for the Environment.",Swiss Federal Office for the Environment (FOEN/BAFU),FOEN/BAFU and commissioned technical partners,https://nexus.openlca.org/database/BAFU,Switzerland with supporting international background processes,"About 11,000 LCIs in 176 categories including construction, mobility, energy, metals, chemicals, paper, agriculture, food, consumption and waste management","Government, LCA practitioners, consultants and researchers",Swiss public-sector and product/environmental footprint studies,German and English public reports,Not publicly confirmed,BAFU:2026 Version 1,2026-06-22,Active annual/versioned programme,Public metadata and reports; distribution through openLCA Nexus,Public terms of use available,Free database with stated terms; Nexus registration required for download,Yes for Nexus download; not used,Federal database commissioned and stewarded by FOEN/BAFU,Not publicly confirmed,Life cycle inventory processes,Not publicly confirmed,openLCA zolca; ecoSpold1; Excel LCIA results; PDF documentation,Not publicly confirmed,Not publicly confirmed,Not publicly confirmed,Not publicly confirmed,Year-labelled releases; BAFU:20XY quality requirements,"Public project reports, quality requirements and terms",Public data-quality requirements and review reports,Not publicly confirmed,Not publicly confirmed,Not publicly confirmed,Not publicly confirmed,Not publicly confirmed,Database package was not downloaded because Nexus registration is required,openLCA Nexus; ecoinvent; UVEK LCI Data; openLCA,distribution; lineage/background modelling,Not publicly confirmed; Public openLCA Nexus metadata lists BAFU with openLCA-oriented groups/packages and formats (https://nexus.openlca.org/ws/dataproviders/10465),Not publicly confirmed,Not publicly confirmed,Not publicly confirmed,Not publicly confirmed,https://www.bafu.admin.ch/en/studies-economy-and-consumption ; https://nexus.openlca.org/ws/dataproviders/10465,Not publicly confirmed; https://nexus.openlca.org/ws/dataproviders/10465; https://nexus.openlca.org/databases,"Public BAFU provider metadata identifies BAFU:2026 Version 1, released 22 June 2026, with about 11,000 LCIs in 176 categories and zolca, ecoSpold1, Excel and PDF distributions.",2026-08-25,High,Complete licence interpretation and software-by-format import tests beyond the provider statements,Current public metadata verified; packages requiring acceptance of terms were not downloaded
LCA-DB-0006,cm.chemicals,Carbon Minds chemical LCI/PCF database,Database / dataset,"Commercial, highly regionalized LCI and product-carbon-footprint database for chemicals and plastics.",Carbon Minds,Carbon Minds,https://www.carbon-minds.com/products/data/carbon-footprint-and-lca-data/database-and-methodology-versions/,Global; provider states 200+ regions,"Chemicals and plastics; provider homepage states 1,700+ products","Chemical-sector LCA and PCF practitioners, companies and software users","Chemical LCA, product carbon footprints and Scope 3 factors",English,Not publicly confirmed,Methodology v2.03 (2026),2026-06,Active; annual updates stated,Commercial database; public methodology and version metadata,Commercial licence,Commercial / restricted,Signup is required for some downloads; not used,Maintained by Carbon Minds,Not publicly confirmed,Regionalized LCI and PCF datasets,Not publicly confirmed,Not publicly confirmed,Not publicly confirmed,Not publicly confirmed,Not publicly confirmed,Not publicly confirmed,Versioned methodologies and change reports,Public methodology/version page; some downloads require signup,Provider states ISO-ready data and external certifications,Not publicly confirmed,Not publicly confirmed,Not publicly confirmed,Not publicly confirmed,Not publicly confirmed,Dataset content and claimed coverage were not independently sampled,SimaPro; openLCA Nexus; openLCA,software distribution,Not publicly confirmed; Public openLCA Nexus metadata lists Carbon Minds with openLCA-oriented groups/packages and formats (https://nexus.openlca.org/ws/dataproviders/9801),Not publicly confirmed,Not publicly confirmed,Not publicly confirmed,Not publicly confirmed,https://www.carbon-minds.com/products/data/carbon-footprint-and-lca-data/database-and-methodology-versions/,Not publicly confirmed; https://nexus.openlca.org/ws/dataproviders/9801; https://nexus.openlca.org/databases,Official page identifies cm.chemicals as an LCI database for chemicals and plastics and lists methodology v2.03 in June 2026.,2026-08-22,High,"Current dataset count by product, region and technology under each licence",Public metadata verified; restricted data not accessed
LCA-DB-0007,EXIOBASE 3,EXIOBASE; EXIOBASE3,Database / dataset,Global multiregional environmentally extended supply-use and input-output database.,EXIOBASE consortium,EXIOBASE research consortium; current releases distributed on Zenodo,https://exiobase.eu/,44 countries and 5 rest-of-world regions for EXIOBASE 3,200 products and 163 industries,"Researchers, footprint analysts and policy users","Consumption footprints, MRIO analysis and hybrid LCA",English,Core historical monetary tables plus nowcasts and updates,EXIOBASE 3 release family,Not publicly confirmed,Active release/update record on Zenodo,Public download,CC BY-SA 4.0 stated for current monetary release,Open,No registration required for public metadata/download,Research consortium developed through European research programmes,Not publicly confirmed,MR-SUT and MR-IOT with environmental extensions,Not publicly confirmed,Tabular release packages,Not publicly confirmed,Not publicly confirmed,Zenodo DOI/version records,Not publicly confirmed,Versioned Zenodo releases,"Public methodology, concordances and publications",Research documentation and reproducible release record,Not publicly confirmed,Not publicly confirmed,Not publicly confirmed,Not publicly confirmed,Not publicly confirmed,Multiple monetary/hybrid/nowcast variants require version-specific use,USEEIO; Brightway and other MRIO/LCA tools; openLCA Nexus; openLCA,model input; software use,Not publicly confirmed; Public openLCA Nexus metadata lists exiobase with openLCA-oriented groups/packages and formats (https://nexus.openlca.org/ws/dataproviders/8501),Not publicly confirmed,Not publicly confirmed,Not publicly confirmed,Not publicly confirmed,https://exiobase.eu/,Not publicly confirmed; https://nexus.openlca.org/ws/dataproviders/8501; https://nexus.openlca.org/databases,"Official site defines the MR-SUT/MR-IOT system, EXIOBASE 3 dimensions, open licence and Zenodo release channel.",2026-08-22,High,Which current release should be the default citation for monetary versus hybrid use,Public metadata and release channel verified
LCA-DB-0008,AIST-IDEA,IDEA; Inventory Database for Environmental Analysis,Database / dataset,Japanese life cycle inventory database designed to represent almost all business activities in Japan.,National Institute of Advanced Industrial Science and Technology (AIST),AIST-IDEA programme and AIST Solutions licensing service,https://idea-lca.com/en/features/,Japan; adapted overseas versions are also described,"Almost all Japanese business activities; 10,000+ processes stated for v4","LCA practitioners, companies, researchers and public programmes",Japanese background LCI and carbon-footprint/LCA studies,Japanese and English public pages,Not publicly confirmed,v4,Not publicly confirmed,Active; minor adjustments stated in progress in 2026,Commercial one-year licence; sample data by application,AIST-IDEA licence terms,Commercial / restricted,Application/contact required; not used,Developed by AIST; licensed through AIST Solutions arrangements,Not publicly confirmed,Aggregated upstream data and linked unit-process datasets,Not publicly confirmed,Excel; SimaPro and openLCA implementations,Not publicly confirmed,Not publicly confirmed,Not publicly confirmed,Not publicly confirmed,Numbered major/minor versions,Public feature and licence pages,National-statistics and process-data modelling described; full QA documentation pending,Not publicly confirmed,Not publicly confirmed,Not publicly confirmed,Not publicly confirmed,Not publicly confirmed,Underlying database was not accessed,SimaPro; openLCA; MiLCA; openLCA Nexus,software distribution,Not publicly confirmed; Public openLCA Nexus metadata lists idea with openLCA-oriented groups/packages and formats (https://nexus.openlca.org/ws/dataproviders/8651),Not publicly confirmed,Not publicly confirmed,Not publicly confirmed,Not publicly confirmed,https://idea-lca.com/en/features/,Not publicly confirmed; https://nexus.openlca.org/ws/dataproviders/8651; https://nexus.openlca.org/databases,"Official page identifies AIST-IDEA v4, 10,000+ processes, Japanese statistical basis and Excel/SimaPro/openLCA delivery.",2026-08-22,High,Final v4 release date and exact licence variants for overseas adaptations,Public metadata verified; licensed database not accessed
LCA-DB-0009,Banca Dati Italiana LCA,BDI-LCA; Italian LCA Database,Platform / repository / network,Italian public LCA database node managed by ENEA and populated by ARCADIA and related national projects.,ENEA,ENEA; ARCADIA and successor MASE–ENEA programme,https://bancadatiitalianalca.enea.it/Node/index.xhtml?stock=BDILCA,Italy,"More than 180 datasets across 23 supply chains reported in 2024; node lists energy, construction, agri-food, wood/furniture and other project stocks","Public administrations, companies, researchers and LCA practitioners","Italian representative LCI, public procurement and product studies",Italian and English node pages,Not publicly confirmed,Continuously updated node,Not publicly confirmed,Active; 2024–2029 maintenance and development agreement reported,Public metadata; registration required for full dataset access,Node EULA; sample dataset metadata states ODbL/free use,Free with terms; metadata public,Yes for full access; not used,ENEA-managed national infrastructure under public programmes,Not publicly confirmed,LCI process datasets and metadata,ILCD,ILCD XML,Not publicly confirmed,Not publicly confirmed,UUID and dataset version,Public ILCD metadata pages,Dataset-level versions and timestamps,Public node and project methodology,"ARCADIA methodology, ISO 14040/44 declarations and review metadata",Not publicly confirmed,Not publicly confirmed,Not publicly confirmed,Not publicly confirmed,Not publicly confirmed,Full inventory exchanges are hidden until registration,LCDN; ILCD Data Format; GLAD,registered node; schema dependency,Not publicly confirmed,Not publicly confirmed,Not publicly confirmed,Not publicly confirmed,Not publicly confirmed,https://bancadatiitalianalca.enea.it/Node/index.xhtml?stock=BDILCA ; https://www.arcadia.enea.it/la-banca-dati.html,Not publicly confirmed,Official ENEA node identifies BDI-LCA and its project stocks; public dataset pages expose ILCD metadata while full data require registration.,2026-08-22,High,Current authoritative dataset count and stock-level licence differences,Public metadata verified; full datasets not accessed
LCA-DB-0010,US Environmentally-Extended Input-Output models,USEEIO,Database / dataset,Family of US EPA environmentally extended input-output models combining economic transactions with environmental and economic indicators.,US Environmental Protection Agency,US EPA research team,https://www.epa.gov/land-research/us-environmentally-extended-input-output-useeio-models,United States with imported-impact extensions in some variants,US economy; official page describes 389 industry sectors,"Policy analysts, footprint practitioners, researchers and developers","Life-cycle screening, national prioritization, supply-chain factors and consumption footprints",English,Not publicly confirmed,USEEIO v2.x family; v2.3 model variants present in current useeior releases,Not publicly confirmed,Active open-source modelling framework,"Public model data, code and documentation",Open-source components with repository-specific licences/disclaimers,Open,No registration for EPA pages or public repository,Developed by US EPA researchers,Not publicly confirmed,"EEIO model matrices, satellite tables, indicators and results",Not publicly confirmed,Not publicly confirmed,R package and model/API outputs,Not publicly confirmed,Not publicly confirmed,Not publicly confirmed,Documented model naming scheme and software releases,"EPA pages, peer-reviewed manuscripts and repositories",EPA-reviewed code/model specifications and published validation,Not publicly confirmed,Not publicly confirmed,Not publicly confirmed,Not publicly confirmed,Not publicly confirmed,Multiple model forms and software releases must not be conflated,FEDEFL; Federal LCA Commons; EXIOBASE,flow harmonization; hosting; import-emission-factor input,Not publicly confirmed,Not publicly confirmed,Not publicly confirmed,Not publicly confirmed,Not publicly confirmed,https://www.epa.gov/land-research/us-environmentally-extended-input-output-useeio-models ; https://github.com/USEPA/useeior,Not publicly confirmed,EPA defines USEEIO as a family of environmental-economic models; the official repository contains validated model specifications and versioned build tools.,2026-08-22,High,Default current model variant for general inventory reporting,"Public metadata, code and model documentation verified"
LCA-STD-0002,ISO 14040:2006,ISO 14040,Method / guidance (incl. LCIA),International standard defining LCA principles and framework.,International Organization for Standardization,ISO/TC 207/SC 5,https://www.iso.org/standard/37456.html,International,Cross-sector,"LCA practitioners, standards users and organizations",Principles and framework for LCA and LCI studies,Multiple ISO editions; public page in English,Not publicly confirmed,"Edition 2 (2006), confirmed 2022",2006-07; Amendment 1:2020,Current / published,Public abstract and metadata; full text for purchase,ISO copyright,Public metadata; paid full text,No registration for public metadata,ISO technical committee process,Not publicly confirmed,Not publicly confirmed,Not publicly confirmed,Not publicly confirmed,Not publicly confirmed,Not publicly confirmed,Not publicly confirmed,Not publicly confirmed,Not publicly confirmed,Public abstract and preview; full standard restricted,Not publicly confirmed,Not publicly confirmed,Not publicly confirmed,"Defines LCA goal/scope, inventory, impact assessment and interpretation framework",Not publicly confirmed,Not publicly confirmed,Not publicly confirmed,ISO 14044; ISO 14067,normative framework,Not publicly confirmed,Not publicly confirmed,Not publicly confirmed,Not publicly confirmed,Not publicly confirmed,https://www.iso.org/standard/37456.html,Not publicly confirmed,"ISO lists edition 2, current confirmed status, Amendment 1:2020 and the LCA principles/framework scope.",2026-08-22,High,None for identity/status; detailed clause-level extraction was not attempted,Public metadata verified; full text not accessed
LCA-STD-0003,ISO 14067:2018,ISO 14067,Method / guidance (incl. LCIA),International standard for quantifying and reporting a product carbon footprint consistently with LCA standards.,International Organization for Standardization,ISO/TC 207/SC 7,https://www.iso.org/standard/71206.html,International,Products across sectors,Product carbon-footprint practitioners and organizations,Quantification and reporting of product carbon footprints,Multiple ISO editions; public page in English,Not publicly confirmed,Edition 1 (2018),2018-08,Published; marked to be revised,Public abstract and metadata; full text for purchase,ISO copyright,Public metadata; paid full text,No registration for public metadata,ISO technical committee process,Not publicly confirmed,Not publicly confirmed,Not publicly confirmed,Not publicly confirmed,Not publicly confirmed,Not publicly confirmed,Not publicly confirmed,Not publicly confirmed,Not publicly confirmed,Public abstract; full standard restricted,Not publicly confirmed,Not publicly confirmed,Not publicly confirmed,Consistent with ISO 14040 and ISO 14044; climate-change impact category,Not publicly confirmed,Not publicly confirmed,Not publicly confirmed,ISO 14040; ISO 14044,normative dependency,Not publicly confirmed,Not publicly confirmed,Not publicly confirmed,Not publicly confirmed,Not publicly confirmed,https://www.iso.org/standard/71206.html,Not publicly confirmed,"ISO identifies the published 2018 standard, its product-carbon-footprint scope and current revision stage.",2026-08-22,High,Future revision content and publication date,Public metadata verified; full text not accessed
LCA-SW-0004,One Click LCA,One Click LCA platform,Software / API / tool,"Commercial cloud software platform for LCA and EPD workflows in construction, infrastructure and manufacturing.",One Click LCA Ltd / One Click LCA group,One Click LCA,https://oneclicklca.com/en-us/,Global; provider states users in 170+ countries,"Construction, infrastructure and manufacturing","Designers, engineers, manufacturers, consultants and enterprises","Whole-building LCA, infrastructure LCA, product LCA, EPD and compliance reporting",Public pages in multiple locales,Not publicly confirmed,Not publicly confirmed,Not publicly confirmed,Active; public release notes,Commercial plans and account-based trials,Commercial licence,Commercial / restricted,Yes for trial/use; not used,Maintained by One Click LCA,Not publicly confirmed,"LCA models, EPD workflows and integrated datasets",Not publicly confirmed,Not publicly confirmed,APIs and BIM integrations publicly advertised,Not publicly confirmed,Not publicly confirmed,Not publicly confirmed,Continuous cloud releases and public update notes,Public product pages and help centre,Automated checks and external compliance/validation claims; exact scope must be recorded by module,Not publicly confirmed,Not publicly confirmed,Not publicly confirmed,Not publicly confirmed,Not publicly confirmed,"Dataset access, algorithms and exports depend on plan/module",SimaPro; ecoinvent; EPD and BIM ecosystems,data integration; workflow software,Not publicly confirmed,Not publicly confirmed,Not publicly confirmed,Not publicly confirmed,Not publicly confirmed,https://oneclicklca.com/en-us/ ; https://oneclicklca.com/en-us/company/about-us,Not publicly confirmed,Official pages identify commercial cloud LCA/EPD software for construction and manufacturing with BIM/API integrations and account-based access.,2026-08-22,High,Current plan-by-plan data licences and complete API/export matrix,Public metadata verified; software not accessed
LCA-MTH-0002,ReCiPe 2016,ReCiPe2016,Method / guidance (incl. LCIA),Harmonized life cycle impact assessment method providing midpoint and endpoint characterization.,Dutch National Institute for Public Health and the Environment (RIVM) and method authors,RIVM public distribution,https://www.rivm.nl/en/life-cycle-assessment-lca/downloads,Global method with world/region and country-specific factors where provided,Cross-sector LCIA,"LCA practitioners, software providers and researchers",Midpoint and endpoint life-cycle impact assessment,English,Not publicly confirmed,ReCiPe 2016; corrected report update 2017,2016/2017,Publicly distributed; current successor not identified,Public reports and characterization/normalization files,Not publicly confirmed,Publicly downloadable method files,No registration observed,Developed by a research-author consortium and distributed by RIVM,Not publicly confirmed,"Characterization factors, normalization scores and country-specific factors",Not publicly confirmed,PDF and Excel files,Not publicly confirmed,Not publicly confirmed,Not publicly confirmed,Not publicly confirmed,Not publicly confirmed,"Public method report, erratum and spreadsheets",Published methodology and corrected report,Not publicly confirmed,Not publicly confirmed,Not publicly confirmed,Not publicly confirmed,Not publicly confirmed,Software implementations and database flow mappings can differ,Agri-footprint; openLCA LCIA methods; SimaPro,method implementation,Not publicly confirmed,Not publicly confirmed,Not publicly confirmed,Not publicly confirmed,Not publicly confirmed,https://www.rivm.nl/en/life-cycle-assessment-lca/downloads,Not publicly confirmed,"RIVM provides the ReCiPe 2016 report, corrected 2017 update, characterization factors, normalization scores and country-specific factors.",2026-08-22,High,Formal licence statement for redistribution of method files,Public method files and metadata verified
LCA-MTH-0003,Product Environmental Footprint method,PEF; Environmental Footprint methods,Method / guidance (incl. LCIA),European Commission life-cycle method for measuring and communicating product environmental performance.,European Commission,Directorate-General for Environment and Joint Research Centre,https://environment.ec.europa.eu/publications/recommendation-use-environmental-footprint-methods_en,European Union method with wider voluntary use,Goods and services across product groups; product-category rules may refine the method,"Member States, public and private organizations and scheme operators",Product environmental footprint measurement and communication,EU publication languages,Not publicly confirmed,Commission Recommendation (EU) 2021/2279 method annexes,2021-12-16,Active policy/method framework,Public recommendation and annexes,EU public documents,Open documentation,No,European Commission recommendation and technical stewardship,Not publicly confirmed,"Method rules, impact categories, data-quality and reporting requirements",Implemented with EF-compliant ILCD/eILCD profiles,Environmental Footprint data format/profile,Not publicly confirmed,EF reference package and flow nomenclature,Not publicly confirmed,EF-compliant dataset requirements,Not publicly confirmed,"Public recommendation, annexes and technical guides","Data-quality rating, verification and compliance provisions in public method documents",Not publicly confirmed,Not publicly confirmed,Not publicly confirmed,Not publicly confirmed,Not publicly confirmed,"Method, category rules, reference packages and data format must be versioned separately",ILCD/eILCD; LCDN; GLAM; AGRIBALYSE,format profile; method/data compatibility,Not publicly confirmed,Not publicly confirmed,Not publicly confirmed,Not publicly confirmed,Not publicly confirmed,https://environment.ec.europa.eu/publications/recommendation-use-environmental-footprint-methods_en,Not publicly confirmed,The Commission page publishes the 2021 recommendation and annexes promoting Environmental Footprint methods for products and organizations.,2026-08-22,High,Canonical version identifiers for all current reference packages and EF data-format profiles,Public method and annexes verified
LCA-MTH-0004,Safe and Sustainable by Design framework,SSbD framework,Method / guidance (incl. LCIA),European Commission voluntary framework guiding safer and more sustainable chemicals and materials across their life cycles.,European Commission,Directorate-General for Research and Innovation and Joint Research Centre,https://research-and-innovation.ec.europa.eu/research-area/industrial-research-and-innovation/chemicals-and-advanced-materials/safe-and-sustainable-design_en,European Union with voluntary wider use,Chemicals and materials,"Industry, public authorities, researchers and research/technology organizations",Innovation-stage design and tiered safety/sustainability assessment,EU publication languages,Not publicly confirmed,"Revised Commission Recommendation, 2026",2026-03-06,Active revised framework,"Public recommendation, framework and guidance",EU public documents,Open documentation,No,European Commission voluntary recommendation supported by JRC methodology,Not publicly confirmed,"Design principles, tiered assessment steps and reporting guidance",Not publicly confirmed,Not publicly confirmed,Not publicly confirmed,Not publicly confirmed,Not publicly confirmed,Not publicly confirmed,Not publicly confirmed,"Public framework, recommendation and methodological guidance",Revised after public testing and case-study feedback,Not publicly confirmed,Not publicly confirmed,Life-cycle safety and sustainability assessment; related to but broader than environmental LCA,Not publicly confirmed,Not publicly confirmed,Adjacent framework rather than a conventional LCA database/method asset,Product Environmental Footprint method; ISO 14040/44,methodological context,Not publicly confirmed,Not publicly confirmed,Not publicly confirmed,Not publicly confirmed,Not publicly confirmed,https://research-and-innovation.ec.europa.eu/research-area/industrial-research-and-innovation/chemicals-and-advanced-materials/safe-and-sustainable-design_en,Not publicly confirmed,The official page states that the revised voluntary SSbD recommendation was adopted in March 2026 and covers whole-life-cycle chemicals/materials design and assessment.,2026-08-22,High,How the revised framework operationally references EF/LCA datasets in each assessment tier,Public framework documentation verified
LCA-SW-0005,Sphera LCA for Experts,LCA FE; former GaBi Software,Software / API / tool,Commercial expert LCA modelling software in Sphera's product-stewardship suite.,Sphera,Sphera,https://sphera.com/solutions/product-stewardship/life-cycle-assessment-software-and-data/,Global commercial product,Cross-sector product and corporate LCA,LCA experts and enterprises,"Detailed LCA modelling, scenario analysis and product footprints",English public page,Not publicly confirmed,Not publicly confirmed,Not publicly confirmed,Active,Commercial software; trial/account workflows,Commercial licence,Commercial / restricted,Yes for trial/use; not used,Maintained by Sphera,Not publicly confirmed,LCA models and results,Not publicly confirmed,Not publicly confirmed,Not publicly confirmed,Not publicly confirmed,Not publicly confirmed,Not publicly confirmed,Not publicly confirmed,Public product metadata; detailed help may be restricted,Not publicly confirmed,Not publicly confirmed,Not publicly confirmed,Not publicly confirmed,Not publicly confirmed,Not publicly confirmed,Software and managed database content are separate assets,Sphera Managed LCA Content,native/companion database content,Not publicly confirmed,Not publicly confirmed,Not publicly confirmed,Not publicly confirmed,Not publicly confirmed,https://sphera.com/solutions/product-stewardship/life-cycle-assessment-software-and-data/,Not publicly confirmed,Sphera distinguishes LCA for Experts software from Managed LCA Content databases and provides commercial trial/demo routes.,2026-08-22,High,Current software version identifier and public exchange-format matrix,Public metadata verified; software not accessed
LCA-DB-0011,Sphera Managed LCA Content,Sphera MLC; former GaBi Databases,Database / dataset,Commercial portfolio of life cycle inventory database bundles maintained by Sphera.,Sphera,Sphera,https://sphera.com/solutions/product-stewardship/life-cycle-assessment-software-and-data/managed-lca-content/,Global and regional content,"20,000 datasets and 60+ industries stated; 13 standard and 8 premium bundles",LCA experts and enterprises,Background LCI for product footprints and LCA,English public documentation,Not publicly confirmed,2026 release/catalogue,Not publicly confirmed,Active; regular updates stated,Commercial content accessed through Sphera solutions,Commercial licence,Commercial / restricted,Yes for use/trial; not used,Maintained by Sphera with industry association data contributions,Not publicly confirmed,"Unit, aggregated and plan-model LCI datasets",Not publicly confirmed,Not publicly confirmed,Not publicly confirmed,Not publicly confirmed,Not publicly confirmed,Not publicly confirmed,Annual release/catalogue cycle,Public catalogue and 2026 dataset documentation metadata,Provider states DEKRA verification and expert curation; exact coverage requires record-level review,Not publicly confirmed,Not publicly confirmed,Not publicly confirmed,Not publicly confirmed,Not publicly confirmed,Dataset counts and verification coverage are provider claims,Sphera LCA for Experts,companion/native managed content,Not publicly confirmed,Not publicly confirmed,Not publicly confirmed,Not publicly confirmed,Not publicly confirmed,https://sphera.com/solutions/product-stewardship/life-cycle-assessment-software-and-data/managed-lca-content/ ; https://lcadatabase.sphera.com/,Not publicly confirmed,"Official pages identify Sphera MLC as the renamed GaBi databases and describe 20,000 datasets grouped into sector bundles.",2026-08-22,High,Exact update cadence and verification coverage by bundle,Public catalogue metadata verified; content not accessed
LCA-DB-0012,TianGong LCA Database,TianGong LCA Data; 天工生命周期数据集,Database / dataset,Open reference life cycle inventory database with strong coverage of Chinese unit processes and an international contribution community.,TianGong community,TianGong LCA Data Working Group and platform community,https://www.tiangong.earth/data,China-focused with international contributions,"Provider live stats state 10,000+ unit processes/inventories, 70+ sectors and 2,000+ products","LCA practitioners, researchers, contributors and data-platform users","Reference LCI, dataset development and public data sharing",Chinese and English,Not publicly confirmed,Continuously updated platform dataset,Not publicly confirmed,Active platform; historical GitHub snapshot ceased maintenance in 2026,Public website and LCDN-style node; some platform workflows may require an account,Historical repository states open/free reference data; current dataset-level rights require review,Open/public reference data with dataset-specific conditions to verify,Public pages/node visible; account requirements vary by platform action,Community-organized initiative with academic co-organizers,Not publicly confirmed,"Unit processes, flows, flow properties and inventories",TIDAS and eILCD-compatible publication,TIDAS JSON/JSON Schema and ILCD/eILCD-compatible exports,Not publicly confirmed,Not publicly confirmed,UUID and dataset versions on the public node,Public dataset metadata and revision history,Dataset-level versions and revision records,"Public platform, TIDAS and node documentation",Construction guidelines and revision tracking are described; provider claims require dataset sampling,Not publicly confirmed,Not publicly confirmed,Not publicly confirmed,Not publicly confirmed,Not publicly confirmed,"Native MCP query returned server error twice, so coverage was not independently sampled",TianGong LCA Platform; TIDAS; GLAD; LCDN,hosted data; schema dependency; network interoperability,Not publicly confirmed,Not publicly confirmed,Not publicly confirmed,Not publicly confirmed,Not publicly confirmed,https://www.tiangong.earth/data ; https://lcdn.tiangong.earth/index.xhtml,Not publicly confirmed,"Official public pages describe an open evolving LCA database and provide live coverage statistics, a Soda4LCA node and revision records.",2026-08-22,Medium,"Current dataset licence profile, review coverage and platform export conditions",Public metadata verified; independent database query not completed
LCA-PLT-0001,TianGong LCA Platform,TianGong LCA; 天工LCA平台,Platform / repository / network,"Open-source collaborative platform for creating, managing, reviewing and using LCA data, built on TIDAS.",TianGong community,TianGong platform developers,https://docs.tiangong.earth/en/,Global software use; China-based initiative,Cross-sector LCA data management,"Dataset developers, teams, reviewers and LCA practitioners","LCI creation, reference-data access, collaboration and controlled delivery",Chinese and English documentation,Not publicly confirmed,Not publicly confirmed,Not publicly confirmed,Active documentation and platform,Open-source platform; online service or local deployment,Open-source; component licences to be recorded from repositories,Open-source software; online account functions vary,Online quick start includes registration/login; not used,TianGong project/community development,Not publicly confirmed,"Processes, flows, flow properties, models, review records and packages",TIDAS,Not publicly confirmed,Documented CLI and MCP/API integration,Not publicly confirmed,Not publicly confirmed,Not publicly confirmed,Software/tool releases and dataset versions,Public user and integration documentation,"Validation, review and collaboration functions described",Not publicly confirmed,Not publicly confirmed,Not publicly confirmed,Not publicly confirmed,Not publicly confirmed,Hosted account functions were not accessed,TianGong LCA Database; TIDAS,data hosting; native schema/software dependency,Not publicly confirmed,Not publicly confirmed,Not publicly confirmed,Not publicly confirmed,Not publicly confirmed,https://docs.tiangong.earth/en/,Not publicly confirmed,"Official documentation defines an open-source, online or locally deployable multi-team platform based on TIDAS.",2026-08-22,Medium,Repository/component licence matrix and current hosted release version,Public documentation verified; online account not used
LCA-SYS-0001,TIDAS (TianGong Data System),TianGong LCA Data System; TianGong Data System; TIDAS; TIangong DAta System,Data schema / exchange format,"Open-source LCA and carbon-footprint data system combining methodology, JSON-based format specifications, reference data and interoperability tools.",TianGong project / Carbon Footprint Industry Alliance ecosystem,TIDAS development community,https://tidas.tiangong.earth/en/docs/intro,Global technical design with Chinese reference ecosystem,Cross-sector LCA and carbon-footprint data,"Database developers, platform developers and data engineers","Data construction, validation, packaging, conversion and interoperable delivery",Chinese and English documentation,Not publicly confirmed,Schema assets bundled with TIDAS Tools v0.2.0; standalone schema release not separately confirmed,2026-08-20 bundled tool release,Active,Public open-source documentation and tools,TIDAS Tools repository is MIT licensed; bundled third-party eILCD assets may have separate terms,Open,No for local documentation/tools; remote platform access differs,TianGong open-source ecosystem,Not publicly confirmed,"Methodology, schema, reference packages and tools",JSON and JSON Schema,TIDAS packages; bidirectional eILCD conversion,Machine-readable JSON/JSON Schema; implemented by TIDAS Tools and related SDK/MCP integrations,Not publicly confirmed,Dataset IDs and versions defined in specifications,Standardized extensible JSON metadata,Integrity-locked schema assets are bundled with versioned TIDAS Tools releases; a separate public schema version was not confirmed,Public technical documentation,"Schema validation, completeness checks and deterministic packaging",Not publicly confirmed,Not publicly confirmed,Not publicly confirmed,Not publicly confirmed,Not publicly confirmed,"The public tool implements format conversions, but a bundled implementation version is not evidence of a separately versioned standalone schema release",TIDAS Tools; ILCD/eILCD; ecoSpold1; ecoSpold2; openLCA schema; TianGong LCA Platform; TianGong LCA Database,native schema; implemented validation; bidirectional conversion; external-format import,The public TIDAS Tools v0.2.0 contracts and tests identify the exact transformation directions and supported import families.,"TIDAS Tools v0.2.0 converts TIDAS to/from eILCD and imports EcoSpold 1/2, SimaPro CSV, openLCA JSON-LD, openLCA process XLSX and ILCD into validated TIDAS packages",Implemented TIDAS↔eILCD package conversion plus one-way external-format imports; deterministic mapping.csv.gz is optional for imports,"Use the public contracts, mapping output and recovery sidecars as reproducible evidence for schema-version comparison","TIDAS-only fields require deterministic sidecars for verified eILCD round-trip recovery; external-format adapters are documented as imports, not bidirectional lossless converters; .zolca is rejected",https://tidas.tiangong.earth/en/docs/intro ; https://github.com/tiangong-lca/tidas-tools,https://github.com/tiangong-lca/tidas-tools/blob/v0.2.0/docs/agents/cli-contract.md ; https://github.com/tiangong-lca/tidas-tools/blob/v0.2.0/contracts/conversion-report.v1.schema.json ; https://github.com/tiangong-lca/tidas-tools/blob/v0.2.0/contracts/import-execution-report.v1.schema.json,"Official documentation and the v0.2.0 public repository define TIDAS JSON/JSON Schema, bidirectional TIDAS/eILCD conversion with recovery sidecars, and validated imports from six named format families.",2026-08-25,High,Standalone schema release identifier; independent cross-tool conformance tests; field-coverage and loss metrics for each imported format/version pair,Public documentation verified
LCA-NOM-0002,BONSAI Core Ontology,BONSAI ontology,Nomenclature / classification,"Semantic-web core ontology for modelling life-cycle sustainability assessment activities, flows, agents and provenance.",BONSAI community,BONSAI network/contributors,https://ontology.bonsai.uno/core/ontology_v0.2.ttl,Global,Cross-sector industrial ecology and LCSA,"Semantic-web, LCA and industrial-ecology researchers and developers",Semantic representation and cross-dataset integration,English technical vocabulary,Not publicly confirmed,v0.2 URI,Not publicly confirmed,Public; current maintenance cadence not confirmed,Public ontology and research documentation,Not publicly confirmed,Open/public,No,BONSAI community ontology development,Not publicly confirmed,OWL/RDF classes and properties,RDF/OWL,Not publicly confirmed,Not publicly confirmed,Not publicly confirmed,Persistent ontology URIs,Links to PROV-O and semantic-web vocabularies,Not publicly confirmed,Public ontology and peer-reviewed paper,Not publicly confirmed,Not publicly confirmed,Not publicly confirmed,Not publicly confirmed,Not publicly confirmed,Not publicly confirmed,Operational adoption and current stewardship need review,BONSAI platform/data; EXIOBASE,semantic model,Not publicly confirmed,Not publicly confirmed,Not publicly confirmed,Not publicly confirmed,Not publicly confirmed,https://ontology.bonsai.uno/core/ontology_v0.2.ttl ; https://bonsai.uno/,Not publicly confirmed,"BONSAI publications and public URIs describe a core ontology for activities, flows, agents and life-cycle sustainability assessment.",2026-08-22,Medium,Current release/stewardship policy and licence statement,Public ontology identity verified
LCA-NOM-0003,Life Cycle Assessment Ontology,LCA Ontology; LifeCycleAssessmentMethodology.owl,Nomenclature / classification,OWL formalisation of general LCA methodology based on ISO 14040 and Process Specification Language concepts.,Project author/community repository,tishchungoora/lca-ontology repository maintainer,https://github.com/tishchungoora/lca-ontology,Global conceptual scope,Cross-sector LCA methodology,Ontology researchers and LCA developers,Formal semantic representation of LCA methodology,English,Not publicly confirmed,Repository state; no numbered release,Not publicly confirmed,Public but low activity,Public repository,MIT,Open,No for public files,Individual/open repository maintenance,Not publicly confirmed,OWL ontology,OWL,Not publicly confirmed,Not publicly confirmed,Not publicly confirmed,Not publicly confirmed,Not publicly confirmed,Not publicly confirmed,Public README and ontology file,Not publicly confirmed,Not publicly confirmed,Not publicly confirmed,Not publicly confirmed,Not publicly confirmed,Not publicly confirmed,No releases and limited maintenance evidence,ISO 14040,formalization of methodology,Not publicly confirmed,Not publicly confirmed,Not publicly confirmed,Not publicly confirmed,Not publicly confirmed,https://github.com/tishchungoora/lca-ontology,Not publicly confirmed,The repository identifies an MIT-licensed OWL formalisation of LCA methodology based on ISO 14040:2006.,2026-08-22,Medium,"Adoption, versioning and active stewardship",Public repository verified
LCA-NOM-0004,LCABIM ontology stack,LCA to BIM Workflow ontologies,Nomenclature / classification,"Modular ontology stack linking ILCD-based life-cycle data with BIM classifications, indicators and construction semantics.",LCA to BIM Workflow research project,RWTH design-computation project contributors,https://design-computation-rwth.github.io/lcabim-ontology/,Germany/EU project with reusable technical scope,Buildings and construction products,"BIM/LCA researchers, tool developers and data integrators","Semantic integration of ILCD data, BIM objects, classifications and indicators",English and German documentation,Not publicly confirmed,Published module set; draft specifications,Not publicly confirmed,Active public documentation in 2026,Public documentation and RDF serializations,Not publicly confirmed,Open/public,No,Publicly funded research project,Not publicly confirmed,OWL/RDF modules and SKOS schemes,RDF/OWL/SKOS,Not publicly confirmed,Not publicly confirmed,Not publicly confirmed,Persistent w3id.org/lcabim URIs,Module documentation and persistent namespaces,Not publicly confirmed,Public bilingual module documentation,Not publicly confirmed,Not publicly confirmed,Not publicly confirmed,Not publicly confirmed,Not publicly confirmed,Not publicly confirmed,Draft status and construction-specific scope,ILCD/eILCD; ÖKOBAUDAT classifications; BIM/bSDD/IFC,semantic mapping and schema import,Not publicly confirmed,Not publicly confirmed,Not publicly confirmed,Not publicly confirmed,Not publicly confirmed,https://design-computation-rwth.github.io/lcabim-ontology/,Not publicly confirmed,"The official project site lists modular ontologies for ILCD core, indicators, DIN 276, ÖKOBAUDAT and BIM-related properties with persistent URIs.",2026-08-22,Medium,Licence and stable release policy for each module,Public documentation and serializations verified
LCA-DB-0013,Base Empreinte®,ADEME Base Empreinte; Base Carbone and Base IMPACTS successor,Database / dataset,French official public database combining greenhouse-gas emission factors and multicriteria life-cycle inventory/impact data.,ADEME,ADEME,https://base-empreinte.ademe.fr/,France with international background data,"Organizations, consumer products, services and projects","Public authorities, companies, LCA/carbon practitioners, educators and tool developers","Carbon accounting, product environmental display, simplified LCA and ecodesign",French,Not publicly confirmed,Base Empreinte v1.1; Base Carbone v23.11 shown in 2026 news,2026-06-18 latest public news item accessed,Active,Free account required for dataset consultation/download; public descriptive pages accessible without login,Dataset-specific terms; ecoinvent-derived content has additional restrictions,Free but registration-gated; mixed reuse restrictions,Yes for data access; not used,ADEME-administered multi-stakeholder governance,Not publicly confirmed,"GHG emission factors, aggregated LCI and multicriteria LCIA data",Not publicly confirmed,Not publicly confirmed,Not publicly confirmed,Not publicly confirmed,Not publicly confirmed,Not publicly confirmed,Numbered Base Empreinte and Base Carbone releases,Public presentation and FAQ; detailed data documentation behind account,Not publicly confirmed,Not publicly confirmed,Not publicly confirmed,Not publicly confirmed,Not publicly confirmed,Not publicly confirmed,No account was created and no underlying dataset was downloaded,Base Carbone; Base IMPACTS; ecoinvent; AGRIBALYSE,successor/merger; background-data dependency,Not publicly confirmed,Not publicly confirmed,Not publicly confirmed,Not publicly confirmed,Not publicly confirmed,https://base-empreinte.ademe.fr/ ; https://base-empreinte.ademe.fr/aide/faq,Not publicly confirmed,ADEME describes Base Empreinte as the official public database formed from Base Carbone and Base IMPACTS; free data access requires an account and reuse conditions depend on source data.,2026-08-22,High,Dataset-level licence matrix and machine-readable export options,Public metadata verified; underlying data not accessed
LCA-NOM-0005,AGROVOC Multilingual Thesaurus,AGROVOC,Nomenclature / classification,"FAO-coordinated multilingual controlled vocabulary and linked-open-data concept scheme for food, agriculture and related domains.",Food and Agriculture Organization of the United Nations (FAO) and contributing language institutions,FAO-coordinated expert and institutional community,https://www.fao.org/agrovoc/,Global,"Food, agriculture, forestry, fisheries and related domains","Data publishers, repositories, researchers and semantic-web applications","Controlled indexing, data discovery, terminology alignment and semantic interoperability",Up to 42 languages stated on the official page,Not publicly confirmed,Continuously released linked-data vocabulary,Not publicly confirmed,Active; latest public browser release dated in 2026,"Public browse, RDF download, SPARQL endpoint and REST services",CC BY 4.0 for FAO-language content; other-language rights rest with contributing institutions,Open,No for browse/download/API,Community maintenance coordinated and technically supported by FAO,Not publicly confirmed,"Concepts, multilingual labels, definitions, relations and external mappings","RDF, SKOS and SKOS-XL",Not publicly confirmed,"SPARQL endpoint, REST API and RDF dumps",Not publicly confirmed,Persistent HTTP URIs,Not publicly confirmed,Timestamped releases and live endpoint,"Public access, release and maintenance pages",Not publicly confirmed,Not publicly confirmed,Not publicly confirmed,Not publicly confirmed,Not publicly confirmed,Not publicly confirmed,AGROVOC is not LCA-specific; relevance is strongest for agricultural-data interoperability,AGRIBALYSE; Agri-footprint; FOODON,domain vocabulary/mapping opportunity,Not publicly confirmed,Not publicly confirmed,Not publicly confirmed,Not publicly confirmed,Not publicly confirmed,https://www.fao.org/agrovoc/about ; https://www.fao.org/agrovoc/access,Not publicly confirmed,"FAO describes AGROVOC as a multilingual linked-open-data thesaurus with public RDF, SPARQL and REST access, maintained by a coordinated international community.",2026-08-22,High,Coverage of explicit mappings to current LCA flow and product classifications,Public vocabulary and access documentation verified
LCA-MTH-0005,AWARE,Available WAter REmaining,Method / guidance (incl. LCIA),Consensus LCIA method and characterization factors for assessing potential water-deprivation impacts from water consumption.,WULCA working group / UNEP-SETAC Life Cycle Initiative community,WULCA,https://wulca-waterlca.org/what-is-aware/,"Global, watershed and country aggregations","Agricultural, domestic/industrial and unknown water uses","LCA practitioners, method developers and policy programmes",Water-scarcity footprint and midpoint LCIA,English,Not publicly confirmed,Official AWARE version family,Not publicly confirmed,Active public method resource,Public method documentation and downloadable factors,Not publicly confirmed,Open documentation/factors,No observed for public method pages,Consensus working-group development,Not publicly confirmed,"Characterization model, factors and supporting data",Not publicly confirmed,Not publicly confirmed,Not publicly confirmed,Not publicly confirmed,Not publicly confirmed,Not publicly confirmed,Official versions and factor downloads,"Public method explanation, publications, factors and uncertainty resources","Consensus-building, peer-reviewed publication and institutional recommendations",Not publicly confirmed,Not publicly confirmed,Available water remaining after human and aquatic-ecosystem demand,Not publicly confirmed,Not publicly confirmed,Aggregated factors can obscure regional and seasonal variability,Product Environmental Footprint method; GLAM,method implementation,Not publicly confirmed,Not publicly confirmed,Not publicly confirmed,Not publicly confirmed,Not publicly confirmed,https://wulca-waterlca.org/what-is-aware/,Not publicly confirmed,WULCA defines AWARE as a consensus midpoint water-use indicator calculated at sub-watershed/monthly resolution and provides factors for different use types.,2026-08-22,High,Exact release identifiers implemented by major databases/software,Public official method documentation verified
LCA-DB-0014,Australian Life Cycle Inventory Database,AusLCI; The Australian LCI Database,Database / dataset,National publicly accessible inventory initiative for standardized Australian product and service life-cycle data.,Australian Life Cycle Assessment Society (ALCAS),AusLCI Database Committee and sector partners,https://www.auslci.com.au/,Australia,Australian products and services across participating sectors,"Industry, government, researchers and LCA practitioners","Australian background LCI, product assessment, policy and calculators",English,Not publicly confirmed,Not publicly confirmed,Not publicly confirmed,Public programme/site active; release recency requires record-level review,Publicly accessible database and downloadable guidance as stated by the programme,Public licence details require dataset-level confirmation,Public,Not publicly confirmed,ALCAS initiative overseen by an AusLCI Database Committee and sector subcommittees,Not publicly confirmed,"Life-cycle inventory datasets, methodologies and protocols",Not publicly confirmed,Not publicly confirmed,Not publicly confirmed,Not publicly confirmed,Not publicly confirmed,Not publicly confirmed,Not publicly confirmed,Public methodology and sector reports,"Standardized ISO 14040-aligned methodology, protocols and committee oversight",Not publicly confirmed,Not publicly confirmed,Not publicly confirmed,Not publicly confirmed,Not publicly confirmed,Official public page does not expose a clear current release/version summary,ecoinvent; Australian sector datasets,background-data and method alignment,Not publicly confirmed,Not publicly confirmed,Not publicly confirmed,Not publicly confirmed,Not publicly confirmed,https://www.auslci.com.au/,Not publicly confirmed,ALCAS describes AusLCI as a national publicly accessible database of standardized Australian life-cycle information developed under ISO 14040 methodologies.,2026-08-22,Medium,"Current release, dataset count, download path, licence and maintenance cadence",Public identity and governance verified; current release metadata incomplete
LCA-DB-0015,ÖKOBAUDAT,ÖKOBAUDAT EPD database,Database / dataset,German federal standardized LCA/EPD database for construction materials and building assessment.,"German Federal Ministry for Housing, Urban Development and Building (BMWSB) / Federal Institute for Research on Building, Urban Affairs and Spatial Development (BBSR)",BBSR and commissioned technical operators,https://www.oekobaudat.de/,Germany with European/international EPD content,"Construction products, materials and building-related processes","Building LCA practitioners, designers, public authorities, EPD programme operators and software providers","Building LCA, federal sustainable-building assessment and EPD data reuse",German and English,Not publicly confirmed,ÖKOBAUDAT 2024-II database release; daily-current download snapshot,Not publicly confirmed,Active; acceptance principles updated 2026-07-23,Public online search and ZIP/CSV downloads,Public terms and dataset-specific EPD rights,Open/public metadata and downloads,No for published downloads observed,Federal owner with formal admission principles for programme operators and datasets,Not publicly confirmed,Construction-product LCA and EPD datasets,Not publicly confirmed,ILCD+EPD v1.2; ZIP/XML and CSV exports,Soda4LCA-compatible online interface,Not publicly confirmed,Not publicly confirmed,Not publicly confirmed,Named database releases plus current snapshots and archive,"Public manual, format definitions, developer documentation and validation profiles","Admission criteria, EN 15804 conformance and downloadable validation tool/profiles",Not publicly confirmed,Not publicly confirmed,Not publicly confirmed,Not publicly confirmed,Not publicly confirmed,Generic data release label remains 2024-II while profile and admission documents were updated in 2026,ILCD+EPD; EN 15804; ECO Platform; EPD Editor; openLCA Nexus; openLCA,schema implementation; standards conformance; network publication,Not publicly confirmed; Public openLCA Nexus metadata lists Ökobaudat with openLCA-oriented groups/packages and formats (https://nexus.openlca.org/ws/dataproviders/201),Not publicly confirmed,Not publicly confirmed,Not publicly confirmed,Not publicly confirmed,https://www.oekobaudat.de/service/downloads,Not publicly confirmed; https://nexus.openlca.org/ws/dataproviders/201; https://nexus.openlca.org/databases,"The official download page provides the 2024-II database as ZIP/CSV, defines ILCD+EPD v1.2, publishes a 2026 validation profile and documents EN 15804 conformance.",2026-08-22,High,Dataset-level licences and the next full generic-data release,Public downloads and technical documentation verified
LCA-NET-0003,ECO Platform,ECO Platform AISBL,Platform / repository / network,"International non-profit network harmonizing construction EPD rules, quality assurance and digital data requirements.",ECO Platform AISBL,ECO Platform members and secretariat,https://www.eco-platform.org/,"International, with strong European construction coverage",Construction products and services,"EPD programme operators, manufacturers, LCA experts and software/data providers","Mutual recognition, harmonized EPD rules, quality assurance and digital EPD coordination",English,Not publicly confirmed,Not publicly confirmed,Not publicly confirmed,Active,Public standards and programme metadata; member and portal services have separate conditions,Public documents plus service-specific terms,Mixed public/network services,No for public network documentation,International multi-stakeholder non-profit association,Not publicly confirmed,"Common rules, programme recognition, quality frameworks and network metadata",Not publicly confirmed,Not publicly confirmed,Not publicly confirmed,Not publicly confirmed,Not publicly confirmed,Not publicly confirmed,Not publicly confirmed,"Public standards, programme lists and position documents",Common requirements and programme-operator audit/recognition,Not publicly confirmed,Not publicly confirmed,Not publicly confirmed,Not publicly confirmed,Not publicly confirmed,Network governance and data repository are separate assets,ECO Portal; ILCD+EPD; EN 15804,governs/coordinates; standards alignment,Not publicly confirmed,Not publicly confirmed,Not publicly confirmed,Not publicly confirmed,Not publicly confirmed,https://www.eco-platform.org/home.html,Not publicly confirmed,"ECO Platform describes itself as a non-profit multi-stakeholder association harmonizing EPD rules, quality assurance and digital data access for construction.",2026-08-22,High,Current membership-level data rights and audit coverage metrics,Public official network documentation verified
LCA-REP-0003,ECO Portal,ECO Platform EPD database; ECO Portal API,Platform / repository / network,Federated discovery and access portal for digital ECO EPD datasets published by recognized programme operators.,ECO Platform AISBL,ECO Platform and connected EPD programme-operator nodes,https://www.eco-platform.org/epd-data.html,International,Construction-product environmental declarations,"LCA practitioners, construction professionals, data providers and software vendors","EPD discovery, dataset access and API integration",English; node content may be multilingual,Not publicly confirmed,Not publicly confirmed,Not publicly confirmed,Active; new portal transition completed after 2025 legacy shutdown,Free general access after registration; professional API use has category-based fees,ECO Portal terms plus originating programme/dataset rights,Registration-gated; mixed free and fee-based API access,Yes; not used,ECO Platform portal federating member programme nodes,Not publicly confirmed,Digital EPD metadata and linked full datasets,ILCD+EPD/Soda4LCA ecosystem,Not publicly confirmed,Token-authenticated federated API,Not publicly confirmed,Not publicly confirmed,Not publicly confirmed,Portal and node releases; dataset versions/validity periods,"Public API guide, transition information and programme listings","Programme recognition, digital-publication requirements and portal validation routines",Not publicly confirmed,Not publicly confirmed,Not publicly confirmed,Not publicly confirmed,Not publicly confirmed,No account was created and no API token was requested,ECO Platform; ILCD+EPD; ÖKOBAUDAT; EPD programme nodes,network repository; federated distribution,Not publicly confirmed,Not publicly confirmed,Not publicly confirmed,Not publicly confirmed,Not publicly confirmed,https://www.eco-platform.org/epd-data.html ; https://eco-platform.github.io/ECO_Platform_API_Guide/,Not publicly confirmed,ECO Platform documents a federated portal connecting programme-operator nodes; current general access requires registration and commercial API use can carry fees.,2026-08-22,High,"Current dataset count, node coverage and licence inheritance at record level",Public metadata and API architecture verified; portal data not accessed
LCA-FMT-0003,ILCD+EPD data format,ILCD+EPD v1.2; InData-compatible EPD format,Data schema / exchange format,Construction-EPD extension of the European Commission ILCD format supporting EN 15804-compliant digital datasets.,BMWSB/BBSR and InData/ECO Platform technical community,BBSR-linked technical maintainers and data-network implementers,https://www.oekobaudat.de/service/downloads,European/international construction-data ecosystem,Construction EPDs and related LCA datasets,"EPD programme nodes, database operators and software developers","Machine-readable EPD exchange, validation and network publication",English/German technical documentation,Not publicly confirmed,ILCD+EPD v1.2; developer documentation MR7,Not publicly confirmed,Active implementation profile; ÖKOBAUDAT profile v3.8.0 released 2026-04-17,"Public specifications, schema resources and validation profiles",Public technical files; component-specific licences require review,Open specification/resources,No for public downloads,Government-supported technical format used across EPD networks,Not publicly confirmed,XML schema/profile and validation rules,Extension of ILCD XML,Not publicly confirmed,Not publicly confirmed,Not publicly confirmed,ILCD UUID/version conventions,Not publicly confirmed,"Format version, maintenance release and conformance profile versions","Public definitions, FAQ and developer package",Standalone validation tool and version-specific profiles,Not publicly confirmed,Not publicly confirmed,Not publicly confirmed,Not publicly confirmed,Not publicly confirmed,Multiple conformance profiles and maintenance releases require explicit version pairing,ILCD/eILCD; ÖKOBAUDAT; EN 15804; ECO Portal,extension/profile; implementation,Not publicly confirmed,Not publicly confirmed,Not publicly confirmed,Not publicly confirmed,Not publicly confirmed,https://www.oekobaudat.de/service/downloads,Not publicly confirmed,"BBSR documentation states that ILCD+EPD extends ILCD for EN 15804 compliance and publishes v1.2 definitions, MR7 developer files and a 2026 validation profile.",2026-08-22,High,"Canonical governance across InData, ÖKOBAUDAT and ECO Platform implementations",Public specification and validation resources verified
LCA-DB-0016,European Reference Life Cycle Database,ELCD; ELCD III,Database / dataset,Former European Commission reference LCI database; process datasets were discontinued in 2018 while flow lists and LCIA-method resources remain useful for ILCD entry-level work.,European Commission Joint Research Centre,European Platform on Life Cycle Assessment,https://eplca.jrc.ec.europa.eu/LCDN/developerILCD.html,European reference scope,"Key materials, energy, transport and waste-management processes",LCA practitioners and ILCD/LCDN data developers,Historical European background LCI and current ILCD reference resources,English,Not publicly confirmed,ELCD III package (historical),Not publicly confirmed,Process database discontinued in 2018; non-process reference items retained,Public legacy package and developer resources,EU public resource terms,Public legacy asset,No for public developer resources,European Commission JRC legacy database,Not publicly confirmed,"Historical LCI processes plus flow lists, LCIA methods and reference items",Not publicly confirmed,ILCD XML package,Not publicly confirmed,Not publicly confirmed,Not publicly confirmed,Not publicly confirmed,Historical ELCD releases,Public developer page and package links,Not publicly confirmed,Not publicly confirmed,Not publicly confirmed,Not publicly confirmed,Not publicly confirmed,Not publicly confirmed,LCI process datasets are obsolete and not updated,ILCD format; LCDN; ILCD Handbook; openLCA Nexus; openLCA,legacy implementation/reference package,Not publicly confirmed; Public openLCA Nexus metadata lists ELCD with openLCA-oriented groups/packages and formats (https://nexus.openlca.org/ws/dataproviders/52),Not publicly confirmed,Not publicly confirmed,Not publicly confirmed,Not publicly confirmed,https://eplca.jrc.ec.europa.eu/LCDN/developerILCD.html,Not publicly confirmed; https://nexus.openlca.org/ws/dataproviders/52; https://nexus.openlca.org/databases,"The JRC developer page states that ELCD process datasets were discontinued in 2018 as obsolete, while flow lists, methods and other package items remain valid for the ILCD entry-level scheme.",2026-08-22,High,Which surviving reference components should be modelled as separate maintained assets,Public official retirement and residual-resource status verified
LCA-MTH-0006,International Reference Life Cycle Data System Handbook,ILCD Handbook,Method / guidance (incl. LCIA),"European Commission technical guidance suite for consistent, robust and quality-assured life-cycle data, methods, studies and reviews.",European Commission Joint Research Centre,European Platform on Life Cycle Assessment / JRC,https://publications.jrc.ec.europa.eu/repository/handle/JRC66506,European guidance with global technical use,Cross-sector LCA and LCI,"LCA practitioners, reviewers, data developers, policymakers and contracting authorities","Detailed LCA guidance, data quality, review, nomenclature and LCIA-method requirements",English and EU publication variants,Not publicly confirmed,2010–2012 guidance suite,Not publicly confirmed,Established reference guidance; no new consolidated edition identified,Public JRC publications,EU publication reuse terms,Open documentation,No,EC-JRC guidance developed through expert and public consultation,Not publicly confirmed,"Guidance documents, requirements and review schemes",Not publicly confirmed,Not publicly confirmed,Not publicly confirmed,Not publicly confirmed,Not publicly confirmed,Not publicly confirmed,Not publicly confirmed,Public handbook components and umbrella report,"Best-attainable consensus, ISO conformity and public consultation",Not publicly confirmed,Not publicly confirmed,ISO 14040 and ISO 14044,Not publicly confirmed,Not publicly confirmed,Some technical recommendations predate current EF and eILCD implementations,ISO 14040; ISO 14044; ILCD format; LCDN,implements/elaborates standards,Not publicly confirmed,Not publicly confirmed,Not publicly confirmed,Not publicly confirmed,Not publicly confirmed,https://publications.jrc.ec.europa.eu/repository/handle/JRC66506 ; https://publications.jrc.ec.europa.eu/repository/handle/JRC48157,Not publicly confirmed,"JRC describes the ILCD Handbook as a suite providing governments and businesses with detailed technical guidance for quality and consistency of life-cycle data, methods and assessments.",2026-08-22,High,Which handbook components remain formally normative for each current EU data programme,Public official publications verified
LCA-STD-0004,EN 15804:2012+A2:2019+AC:2021,EN 15804+A2; construction EPD core PCR,Method / guidance (incl. LCIA),European standard defining core product-category rules for Type III environmental declarations of construction products and services.,European Committee for Standardization (CEN),CEN/TC 350 and national standards bodies,https://www.dinmedia.de/en/standard/din-en-15804/344735627,European standard with international EPD use,Construction products and services,"EPD programme operators, manufacturers, verifiers, LCA practitioners and regulators","Construction EPD calculation, reporting, comparability and data quality",European national adoptions,Not publicly confirmed,EN 15804:2012+A2:2019+AC:2021,Corrigendum approved 2021; national consolidations published subsequently,Current,Public catalogue metadata; full standard requires purchase,Copyrighted standard,Restricted full text,Purchase required for full text; not used,CEN consensus standardization through TC 350,Not publicly confirmed,Core PCR requirements and indicators,Not publicly confirmed,Not publicly confirmed,Not publicly confirmed,Not publicly confirmed,Not publicly confirmed,Not publicly confirmed,Not publicly confirmed,Public catalogue abstract and implementation references,European standardization and national adoption,Not publicly confirmed,Not publicly confirmed,ISO 14025 and LCA standards,Not publicly confirmed,Not publicly confirmed,Full normative text was not purchased or accessed,ISO 14025:2026; ILCD+EPD; ÖKOBAUDAT; ECO Platform,standards dependency/conformance,Not publicly confirmed,Not publicly confirmed,Not publicly confirmed,Not publicly confirmed,Not publicly confirmed,https://www.dinmedia.de/en/standard/din-en-15804/344735627,Not publicly confirmed,The standards catalogue identifies the current consolidated EN 15804+A2/AC edition and its role as core rules for construction-product EPDs.,2026-08-22,High,Timing and implications of any next CEN revision,Public standard metadata verified; full text not accessed
LCA-FMT-0004,openLCA schema,olca-schema; openLCA JSON-LD package format,Data schema / exchange format,Open data-exchange format that represents all openLCA modelling features using typed JSON/JSON-LD datasets and zip packages.,GreenDelta,GreenDelta openLCA development team,https://github.com/GreenDelta/olca-schema,Global technical scope,Cross-sector LCA data and models,"openLCA users, database providers and software developers","Lossless openLCA exchange, API transfer and generated language bindings",English technical documentation,Not publicly confirmed,Repository-managed schema,Not publicly confirmed,Active public repository,Public specification and source repository,CC0 1.0,Open,No for public source,Maintained with the openLCA model by GreenDelta,Not publicly confirmed,"Schema definitions for processes, flows, methods, systems, results, EPDs and related entities","YAML source, JSON/JSON-LD serialization and Protocol Buffers generation",JSON files in zip packages,Generated Python and TypeScript packages plus Protocol Buffers,Not publicly confirmed,JSON-LD @id and @type,Not publicly confirmed,Repository changes and package-version metadata,"Public specification, introduction, examples and changelog",Not publicly confirmed,Not publicly confirmed,Not publicly confirmed,Not publicly confirmed,Not publicly confirmed,Not publicly confirmed,Schema changes are coupled to openLCA model evolution,openLCA; openLCA Nexus; ILCD; ecoSpold,native format; import/export compatibility,Not publicly confirmed,Not publicly confirmed,Not publicly confirmed,Not publicly confirmed,Not publicly confirmed,https://github.com/GreenDelta/olca-schema ; https://github.com/GreenDelta/olca-schema/blob/master/intro.md,Not publicly confirmed,"The official repository defines openLCA schema as openLCA's exchange format, publishes typed definitions and generators, and releases it under CC0 1.0.",2026-08-22,High,Stable release identifiers implemented by each openLCA version,Public specification and licence verified
LCA-STD-0005,ISO 14025:2026,Environmental product declarations (EPDs) standard; successor to ISO 14025:2006,Method / guidance (incl. LCIA),"International standard specifying principles, requirements and guidance for EPD programmes and their environmental product declarations.",International Organization for Standardization (ISO),ISO/TC 207/SC 3,https://www.iso.org/cms/live/live/en/sites/isoorg/contents/data/standard/08/76/87610.html,Global,Cross-sector EPD programmes and declarations,"Programme operators, manufacturers, verifiers, regulators and LCA practitioners","EPD programme governance, declaration requirements and communication",ISO publication languages,Not publicly confirmed,"Edition 2, 2026",2026-06-24,Current; replaces withdrawn ISO 14025:2006,Public catalogue metadata/sample; full standard for purchase,Copyrighted ISO standard,Restricted full text,Purchase required for full text; not used,International consensus standard maintained by ISO/TC 207/SC 3,Not publicly confirmed,"Principles, requirements and guidance",Not publicly confirmed,Not publicly confirmed,Not publicly confirmed,Not publicly confirmed,Not publicly confirmed,Not publicly confirmed,Not publicly confirmed,Public abstract and lifecycle/version record,ISO consensus development and revision process,Not publicly confirmed,Not publicly confirmed,Requires use of ISO 14040 and ISO 14044 for LCA in EPD development,Not publicly confirmed,Not publicly confirmed,Full normative text was not accessed,ISO 14040; ISO 14044; EN 15804; ECO Platform,standards dependency,Not publicly confirmed,Not publicly confirmed,Not publicly confirmed,Not publicly confirmed,Not publicly confirmed,https://www.iso.org/cms/live/live/en/sites/isoorg/contents/data/standard/08/76/87610.html,Not publicly confirmed,ISO records edition 2 as published on 24 June 2026 and identifies ISO 14025:2006 as withdrawn and replaced.,2026-08-22,High,Programme-transition timetables from the withdrawn 2006 edition,Public catalogue metadata verified; full text not accessed
LCA-STD-0006,ISO/TS 14048:2002,LCA data documentation format,Method / guidance (incl. LCIA),International technical specification defining requirements and structure for transparent documentation and exchange of LCA and LCI data.,International Organization for Standardization (ISO),ISO/TC 207/SC 5,https://www.iso.org/standard/29872.html,Global,Cross-sector LCA/LCI data systems,"Data developers, database designers, researchers and software implementers","Data documentation, questionnaire design and information-system structuring",ISO publication languages,Not publicly confirmed,"Edition 1, 2002",Confirmed current in 2025,Current confirmed technical specification,Public catalogue metadata; full specification for purchase,Copyrighted ISO publication,Restricted full text,Purchase required for full text; not used,ISO consensus technical specification,Not publicly confirmed,Data-field requirements and documentation structure,Not publicly confirmed,Not publicly confirmed,Not publicly confirmed,Not publicly confirmed,Not publicly confirmed,Not publicly confirmed,Not publicly confirmed,Public abstract and lifecycle record,ISO review and confirmation process,Not publicly confirmed,Not publicly confirmed,Not publicly confirmed,Not publicly confirmed,Not publicly confirmed,"Specification does not prescribe an implementation platform, completeness level or LCI modelling method",ILCD; ecoSpold2; openLCA schema,documentation standard influence,Not publicly confirmed,Not publicly confirmed,Not publicly confirmed,Not publicly confirmed,Not publicly confirmed,https://www.iso.org/standard/29872.html,Not publicly confirmed,ISO states that the specification structures transparent LCA/LCI data documentation and exchange and remained current after confirmation in 2025.,2026-08-22,High,Degree of explicit conformance claimed by current exchange formats,Public standard metadata verified; full text not accessed
LCA-MTH-0007,Tool for the Reduction and Assessment of Chemical and Other Environmental Impacts,TRACI,Method / guidance (incl. LCIA),U.S. EPA LCIA method/tool providing characterization factors for environmental impact categories relevant to U.S. decision contexts.,United States Environmental Protection Agency,US EPA research programme,https://www.epa.gov/chemical-research/tool-reduction-and-assessment-chemicals-and-other-environmental-impacts-traci,United States focus with some global categories,"Cross-sector processes, products, facilities, companies and communities","LCA practitioners, industrial ecologists and sustainability analysts",Life-cycle impact assessment and environmental decision support,English,Not publicly confirmed,TRACI 2.2 characterization factors,Official page updated 2025-12-12,Active research and factor downloads,Public characterization-factor downloads and manual,U.S. government public resource terms,Open/public,No observed for downloads,US EPA-developed and maintained method,Not publicly confirmed,"Characterization factors, methods and documentation",Not publicly confirmed,XLSX factor tables,Not publicly confirmed,Not publicly confirmed,Not publicly confirmed,Not publicly confirmed,Numbered method/factor releases,"Public manual, research papers and factor downloads","EPA research, peer-reviewed documentation and versioned updates",Not publicly confirmed,Not publicly confirmed,"Midpoint characterization across ozone depletion, acidification, eutrophication, smog, health and ecotoxicity categories",Not publicly confirmed,Not publicly confirmed,Several categories and spatial assumptions are U.S.-specific,Federal LCA Commons; USLCI; GLAM,method distribution/use,Not publicly confirmed,Not publicly confirmed,Not publicly confirmed,Not publicly confirmed,Not publicly confirmed,https://www.epa.gov/chemical-research/tool-reduction-and-assessment-chemicals-and-other-environmental-impacts-traci,Not publicly confirmed,"EPA identifies TRACI as an LCIA tool, offers TRACI 2.2 characterization factors and documents category coverage and ongoing spatial research.",2026-08-22,High,Exact factor-file release date and mapping to current federal elementary flows,Public factors and documentation verified
LCA-SW-0007,R&D GREET,"GREET; Greenhouse gases, Regulated Emissions, and Energy use in Technologies",Software / API / tool,"Argonne/US DOE life-cycle analysis model for energy use and environmental impacts of vehicles, fuels, chemicals, materials and energy systems.",United States Department of Energy,Argonne National Laboratory,https://www.energy.gov/cmei/rd-greet-life-cycle-assessment-model,United States focus with many international technology pathways,"Vehicles, fuels, chemicals, materials and energy systems","Researchers, government, industry and regulatory analysts","Technology comparison, fuel/vehicle/material life-cycle analysis and policy/R&D support",English,Not publicly confirmed,R&D GREET 2025 (.NET page); annual model family,Not publicly confirmed,Active annual releases,Public model downloads in Excel and .NET forms,DOE/Argonne model terms,Free/publicly downloadable software; terms apply,No registration stated on the public R&D download descriptions,Developed by Argonne with US DOE support,Not publicly confirmed,"Life-cycle models, parameters, pathways and result calculators",Not publicly confirmed,Not publicly confirmed,.NET platform API/modules and Excel model,Not publicly confirmed,Not publicly confirmed,Not publicly confirmed,Annual R&D GREET releases plus use-case-specific regulatory variants,"Public manuals, model documentation and training resources","Argonne research programme, release documentation and stakeholder use",Not publicly confirmed,Not publicly confirmed,"Well-to-product, well-to-wheels and material/vehicle-cycle modelling",Not publicly confirmed,Not publicly confirmed,Regulatory variants are not interchangeable; users must select the version for the intended programme,USLCI; USEEIO; regulatory GREET variants,model/data use,Not publicly confirmed,Not publicly confirmed,Not publicly confirmed,Not publicly confirmed,Not publicly confirmed,https://www.energy.gov/cmei/greet ; https://www.energy.gov/cmei/rd-greet-life-cycle-assessment-model,Not publicly confirmed,"DOE describes R&D GREET as an Argonne-developed LCA model with annual releases and Excel/.NET implementations for vehicles, fuels, chemicals, materials and energy systems.",2026-08-22,High,"Licence details, current Excel release identifier and boundaries between R&D and regulatory variants",Public official metadata and download routes verified
LCA-DB-0017,GFLI Database,Global Feed LCA Institute Database,Database / dataset,Global life-cycle inventory and impact database for animal-feed ingredients.,Global Feed LCA Institute,GFLI Secretariat and data-project partners,https://globalfeedlca.org/gfli-database/,Global and regional feed-production systems,Animal-feed ingredients and supply chains,"Feed-sector companies, LCA practitioners, researchers and software developers","Feed LCA, product footprints, supply-chain modelling and database integration",English,Not publicly confirmed,3.0,2026-01-20,Active,"Paid licensed access at LCIA, system-process and unit-process levels","Commercial, developer and academic/research licence categories",Commercial / restricted,Licence agreement and login required; not used,"Sector institute with methodology, data-project and validation procedures",Not publicly confirmed,"LCIA results, system-process and unit-process datasets",Not publicly confirmed,Not publicly confirmed,Not publicly confirmed,Not publicly confirmed,Not publicly confirmed,Not publicly confirmed,Major database versions coordinated with methodology versions,"Public methodology, dataset overview and data-use policy","Data-project procedures, DQR, validation and error-correction releases",Not publicly confirmed,Not publicly confirmed,Not publicly confirmed,Not publicly confirmed,Not publicly confirmed,Underlying database and factors were not accessed,GFLI Methodology and Procedures; Agri-footprint; ecoinvent,governed by method; background-data dependency,Not publicly confirmed,Not publicly confirmed,Not publicly confirmed,Not publicly confirmed,Not publicly confirmed,https://globalfeedlca.org/the-gfli-database-update-version-3-0-is-here/ ; https://globalfeedlca.org/gfli-database/accessing-the-database/,Not publicly confirmed,"GFLI announced database v3.0 in January 2026 with 1,920 ingredients and requires a signed licence for all database-access levels.",2026-08-22,High,"Current licence fees, exact geography counts and delivery formats by access level","Public version, scope and access metadata verified; database not accessed"
LCA-MTH-0008,GFLI Methodology and Procedures for Data Projects,GFLI Methodology v3.0,Method / guidance (incl. LCIA),"Versioned feed-sector LCA methodology, data requirements and submission procedures governing inclusion in the GFLI Database.",Global Feed LCA Institute,GFLI technical and methodology groups,https://globalfeedlca.org/wp-content/uploads/2026/01/GFLI-V3.0-Methodology-n-Procedures-for-data-projects-January-2026.pdf,Global,"Feed ingredients, agriculture and processing","Data providers, LCA consultants, reviewers and database users","LCI development, data-project submission, modelling and QA",English,Not publicly confirmed,3.0,2026-01,Active; versioned with major database releases,Public guidance document,Public document; database rights separate,Open documentation,No,GFLI sector-consensus methodology,Not publicly confirmed,"System boundaries, modelling rules, sampling, DQR, validation and submission procedures",Not publicly confirmed,Not publicly confirmed,Not publicly confirmed,Not publicly confirmed,Not publicly confirmed,Not publicly confirmed,Same major numbering as GFLI Database,Public 118-page methodology/procedures document,Specified data-quality and validation requirements,Not publicly confirmed,Not publicly confirmed,Life-cycle assessment for feed ingredients using documented background data and allocation rules,Not publicly confirmed,Not publicly confirmed,Use of the method does not grant access to the licensed database,GFLI Database,governing methodology,Not publicly confirmed,Not publicly confirmed,Not publicly confirmed,Not publicly confirmed,Not publicly confirmed,https://globalfeedlca.org/wp-content/uploads/2026/01/GFLI-V3.0-Methodology-n-Procedures-for-data-projects-January-2026.pdf,Not publicly confirmed,"The v3.0 document states that its numbering follows the database version and defines methodology, data requirements and procedures for data projects.",2026-08-22,High,Change-control and public consultation process between major releases,Public official guidance verified
LCA-PLT-0002,HESTIA Data Platform,HESTIA; Harmonized Environmental Storage and Tracking of the Impacts of Agriculture,Platform / repository / network,University of Oxford-led open data platform harmonizing agricultural production practices and multi-indicator environmental outcomes.,University of Oxford / HESTIA project,HESTIA team and contributor community,https://www.hestia.earth/,100+ countries stated on the current official page,"Crops, livestock, aquaculture and processed food","Researchers, software providers, policymakers and funders","Farm/food LCA data discovery, benchmarking, model integration and open data publication",English,Not publicly confirmed,Public release v1.0; newer v1.2 under delayed open release,v1.0 released 2025-05-01; v1.2 released 2026-04-30 and scheduled free 2026-10-29,Active,"Current public release free without account via explorer, downloads and unauthenticated API; latest/preview releases have priority-access delay",CC BY 4.0 for public data,Open public release; time-delayed priority tier,No for current public data; account for some priority/integration workflows,University-led open scientific infrastructure with community contributions,Not publicly confirmed,"Cycles, sites, sources, impact assessments, aggregations and terms",Not publicly confirmed,"CSV, XLSX and JSON-LD",Public Data API; AWS Open Data for aggregations,Not publicly confirmed,Node @id identifiers and versioned releases,Not publicly confirmed,Fixed periodic releases plus preview,"Public guide, standard, release notes and API documentation","Validation rules, data-quality scoring, versioned recalculation and provenance",Not publicly confirmed,Not publicly confirmed,Not publicly confirmed,Not publicly confirmed,Not publicly confirmed,Latest data can be restricted for 182 days; public release may lag platform preview,HESTIA Data Standard; HESTIA Calculation Models; openLCA,native schema/model; software integration,Not publicly confirmed,Not publicly confirmed,Not publicly confirmed,Not publicly confirmed,Not publicly confirmed,https://www.hestia.earth/ ; https://www.hestia.earth/guide/guide-accessing-data/,Not publicly confirmed,"HESTIA provides open agricultural and environmental data, public downloads/API without an account, CC BY 4.0 licensing and periodic fixed releases.",2026-08-22,High,"Long-term governance, contributor agreements and complete release-level coverage metrics","Public platform, release and access documentation verified"
LCA-FMT-0005,HESTIA Data Standard,HESTIA format; HESTIA JSON-LD,Data schema / exchange format,"Structured data standard for representing agricultural production cycles, sites, sources, inputs, products, emissions and environmental impact assessments.",HESTIA project / University of Oxford,HESTIA technical team,https://www.hestia.earth/guide/guide-data-standard,Global technical scope,"Agriculture, aquaculture and food production","Data contributors, database and software developers, researchers","Data harmonization, exchange, validation and automated conversion",English,Not publicly confirmed,Versioned with platform releases,Not publicly confirmed,Active,Public documentation and open-source converters,Open-source/public technical resources,Open,No,Maintained as part of HESTIA infrastructure,Not publicly confirmed,"Entity definitions for Site, Cycle, Source, ImpactAssessment, Aggregation and Term",JSON-LD linked data,"Expanded/compacted CSV, XLSX and JSON-LD",Data API and open-source Convert Base framework,Not publicly confirmed,@id-linked nodes and standardized term identifiers,Not publicly confirmed,Release and model-engine version records,Public standard guide and validation documentation,Published validation rules and completeness/provenance structure,Not publicly confirmed,Not publicly confirmed,Not publicly confirmed,Not publicly confirmed,Not publicly confirmed,Detailed mapping to general LCA formats remains implementation-specific,HESTIA Data Platform; HESTIA Calculation Models; openLCA schema,native format; conversion target,Not publicly confirmed,Not publicly confirmed,Not publicly confirmed,Not publicly confirmed,Not publicly confirmed,https://www.hestia.earth/guide/guide-data-standard,Not publicly confirmed,"HESTIA defines linked Site, Cycle, Source and ImpactAssessment nodes, standardized terms and open-source conversion support for agricultural environmental data.",2026-08-22,High,"Formal schema release files, backward compatibility and conformance-test suite",Public standard documentation verified
LCA-SW-0008,HESTIA Calculation Models,HESTIA Models; HESTIA Community Edition,Software / API / tool,"Open-source model engine and modules for creating structured agricultural LCA data and calculating emissions, resource use and multi-indicator impacts.",HESTIA project / University of Oxford,HESTIA modelling team and contributors,https://www.hestia.earth/docs,Global modelling scope,Agricultural and food-production cycles,"Researchers, platform integrators and LCA model developers","Gap filling, emission/resource modelling, impact calculation and local/private deployment",English and source code,Not publicly confirmed,"Continuously maintained model set; 1,088 models stated for v1.2 platform release",Not publicly confirmed,Active open-source project,Open-source packages and self-hosted Community Edition,Open-source component licences require repository-level capture,Open source,No for local packages/documentation,HESTIA project open-source development,Not publicly confirmed,Calculation modules and model engine,Not publicly confirmed,Not publicly confirmed,"Python packages, Docker images and platform APIs",Not publicly confirmed,Not publicly confirmed,Not publicly confirmed,Model-engine/release notes tied to data releases,Public docs and source repositories,"Model tests, release recalculation and published validation rules",Not publicly confirmed,Not publicly confirmed,"ISO 14040/44, Environmental Footprint, GHG Protocol and IPCC methods as applicable",Not publicly confirmed,Not publicly confirmed,Model coverage and parameters vary by production system; exact component licences need capture,HESTIA Data Platform; HESTIA Data Standard,native model engine,Not publicly confirmed,Not publicly confirmed,Not publicly confirmed,Not publicly confirmed,Not publicly confirmed,https://www.hestia.earth/docs ; https://www.hestia.earth/releases,Not publicly confirmed,HESTIA documents open-source calculation models and a self-hosted Community Edition; platform releases record the model set used for recalculation.,2026-08-22,High,Stable package versions and licence matrix across model repositories,Public software and release documentation verified
LCA-NOM-0006,FoodOn Food Ontology,FoodOn; FOODON,Nomenclature / classification,"Open farm-to-fork ontology for food materials, sources, processes and product categories.",FoodOn open inter-agency community,FoodOntology contributors / OBO Foundry,https://foodon.org/,Global,"Food, agriculture, processing, nutrition and food safety","Government, research, industry and semantic-data systems","Controlled product description, FAIR annotation, data integration and reasoning",English labels plus imported multilingual resources,Not publicly confirmed,Date-tagged public releases; repository active in 2026,Not publicly confirmed,Active open-source ontology,"Public OWL files, persistent PURL, repositories and ontology browsers",CC BY 4.0,Open,No,Community ontology developed within OBO Foundry practices,Not publicly confirmed,"OWL classes, relations, definitions, synonyms and imports",OWL/RDF under BFO/OBO Foundry conventions,Not publicly confirmed,Not publicly confirmed,Not publicly confirmed,Persistent FOODON identifiers and PURLs,Not publicly confirmed,Stable release PURL and date-tagged releases,"Public design, reuse and repository documentation","Ontology Development Kit validation, issue workflow and OBO Foundry conventions",Not publicly confirmed,Not publicly confirmed,Not publicly confirmed,Not publicly confirmed,Not publicly confirmed,Not LCA-specific; mapping to LCI product/flow classifications requires dedicated work,AGROVOC; HESTIA Data Standard,domain vocabulary/mapping opportunity,Not publicly confirmed,Not publicly confirmed,Not publicly confirmed,Not publicly confirmed,Not publicly confirmed,https://foodon.org/ ; https://github.com/FoodOntology/foodon,Not publicly confirmed,FoodOn publishes an actively maintained CC BY 4.0 OWL ontology and persistent identifiers for farm-to-fork food products and processes.,2026-08-22,High,"Current mapping coverage to AGROVOC, HESTIA terms and LCA product classifications","Public ontology, releases and licence verified"
LCA-NET-0004,Greenhouse Gas Protocol,GHG Protocol,Platform / repository / network,WRI/WBCSD multi-stakeholder initiative governing widely used global GHG accounting and reporting standards and tools.,World Resources Institute and World Business Council for Sustainable Development,GHG Protocol secretariat and multi-stakeholder governance bodies,https://ghgprotocol.org/,Global,"Corporate, value-chain, product, project and policy GHG accounting","Companies, governments, NGOs, standard setters and assurance providers","Standards development, guidance, tools and global adoption of GHG accounting",English with translated standards/resources,Not publicly confirmed,Not publicly confirmed,Not publicly confirmed,Active standards revision programme,Public standards and resources; training/services may have separate terms,GHG Protocol content terms,Open documentation with copyright terms,No for public standards pages,"Steering Committee, Independent Standards Board, Technical Working Groups and joint ISO groups",Not publicly confirmed,"Standards, guidance, tools, templates and governance records",Not publicly confirmed,Not publicly confirmed,Not publicly confirmed,Not publicly confirmed,Not publicly confirmed,Not publicly confirmed,Not publicly confirmed,Public standards catalogue and governance repository,Multi-stakeholder consultation and formal standards-development procedures,Not publicly confirmed,Not publicly confirmed,Not publicly confirmed,Not publicly confirmed,Not publicly confirmed,The initiative is broader than life-cycle assessment and contains multiple separately governed standards,GHG Protocol Product Standard; ISO 14067; PACT Pathfinder,governs/develops,Not publicly confirmed,Not publicly confirmed,Not publicly confirmed,Not publicly confirmed,Not publicly confirmed,https://ghgprotocol.org/about-us ; https://ghgprotocol.org/our-governance,Not publicly confirmed,GHG Protocol is a WRI/WBCSD initiative with formal multi-stakeholder governance that develops global GHG accounting frameworks.,2026-08-22,High,Final scope and timeline of current joint ISO product-accounting revision,Public governance and programme documentation verified
LCA-MTH-0009,GHG Protocol Product Life Cycle Accounting and Reporting Standard,GHG Protocol Product Standard,Method / guidance (incl. LCIA),Global method for quantifying and reporting greenhouse-gas emissions across the full life cycle of a product.,World Resources Institute and World Business Council for Sustainable Development,GHG Protocol,https://ghgprotocol.org/product-standard,Global,Products in all sectors,"Companies, practitioners, programmes and policymakers","Product carbon footprints, hotspot identification, reduction planning and reporting",English and translated resources,Not publicly confirmed,2011 standard with amendments/supporting resources; joint ISO revision underway in 2026,Not publicly confirmed,Current while replacement/harmonized standard is under development,Public downloadable standard and tools,GHG Protocol copyright/terms,Open documentation,No for public download,Multi-stakeholder standard developed by WRI/WBCSD; joint working group with ISO now updating product-level accounting,Not publicly confirmed,"Accounting requirements, reporting rules, templates and uncertainty tools",Not publicly confirmed,Not publicly confirmed,Not publicly confirmed,Not publicly confirmed,Not publicly confirmed,Not publicly confirmed,Not publicly confirmed,"Public standard, amendments, templates and guidance","2,300 participants from 55 countries, technical working groups and road testing stated",Not publicly confirmed,Not publicly confirmed,Full life-cycle GHG inventory from raw materials through disposal,Not publicly confirmed,Not publicly confirmed,Current joint ISO revision may materially change future requirements,GHG Protocol; ISO 14067; ISO 14040/44,governed by; standards alignment,Not publicly confirmed,Not publicly confirmed,Not publicly confirmed,Not publicly confirmed,Not publicly confirmed,https://ghgprotocol.org/product-standard,Not publicly confirmed,GHG Protocol provides the public Product Life Cycle Standard for full-life-cycle product GHG accounting and notes a 2026 joint ISO working group for a harmonized update.,2026-08-22,High,"Transition date, compatibility and versioning for the joint ISO/GHG Protocol successor",Public standard and update status verified
LCA-MTH-0010,IMPACT World+,IW+,Method / guidance (incl. LCIA),"Globally regionalized LCIA method providing midpoint, damage and simplified footprint versions.",IMPACT World+ scientific consortium,IMPACT World+ method development team,https://www.impactworldplus.org/methodology/,"Global with continental, country and native regionalization",Cross-sector LCIA,"LCA experts, practitioners and decision-makers","Midpoint, damage and simplified footprint assessment",English and French,Not publicly confirmed,2.2.1,2026-03-11,Active and continuously improved,Public methodology and downloadable characterization packages,Public release terms and software-specific packages,Open/public method resources,No observed for public resources,Scientific consortium with published methodology and release updates,Not publicly confirmed,Characterization factors and method documentation,Not publicly confirmed,Not publicly confirmed,Not publicly confirmed,Not publicly confirmed,Not publicly confirmed,Not publicly confirmed,"Numbered releases and separate Expert, Midpoint and Footprint variants","Public method pages, release notes, papers, Zenodo/GitHub resources",Peer-reviewed method development and automated factor-generation/mapping,Not publicly confirmed,Not publicly confirmed,"Builds on IMPACT 2002+, LUCAS and EDIP; uses current IPCC and AWARE components",Not publicly confirmed,Not publicly confirmed,"Multiple variants, spatial levels and biogenic-carbon options require explicit selection",AWARE; IPCC characterization factors; ecoinvent; openLCA; SimaPro; openLCA Nexus,method dependency; software/database mappings,Not publicly confirmed; Public openLCA Nexus metadata lists IMPACT World+ LCIA Method with openLCA-oriented groups/packages and formats (https://nexus.openlca.org/ws/dataproviders/9053),Not publicly confirmed,Not publicly confirmed,Not publicly confirmed,Not publicly confirmed,https://www.impactworldplus.org/methodology/,Not publicly confirmed; https://nexus.openlca.org/ws/dataproviders/9053; https://nexus.openlca.org/databases,"The official methodology page identifies v2.2.1 as the latest release, distinguishes Expert/Midpoint/Footprint versions and documents global regionalization.",2026-08-22,High,Exact software-specific package versions and elementary-flow mappings for v2.2.1,Public method and release metadata verified
LCA-SW-0009,Ecochain LCA automation software,Ecochain; Ecochain Mobius; Ecochain Helix,Software / API / tool,"Commercial LCA automation software for product and portfolio footprints, EPDs and PCFs.",Ecochain Technologies,Ecochain Technologies,https://ecochain.com/product/,Global commercial use,Cross-sector manufacturing and product portfolios,"Manufacturers, product designers and sustainability teams","LCA, EPD, PCF, hotspot analysis, comparison and portfolio-scale automation",English public documentation,Not publicly confirmed,Unified Ecochain software; Mobius and Helix retained as former/application names,Not publicly confirmed,Active with 2026 release notes,Commercial subscription and free trial,Commercial terms,Commercial / restricted,Account required; not used,Vendor-maintained software,Not publicly confirmed,"LCA models, inventories, results and reports",Not publicly confirmed,CSV/XLSX imports and report exports,Product data API stated,Not publicly confirmed,Not publicly confirmed,Not publicly confirmed,Continuous software releases and database/method updates,Public product and help-center documentation,"Standards-aligned templates, version control and compliance checks stated by vendor",Not publicly confirmed,Not publicly confirmed,Not publicly confirmed,Not publicly confirmed,Not publicly confirmed,Underlying software and databases were not accessed; provider claims not independently tested,ecoinvent; Product Environmental Footprint; ReCiPe; EN 15804,database/method implementation,Not publicly confirmed,Not publicly confirmed,Not publicly confirmed,Not publicly confirmed,Not publicly confirmed,https://ecochain.com/product/ ; https://helpcenter.ecochain.com/en/articles/9221283-mobius-release-notes,Not publicly confirmed,Ecochain now presents Mobius and Helix as one unified commercial LCA automation solution and documents current database/method updates.,2026-08-22,High,"Current product version, API scope, export formats and independent conformance evidence",Public product and release metadata verified; software not accessed
LCA-QA-0001,ecoinvent Data Quality Guidelines and pedigree matrix,ecoinvent Data Quality System; DQG,QA / validation system,"Governed methodology and scoring/uncertainty framework for documenting, reviewing and quantifying ecoinvent data quality.",ecoinvent Association,ecoinvent Association,https://support.ecoinvent.org/introduction-to-the-database,Global ecoinvent database scope,All ecoinvent process datasets and system models,"Data providers, reviewers, database users and uncertainty analysts","Data-quality documentation, review, pedigree scoring and uncertainty estimation",English,Not publicly confirmed,Data Quality Guidelines for ecoinvent version 3 family,Not publicly confirmed,Active database-governance component,Public overview and guideline resources; full database separately licensed,Documentation terms; database licence separate,Public documentation / restricted database,No for public overview/guidelines,Maintained as a cornerstone document and operational ruleset of ecoinvent,Not publicly confirmed,"Modelling rules, submission requirements, review process, system models and pedigree matrix",Not publicly confirmed,Not publicly confirmed,Not publicly confirmed,Not publicly confirmed,Not publicly confirmed,Not publicly confirmed,Database-version-aligned guidelines and knowledge-base updates,Public knowledge base and guideline PDF,"Five-indicator pedigree scoring, review rules and uncertainty calculation",Not publicly confirmed,Not publicly confirmed,Not publicly confirmed,Not publicly confirmed,Not publicly confirmed,Primarily an internal/embedded QA system for ecoinvent rather than a universal independent certification scheme,ecoinvent database,governs/validates,Not publicly confirmed,Not publicly confirmed,Not publicly confirmed,Not publicly confirmed,Not publicly confirmed,https://support.ecoinvent.org/introduction-to-the-database ; https://support.ecoinvent.org/uncertainties,Not publicly confirmed,ecoinvent calls the Data Quality Guidelines the cornerstone methodology for version 3 and documents five pedigree indicators used to calculate additional uncertainty.,2026-08-22,High,Current formally versioned guideline edition and machine-readable DQ rules,Public methodology and pedigree rules verified
LCA-FMT-0006,EcoSpold 1,ecoSpold v1,Data schema / exchange format,Historical XML life-cycle inventory exchange format that preceded ecoSpold2 and remains relevant for legacy datasets and converters.,ecoinvent / former EcoSpold development community,Historical format; no active maintenance identified,https://support.ecoinvent.org/data-formats-overview,Global technical legacy,Cross-sector LCI datasets,"Legacy database users, software developers and conversion-tool maintainers",Legacy LCI exchange and migration,English technical resources,Not publicly confirmed,Version 1 legacy format,Not publicly confirmed,Superseded / not actively used,Public historical documentation where available,Not publicly confirmed,Public legacy specification context,No for public overview,Superseded by ecoinvent's ecoSpold2,Not publicly confirmed,XML LCI process datasets,XML,Not publicly confirmed,Not publicly confirmed,Not publicly confirmed,Not publicly confirmed,Not publicly confirmed,Historical version family,Public format overview and third-party legacy documentation,Not publicly confirmed,Not publicly confirmed,Not publicly confirmed,Not publicly confirmed,Not publicly confirmed,Not publicly confirmed,Essential modern features such as parameters and formulas are missing; current use is limited,ecoSpold2; Lavoisier; openLCA schema,predecessor/legacy conversion,Not publicly confirmed,Not publicly confirmed,Not publicly confirmed,Not publicly confirmed,Not publicly confirmed,https://support.ecoinvent.org/data-formats-overview ; https://github.com/GreenDelta/olca-schema/blob/master/intro.md,Not publicly confirmed,Current format documentation treats EcoSpold 1 as a legacy exchange format superseded by ecoSpold2 and no longer widely used.,2026-08-22,Medium,"Authoritative archived schema, original licence and final release identifier",Legacy identity and supersession verified; archival details incomplete
LCA-DB-0018,World Food LCA Database,WFLDB,Database / dataset,"International life-cycle inventory database for agricultural commodities, food ingredients and processing activities.",Quantis,Quantis and WFLDB partners,https://quantis.com/services-solutions/consortium-building-and-management/wfldb/,150+ countries stated by provider,"Agri-food; 3,800+ datasets and 12,000 sub-datasets stated","Agri-food companies, researchers and LCA practitioners","Food LCA, carbon/water/land footprints and decision support",English public documentation,Not publicly confirmed,Current provider-hosted release; numbered release not stated on public page,Not publicly confirmed,Active,Access through commercial eQosphere software; public metadata and dataset list,Commercial terms,Commercial / restricted,Contact or licence required; not used,Quantis-led initiative with industry and research partners,Not publicly confirmed,Documented and disaggregated food LCI datasets,Not publicly confirmed,Not publicly confirmed,Not publicly confirmed,Not publicly confirmed,Not publicly confirmed,Not publicly confirmed,Not publicly confirmed,Public overview and dataset list,Provider states external expert review and documented datasets,Not publicly confirmed,Not publicly confirmed,Not publicly confirmed,Not publicly confirmed,Not publicly confirmed,Underlying database and methodology package were not accessed,Agri-footprint; ecoinvent; eQosphere,sector database; software distribution,Not publicly confirmed,Not publicly confirmed,Not publicly confirmed,Not publicly confirmed,Not publicly confirmed,https://quantis.com/services-solutions/consortium-building-and-management/wfldb/,Not publicly confirmed,"Quantis identifies WFLDB as an international agri-food LCI database with 3,800+ datasets, 12,000 sub-datasets and coverage in 150+ countries.",2026-08-22,High,"Current release identifier, detailed licence and dataset-level geography",Public scope and access metadata verified; database not accessed
LCA-DB-0019,RIVM Database on the environmental impact of food products,Database milieubelasting voedingsmiddelen; RIVM food LCA database,Database / dataset,Public Dutch database of life-cycle environmental results for generic food products and several system boundaries.,National Institute for Public Health and the Environment (RIVM),RIVM; LCI update performed by Mérieux NutriSciences | Blonk,https://www.rivm.nl/en/food-and-nutrition/sustainable-food/environmental-impact-of-food-products,Netherlands market and consumption context,Approximately 400 generic food products,"Researchers, policymakers and food-system analysts","Dietary footprint research, monitoring and category-level comparison",Dutch data with Dutch/English documentation,2019 and 2024 versions published side by side,2024 database version; published 2026-03-30,2026-03-30,Active,Free public XLSX download,CC BY 4.0,Open,No,RIVM public programme for the Dutch agriculture ministry,Not publicly confirmed,Calculated LCIA results for three food-chain system boundaries,Not publicly confirmed,XLSX,Not publicly confirmed,Not publicly confirmed,Not publicly confirmed,Not publicly confirmed,Dated database versions,Public method and limitations,ISO 14040/44-aligned modelling; no critical review for individual-product comparisons,Not publicly confirmed,Not publicly confirmed,Attributional LCA using SimaPro and ReCiPe 2016 midpoint indicators,Not publicly confirmed,Not publicly confirmed,Not critically reviewed for comparative assertions between individual products; 2019 and 2024 results are not directly comparable,ReCiPe 2016; SimaPro; Agri-footprint,method/software/background implementation,Not publicly confirmed,Not publicly confirmed,Not publicly confirmed,Not publicly confirmed,Not publicly confirmed,https://www.rivm.nl/en/food-and-nutrition/sustainable-food/environmental-impact-of-food-products,Not publicly confirmed,RIVM publishes free CC BY 4.0 food LCA results for about 400 products and states explicit comparison and critical-review limitations.,2026-08-22,High,Stable machine-readable identifiers for products and version lineage,"Public database, licence and method verified"
LCA-DB-0020,ProBas 2,ProBas; Prozessorientierte Basisdaten für Umweltmanagement-Instrumente,Database / dataset,German federal public database of process-oriented environmental and life-cycle inventory data.,"German Environment Agency (Umweltbundesamt, UBA)",German Environment Agency,https://data.probas.umweltbundesamt.de/,Germany with international source datasets,"Cross-sector; predecessor page states more than 20,000 datasets","LCA practitioners, environmental managers, researchers and public users","Life-cycle inventory, environmental reporting and background-data research",German; technical interface partly English,Not publicly confirmed,ProBas2 soda4LCA 7.28.0 observed,Not publicly confirmed,Active successor interface,Public searchable stocks and standard export functions,Dataset-source-specific responsibilities and terms,Public/mixed-source,No for visible public stocks; login exists for privileged functions,Federal public database; data responsibility remains with dataset creators,Not publicly confirmed,Unit-process and other environmental datasets,Not publicly confirmed,soda4LCA/ILCD-style standard exports,Not publicly confirmed,Not publicly confirmed,Not publicly confirmed,Not publicly confirmed,Data-stock and dataset versions,Public database interface and predecessor overview,Source-level responsibility; platform metadata and standard formats,Not publicly confirmed,Not publicly confirmed,Not publicly confirmed,Not publicly confirmed,Not publicly confirmed,Mixed provenance and varying dataset ages; detailed rights are dataset-specific,soda4LCA; ILCD Data Format; LCDN; openLCA Nexus; openLCA,platform/schema implementation,Not publicly confirmed; Public openLCA Nexus metadata lists ProBas with openLCA-oriented groups/packages and formats (https://nexus.openlca.org/ws/dataproviders/8101),Not publicly confirmed,Not publicly confirmed,Not publicly confirmed,Not publicly confirmed,https://data.probas.umweltbundesamt.de/ ; https://www.probas.umweltbundesamt.de/,Not publicly confirmed; https://nexus.openlca.org/ws/dataproviders/8101; https://nexus.openlca.org/databases,UBA provides ProBas process data publicly and the successor ProBas2 exposes public stocks through a soda4LCA interface.,2026-08-22,High,"Formal migration completeness, dataset counts in ProBas2 and current licence matrix",Public federal database and access verified
LCA-DB-0021,INIES Database,INIES,Database / dataset,"French national reference database for environmental and health declarations, life-cycle inventories and other building data.",INIES governance partners under French public convention,Alliance HQE-GBC and INIES governance bodies,https://www.inies.fr/en/accueil/,France,"Construction products, building equipment and related LCI","Building LCA practitioners, manufacturers, verifiers, regulators and software providers","RE2020 building LCA, FDES/PEP consultation and verified declaration publication",French and English,Not publicly confirmed,Continuously updated online database,Not publicly confirmed,Active,All database data viewable online free of charge; declaration and some web-service functions use accounts/contracts,Database terms and declaration-programme rules,Public consultation / controlled submission and services,No for consultation; yes for declaration account,Supervisory board and technical committee; state-conventioned verification programmes,Not publicly confirmed,"FDES, PEP, life-cycle inventories, configurator and regulatory data",Not publicly confirmed,Not publicly confirmed,Digitised-data web service,Not publicly confirmed,Not publicly confirmed,Not publicly confirmed,Declaration and database updates,"Public guides, FAQ, programme and verification documentation",Programme verification and admission procedures,Not publicly confirmed,Not publicly confirmed,NF EN 15804 and French national supplement for construction declarations,Not publicly confirmed,Not publicly confirmed,Direct database links are not stable; machine service conditions differ from free viewing,EN 15804; ILCD+EPD; ECO Platform,conformance; exchange; network participation,Not publicly confirmed,Not publicly confirmed,Not publicly confirmed,Not publicly confirmed,Not publicly confirmed,https://www.inies.fr/en/accueil/ ; https://www.inies.fr/en/ressources-documentaires/how-to-consult-the-inies-database/,Not publicly confirmed,INIES identifies itself as the French reference building database and states that all data can be consulted online free of charge.,2026-08-22,High,"Current API terms, machine-readable format profiles and dataset-level licence fields","Public database, governance and consultation access verified"
LCA-DB-0022,PlasticsEurope Eco-profiles,PlasticsEurope LCI and EPD set,Database / dataset,Industry-maintained collection of life-cycle inventory datasets and environmental product declarations for plastics and precursor materials.,Plastics Europe,Plastics Europe and relevant sector groups,https://plasticseurope.org/sustainability/circularity/life-cycle-thinking/eco-profiles-set/,"Primarily European production, with product-specific scopes","Plastics, polymers, feedstocks and conversion processes","LCA practitioners, plastics producers and downstream users","Plastic-product LCA, background data and EPD use",English,Not publicly confirmed,Product-specific packages; methodology version 3.1; selected profiles updated 2026-03,Not publicly confirmed,Active with mixed current and withdrawn packages,Public downloadable reports and datasets in several formats; obsolete data available on request,Package-specific terms not fully confirmed,Public downloads / mixed legacy access,No for current public downloads,Industry-association programme with sector data providers,Not publicly confirmed,"LCI datasets, EPDs and methodology reports",Not publicly confirmed,Several downloadable formats; aggregated versions in commercial databases,Not publicly confirmed,Not publicly confirmed,Not publicly confirmed,Not publicly confirmed,Product-specific calculation/process dates and methodology versions,Public methodology and dataset packages,"Methodology, sector review and update notes",Not publicly confirmed,Not publicly confirmed,Not publicly confirmed,Not publicly confirmed,Not publicly confirmed,"Dataset age, format and scope vary; some legacy packages are withdrawn",ecoinvent; SimaPro; Sphera Managed LCA Content; GLAD,distribution and aggregation,Not publicly confirmed,Not publicly confirmed,Not publicly confirmed,Not publicly confirmed,Not publicly confirmed,https://plasticseurope.org/sustainability/circularity/life-cycle-thinking/eco-profiles-set/,Not publicly confirmed,PlasticsEurope publishes LCI and EPD packages for plastics in several formats and records current and withdrawn datasets plus a methodology document.,2026-08-22,High,"Complete inventory of active packages, licence consistency and current format versions",Public dataset collection and methodology verified
LCA-DB-0023,worldsteel Life Cycle Inventory Database,worldsteel LCI data; worldsteel eco-profiles,Database / dataset,Global and regional life-cycle inventory data and eco-profiles for steel products.,World Steel Association,worldsteel,https://worldsteel.org/wider-sustainability/life-cycle-thinking/life-cycle-inventory-data-and-eco-profiles/,Global and regional,16 steel products in the current 2024 LCI dataset,"Steel customers, designers, LCA practitioners and researchers","Steel LCA, materials comparison and product/environmental assessment",English,Not publicly confirmed,2024 LCI dataset (released 2026-05),2026-05,Active periodic study series,Eco-profiles publicly downloadable; full LCI data via request form,worldsteel terms,Mixed public outputs / request-based data,Request form for full LCI dataset; not used,Industry-association global LCI study,Not publicly confirmed,LCI data and cradle-to-gate/recycling-credit eco-profiles,Not publicly confirmed,Not publicly confirmed,Not publicly confirmed,Not publicly confirmed,Not publicly confirmed,Not publicly confirmed,Study and data-year releases,Public methodology and eco-profiles; detailed current study report pending at access date,ISO 14040/44-aligned worldsteel methodology,Not publicly confirmed,Not publicly confirmed,Not publicly confirmed,Not publicly confirmed,Not publicly confirmed,Full current LCI package requires a request and the detailed 2024 study report was announced but not yet published,ISO 14040; ISO 14044; openLCA Nexus; openLCA,method conformance,Not publicly confirmed; Public openLCA Nexus metadata lists worldsteel with openLCA-oriented groups/packages and formats (https://nexus.openlca.org/ws/dataproviders/9751),Not publicly confirmed,Not publicly confirmed,Not publicly confirmed,Not publicly confirmed,https://worldsteel.org/wider-sustainability/life-cycle-thinking/life-cycle-inventory-data-and-eco-profiles/,Not publicly confirmed; https://nexus.openlca.org/ws/dataproviders/9751; https://nexus.openlca.org/databases,worldsteel states that the current 2024 LCI dataset was released in May 2026 and covers 16 steel products with global and regional data.,2026-08-22,High,"Full data licence, exact regional coverage and publication of the detailed 2024 report",Public release metadata and eco-profiles verified; full data not requested
LCA-FMT-0007,openEPD Interchange Format,openEPD,Data schema / exchange format,Open JSON/OpenAPI-oriented interchange format for digital environmental product declarations and related entities.,openEPD Forum / Building Transparency ecosystem,openEPD contributors and reference implementers,https://www.open-epd-forum.org/,Global technical scope,"EPDs, initially construction materials with extensible sector specifications","EPD programme operators, databases, software developers and LCA practitioners","Digital EPD exchange, validation, API integration and machine processing",English technical documentation,Not publicly confirmed,Versioned public specification; exact release identifier requires capture,Not publicly confirmed,Active,Free public specification and reference code,Open implementation principles; repository-level licences,Open,No for specification,Open forum with sector extensions and public documentation,Not publicly confirmed,"EPD, PCR, organisation, plant, measurement and material-spec schemas",JSON-compatible schemas and OpenAPI 3.0,Not publicly confirmed,REST API schemas,Not publicly confirmed,open-xpd UUID-style identifiers and source URLs,Not publicly confirmed,Document and schema versions with backward-compatibility goal,"Public format guide, API and changelog","Mandatory fields, precise definitions, examples and reference helper functions",Not publicly confirmed,Not publicly confirmed,Not publicly confirmed,Not publicly confirmed,Not publicly confirmed,Sector extensions vary in maturity and full conformance governance remains to be assessed,ISO 14025; EN 15804; ILCD+EPD,standards compatibility and format interoperability,Not publicly confirmed,Not publicly confirmed,Not publicly confirmed,Not publicly confirmed,Not publicly confirmed,https://docs.open-epd-forum.org/en/open-epd-format/ ; https://docs.open-epd-forum.org/en/open-epd-format-1/,Not publicly confirmed,"openEPD is a free, versioned and extensible digital EPD format compatible with ISO 14025, EN 15804, ILCD+EPD and OpenAPI.",2026-08-22,High,"Canonical version number, formal governance charter and conformance-test coverage",Public specification and interoperability claims verified
LCA-FMT-0008,PACT Technical Specifications for PCF Data Exchange,PACT Technical Specifications; Pathfinder data exchange protocol,Data schema / exchange format,Versioned data model and HTTP API specification for interoperable exchange of product carbon footprints.,World Business Council for Sustainable Development,Partnership for Carbon Transparency (PACT),https://wbcsd.github.io/data-exchange-protocol/,Global technical scope,Cross-sector product carbon footprint data,"Software providers, auditors, sustainability teams and value-chain partners","Peer-to-peer PCF data exchange, assurance metadata and interoperable networks",English,Not publicly confirmed,3.0.3 latest stable stated on current index,Not publicly confirmed,Active,"Public specification, OpenAPI and simplified models",Public licence in specification appendix,Open specification,No,PACT/WBCSD consensus process with public release repository,Not publicly confirmed,"ProductFootprint/CarbonFootprint data model, data-quality/assurance fields and HTTP REST API",JSON/OpenAPI plus simplified Excel/HTML model,Not publicly confirmed,HTTP REST API and OpenAPI schema,Not publicly confirmed,UUID-based product-footprint records and version lineage,Not publicly confirmed,Semantic specification releases and stable timestamped records,"Public current and archived versions, changelogs and methodology references","Conformance requirements, consensus review and versioned release source of truth",Not publicly confirmed,Not publicly confirmed,Not publicly confirmed,Not publicly confirmed,Not publicly confirmed,It exchanges PCF results rather than full multi-impact LCA inventories; method version and implementation compatibility matter,PACT Methodology; GHG Protocol Product Standard; ISO 14067,method implementation and data exchange,Not publicly confirmed,Not publicly confirmed,Not publicly confirmed,Not publicly confirmed,Not publicly confirmed,https://wbcsd.github.io/data-exchange-protocol/ ; https://wbcsd.github.io/tr/,Not publicly confirmed,PACT publishes a versioned PCF data model and exchange API; the current index lists 3.0.3 as latest stable.,2026-08-22,High,Adoption/conformance registry and long-term compatibility policy beyond major versions,Public versioned specification and schemas verified
LCA-STD-0007,ISO 14044:2006,ISO 14044; Environmental management — Life cycle assessment — Requirements and guidelines,Method / guidance (incl. LCIA),"International standard specifying requirements and guidelines for LCA and LCI studies, reporting and critical review.",International Organization for Standardization,ISO/TC 207/SC 5,https://www.iso.org/standard/38498.html,International,Cross-sector,"LCA practitioners, reviewers, programme owners and standard setters","Requirements for LCA/LCI studies, impact assessment, interpretation, reporting and critical review",Multiple ISO publication languages,Not publicly confirmed,ISO 14044:2006 with Amendments 1:2017 and 2:2020,2006-07; confirmed current in 2022,Current / periodically reviewed,Public catalogue abstract; full standard sold by ISO/member bodies,ISO copyright,Restricted standard / public metadata,No for catalogue metadata; purchase for full text; not used,ISO/TC 207/SC 5,Not publicly confirmed,Normative LCA requirements and guidance,Not publicly confirmed,Not publicly confirmed,Not publicly confirmed,Not publicly confirmed,Not publicly confirmed,Not publicly confirmed,"Edition, amendments and systematic review",Public abstract and metadata; full text not accessed,International standards development and review,Not publicly confirmed,Not publicly confirmed,Not publicly confirmed,Not publicly confirmed,Not publicly confirmed,Full normative clauses were not accessed due to purchase restriction,ISO 14040; ILCD Handbook; GHG Protocol Product Standard,core conformance basis,Not publicly confirmed,Not publicly confirmed,Not publicly confirmed,Not publicly confirmed,Not publicly confirmed,https://www.iso.org/standard/38498.html,Not publicly confirmed,"ISO identifies the 2006 edition as current, confirmed in 2022, with two amendments and requirements covering all LCA phases and critical review.",2026-08-22,High,Timing and scope of the next revision,Public ISO catalogue metadata verified; full text not accessed
LCA-MTH-0011,CML-IA characterisation factors,CML-IA; CML 2001 baseline,Method / guidance (incl. LCIA),Midpoint life-cycle impact assessment method and characterisation-factor set developed by Leiden University's Institute of Environmental Sciences.,"Leiden University, Institute of Environmental Sciences (CML)",CML-IE; public resources are now largely archival,https://www.universiteitleiden.nl/en/research/research-output/science/cml-ia-characterisation-factors,Global/non-regional method with category-specific models,Cross-sector LCIA,"LCA practitioners, software/database providers and researchers",Midpoint impact characterisation and legacy LCA comparability,English,Not publicly confirmed,Version 4.8 (2016) commonly implemented; owner page availability intermittent,2016 for v4.8,Legacy/archival with continued software use,Public characterisation-factor resources and archival documentation,Not clearly stated on accessible owner pages,Public method resources,No,Developed by CML at Leiden University,Not publicly confirmed,Characterisation and normalisation factors,Not publicly confirmed,Not publicly confirmed,Not publicly confirmed,Not publicly confirmed,Not publicly confirmed,Not publicly confirmed,Numbered factor releases,Owner archival resources and handbook; no recent maintenance record confirmed,Peer-reviewed guide and internal/external review stated by CML,Not publicly confirmed,Not publicly confirmed,Not publicly confirmed,Not publicly confirmed,Not publicly confirmed,Ageing factors and fragmented archival hosting; users must cite the exact implementation version,SimaPro; openLCA; ecoinvent,software/database method implementation,Not publicly confirmed,Not publicly confirmed,Not publicly confirmed,Not publicly confirmed,Not publicly confirmed,https://web.universiteitleiden.nl/cml/ssp/projects/lca2/ ; https://www.universiteitleiden.nl/en/research/research-output/science/cml-ia-characterisation-factors,Not publicly confirmed,Leiden CML provides the characterisation-factor resources; public implementations identify v4.8 (2016) as the current legacy release.,2026-08-22,Medium,"Authoritative current download, licence and whether formal maintenance has ceased",Identity and legacy factor set verified; current maintenance/licence incomplete
LCA-MTH-0012,Global Life Cycle Impact Assessment Method,GLAM; GLAM 1.0,Method / guidance (incl. LCIA),"Consensus-based global LCIA method covering midpoint and damage characterisation, normalisation and weighting.",UNEP-hosted Life Cycle Initiative,Life Cycle Initiative GLAM stewardship community,https://www.lifecycleinitiative.org/activities/life-cycle-assessment-data-and-methods/global-guidance-for-life-cycle-impact-assessment-indicators-and-methods-glam/,Global with regionalized factors where applicable,Cross-sector products and services,"LCA practitioners, method developers, software providers and policymakers","Consistent global LCIA, method implementation and harmonization",English,Not publicly confirmed,GLAM 1.0.2024.10,2024-10,Active stewardship from 2026,Public downloadable method files and documentation,Public resource terms; file-level licence requires capture,Open public method resources,No,"UNEP-hosted, consensus-based project with hundreds of experts and current stewardship",Not publicly confirmed,"Approximately one million characterisation factors for 14,000 LCI flows and 22 impact categories stated",Not publicly confirmed,Not publicly confirmed,Not publicly confirmed,Not publicly confirmed,Not publicly confirmed,Not publicly confirmed,Numbered dated releases and stewardship updates,"Public spreadsheets, documentation and project history","Multi-year expert consensus, consultations and review workshops",Not publicly confirmed,Not publicly confirmed,Not publicly confirmed,Not publicly confirmed,Not publicly confirmed,Software implementation and LCI-flow mapping are still being expanded,GLAD network; AWARE; Life Cycle Initiative,nomenclature mapping and programme governance,Not publicly confirmed,Not publicly confirmed,Not publicly confirmed,Not publicly confirmed,Not publicly confirmed,https://www.lifecycleinitiative.org/activities/life-cycle-assessment-data-and-methods/global-guidance-for-life-cycle-impact-assessment-indicators-and-methods-glam/,Not publicly confirmed,The Life Cycle Initiative launched GLAM 1.0.2024.10 after an 11-year consensus process and began an active stewardship phase in 2026.,2026-08-22,High,"File-level licences, supported software packages and exact mapping release to GLAD flows","Public method, version, governance and downloads verified"
LCA-QA-0002,US EPA Guidance on Data Quality Assessment for Life Cycle Inventory Data,US EPA LCI Data Quality System; EPA pedigree matrices,QA / validation system,Public data-quality indicator and pedigree-matrix system for assessing LCI flows and unit processes.,United States Environmental Protection Agency,US EPA Office of Research and Development,https://cfpub.epa.gov/si/si_public_record_report.cfm?Lab=NRMRL&dirEntryId=321834,General LCI use with US EPA institutional origin,Cross-sector LCI data,"LCI data collectors, practitioners, reviewers and managers","Data-quality goals, pedigree scoring, review and documentation",English,Not publicly confirmed,EPA/600/R-16/096 (2016),2016-06-20,"Published guidance; designed to be updateable, but no newer edition confirmed",Public report and text,US government publication terms,Open public guidance,No,US EPA ORD research guidance,Not publicly confirmed,"Flow- and process-level indicators, pedigree matrices, examples and limitations",Not publicly confirmed,Not publicly confirmed,Not publicly confirmed,Not publicly confirmed,Not publicly confirmed,Not publicly confirmed,Report editions,Public full report and science inventory record,Flow indicators for reliability/representativeness/data collection; process indicators for review and completeness,Not publicly confirmed,Not publicly confirmed,Not publicly confirmed,Not publicly confirmed,Not publicly confirmed,Semi-quantitative guidance does not replace practitioner judgment and does not cover every ISO data-quality dimension,USLCI; Federal LCA Commons; ISO 14044; ecoinvent Data Quality Guidelines,validation guidance,Not publicly confirmed,Not publicly confirmed,Not publicly confirmed,Not publicly confirmed,Not publicly confirmed,https://cfpub.epa.gov/si/si_public_record_report.cfm?Lab=NRMRL&dirEntryId=321834,Not publicly confirmed,US EPA's 2016 guidance defines a two-level pedigree matrix and aims to improve reproducibility of LCI data-quality assessments.,2026-08-22,High,Whether a maintained machine-readable implementation or successor edition exists,Public official data-quality guidance verified
LCA-QA-0003,Environmental Footprint Data Quality Rating,PEF DQR; EF Data Quality Rating,QA / validation system,Data-quality scoring and representativeness framework embedded in the EU Environmental Footprint methods.,European Commission,European Commission Joint Research Centre and Environmental Footprint governance,https://op.europa.eu/en/publication-detail/-/publication/867f763f-01d7-11ed-acce-01aa75ed71a1,European Union method with wider use,"Products, organisations and EF-compliant life-cycle datasets","PEF/OEF practitioners, dataset providers, reviewers and programme operators","Scoring technological, geographical and time representativeness plus precision/uncertainty",All EU publication languages,Not publicly confirmed,Commission Recommendation (EU) 2021/2279 method annexes; current EF implementation updates apply,2021-12-30,Active component of Environmental Footprint methods,Public recommendation and method annexes,EU reuse terms,Open public documentation,No,European Commission/JRC method governance,Not publicly confirmed,"DQR criteria, formulas, requirements and review/application rules",Not publicly confirmed,Not publicly confirmed,Not publicly confirmed,Not publicly confirmed,Not publicly confirmed,Not publicly confirmed,Recommendation/method and sector-rule revisions,Public EU publication formats,Quantified DQR based on representativeness and precision/uncertainty criteria,Not publicly confirmed,Not publicly confirmed,Not publicly confirmed,Not publicly confirmed,Not publicly confirmed,DQR application is method/profile-specific and can depend on EF-compliant dataset metadata,Product Environmental Footprint method; Environmental Footprint database; ILCD/eILCD format family,embedded QA method,Not publicly confirmed,Not publicly confirmed,Not publicly confirmed,Not publicly confirmed,Not publicly confirmed,https://op.europa.eu/en/publication-detail/-/publication/867f763f-01d7-11ed-acce-01aa75ed71a1,Not publicly confirmed,Commission Recommendation (EU) 2021/2279 publishes the Environmental Footprint methods and their data-quality requirements as public annexes.,2026-08-22,High,Current implementation guidance and machine-validation rules by EF package version,Public EU method and QA framework verified
LCA-NET-0005,Life Cycle Initiative,UNEP Life Cycle Initiative; UNEP/SETAC Life Cycle Initiative,Platform / repository / network,"UNEP-hosted global multi-stakeholder partnership advancing life-cycle knowledge, methods, data access and capacity building.",United Nations Environment Programme,Life Cycle Initiative secretariat and steering governance,https://www.lifecycleinitiative.org/,Global,"Cross-sector environmental, social and economic life-cycle knowledge","Governments, businesses, researchers, civil society and practitioners","Consensus building, global methods/data infrastructure, guidance, capacity and networks",English with multilingual resources,Not publicly confirmed,Strategic approach 2022–2027,Not publicly confirmed,Active,"Public website, reports, tools and network resources",Resource-specific public terms,Open public programme,No for public resources; membership and newsletters optional,"UNEP-hosted public-private multi-stakeholder partnership, launched with SETAC in 2002",Not publicly confirmed,"Methods, guidance, databases/network programmes, tools and capacity resources",Not publicly confirmed,Not publicly confirmed,Not publicly confirmed,Not publicly confirmed,Not publicly confirmed,Not publicly confirmed,"Strategies, project releases and governed tool/method versions","Public strategy, governance, reports and project pages",Multi-stakeholder consensus and expert project governance,Not publicly confirmed,Not publicly confirmed,Not publicly confirmed,Not publicly confirmed,Not publicly confirmed,"The initiative is a portfolio/network, so individual outputs require separate asset records",GLAD; GLAM; USEtox; Social LCA Guidelines,programme governance/development,Not publicly confirmed,Not publicly confirmed,Not publicly confirmed,Not publicly confirmed,Not publicly confirmed,https://www.lifecycleinitiative.org/about/our-mission-vision-and-approach/,Not publicly confirmed,The Life Cycle Initiative is a UNEP-hosted global multi-stakeholder partnership launched in 2002 to build consensus and access to life-cycle knowledge.,2026-08-22,High,Complete canonical inventory of active and retired initiative outputs,"Public mission, governance and programme activity verified"
LCA-SW-0010,LCA as Code,LCA-as-Code,Software / API / tool,"Domain-specific language and development environment for parameterized, version-controlled and reproducible LCA models.",LCA as Code project/provider,LCA as Code team,https://lca-as-code.com/,Global technical scope,Cross-sector LCA models,"LCA consultants, database vendors, researchers and companies","Parametric modelling, automated scenario generation, version control and reproducible LCA",English documentation and text-based modelling language,Not publicly confirmed,1.7.12,2025-02,Active public product/download page,Free functional JetBrains plugin; demo/contact for broader deployment,Product terms not fully confirmed,Freely downloadable component / commercial services,No account stated for public documentation/download; demo uses contact form and was not requested,Provider-maintained software,Not publicly confirmed,"Text models, templates, calculation and development tooling",Not publicly confirmed,"Imports SimaPro, ecoinvent and openLCA; exports ecoSpold2, ILCD and CSV",Not publicly confirmed,Not publicly confirmed,Not publicly confirmed,Not publicly confirmed,Numbered releases,Public product page and tutorial,Built-in consistency checks and code/version-control workflow,Not publicly confirmed,Not publicly confirmed,Not publicly confirmed,Not publicly confirmed,Not publicly confirmed,"Licence, source availability and full deployment architecture were not publicly clear",ecoinvent; SimaPro; openLCA; ecoSpold2; ILCD Data Format,import/export and model execution,Not publicly confirmed,Not publicly confirmed,Not publicly confirmed,Not publicly confirmed,Not publicly confirmed,https://lca-as-code.com/,Not publicly confirmed,"The public site documents version 1.7.12, a text-based LCA language, parameterized models, checks and imports/exports to major LCA systems.",2026-08-22,High,"Formal licence, source-code availability and current roadmap","Public software functions, version and download verified"
LCA-FMT-0009,LCAx exchange format,LCAx schema,Data schema / exchange format,"Open JSON-schema-based exchange format for whole-building LCA projects, assemblies, EPDs and impacts.",LCAx open-source project / OCNI-DTU contributors,LCAx contributors,https://docs.lcax.org/reference/schemas/lcax,Global technical scope,"Buildings, construction assemblies and EPD-based whole-life LCA","Building LCA software developers, EPD data users and researchers","Project and EPD data exchange, validation and conversion",English technical documentation,Not publicly confirmed,Versioned through formatVersion and repository releases,Not publicly confirmed,Active,Public schema and repository,Apache-2.0 repository licence,Open,No,Open-source project contributors,Not publicly confirmed,"Project, assembly, EPD, impact-category and life-cycle-module objects",JSON Schema,Not publicly confirmed,Not publicly confirmed,Not publicly confirmed,Project/assembly/EPD identifiers,Not publicly confirmed,formatVersion plus source releases,"Public schema, concepts and examples",Structural schema validation plus custom rules,Not publicly confirmed,Not publicly confirmed,Not publicly confirmed,Not publicly confirmed,Not publicly confirmed,Construction focus and evolving format/tool support,LCAx toolkit; ILCD+EPD; EN 15804,implemented by; conversion,Not publicly confirmed,Not publicly confirmed,Not publicly confirmed,Not publicly confirmed,Not publicly confirmed,https://github.com/ocni-dtu/lcax ; https://docs.lcax.org/reference/schemas/lcax,Not publicly confirmed,"LCAx publishes an Apache-2.0 JSON schema for open, machine- and human-readable exchange of LCA projects, assemblies and EPDs.",2026-08-22,High,Stable conformance profile and backward-compatibility commitments,"Public schema, repository and licence verified"
LCA-SW-0011,LCAx toolkit,LCAx libraries and calculation tools,Software / API / tool,"Open-source multi-language toolkit implementing the LCAx data structure, conversions, validation and whole-life LCA calculations.",LCAx open-source project / OCNI-DTU contributors,LCAx contributors,https://docs.lcax.org/,Global technical scope,Building and construction LCA,"Software developers, building LCA practitioners and researchers","Conversion, validation, impact calculation and EPD integration","Rust, Python and JavaScript/TypeScript",Not publicly confirmed,Active repository; numbered stable release not confirmed,Not publicly confirmed,Active,Public source and documentation,Apache-2.0,Open source,No,Open-source project contributors,Not publicly confirmed,"Libraries, validators, converters and calculation engine",Not publicly confirmed,Not publicly confirmed,Language APIs and schemas,Not publicly confirmed,Not publicly confirmed,Not publicly confirmed,Repository and package releases,Public guides and API/schema documentation,"Rust typing, JSON-schema validation, custom validation and automated tests",Not publicly confirmed,Not publicly confirmed,Not publicly confirmed,Not publicly confirmed,Not publicly confirmed,Some conversion and calculation functions remain under development,LCAx exchange format; ILCD+EPD,native implementation and conversion,Not publicly confirmed,Not publicly confirmed,Not publicly confirmed,Not publicly confirmed,Not publicly confirmed,https://docs.lcax.org/ ; https://github.com/ocni-dtu/lcax,Not publicly confirmed,"LCAx documents an open multi-language toolkit for common-format exchange, conversion, validation, impact calculation and EPD integration.",2026-08-22,High,Package-level versions and mature conformance coverage,"Public source, documentation and licence verified"
LCA-SW-0012,LCIA Formatter,lciafmt; LCIAformatter,Software / API / tool,"US EPA-supported open-source tool that acquires, maps and exports life-cycle impact assessment methods for interoperable use.",United States Environmental Protection Agency / Federal LCA Commons ecosystem,FLCAC-admin repository contributors,https://github.com/FLCAC-admin/LCIAformatter,Global method content with US federal reference-flow implementation,Cross-sector LCIA methods,"LCIA method curators, federal LCA repositories, software developers and practitioners","Method acquisition, elementary-flow mapping and standardized export",Python,Not publicly confirmed,v1.1.4 used in current Federal LCA Commons method packages,Not publicly confirmed,Active operational ecosystem component,Public source repository and generated public methods,Open-source repository licence,Open source,No for source and public method records,US EPA-supported open-source project within the Federal LCA Commons ecosystem,Not publicly confirmed,"Python pipelines, mappings and generated LCIA method datasets",Not publicly confirmed,Federal LCA Commons/openLCA JSON-LD and related method formats,Not publicly confirmed,Not publicly confirmed,Not publicly confirmed,Not publicly confirmed,Tool releases and generated method package provenance,"Public repository, paper and method records","Automated source acquisition, FEDEFL mapping, tests and EPA peer/administrative review",Not publicly confirmed,Not publicly confirmed,Not publicly confirmed,Not publicly confirmed,Not publicly confirmed,Method results depend on source portal changes and FEDEFL/version mappings,FEDEFL; Federal LCA Commons; ReCiPe 2016; TRACI,mapping and generation,Not publicly confirmed,Not publicly confirmed,Not publicly confirmed,Not publicly confirmed,Not publicly confirmed,https://github.com/FLCAC-admin/LCIAformatter ; https://www.lcacommons.gov/lca-collaboration/Federal_LCA_Commons/ReCiPe,Not publicly confirmed,The public EPA-supported tool maps provider LCIA methods to FEDEFL and generates versioned methods used in the Federal LCA Commons.,2026-08-22,High,Current release changelog and complete supported-method list,"Public source, paper and operational outputs verified"
LCA-SW-0013,soda4LCA,service-oriented database application for LCA,Software / API / tool,"Open-source web database and REST service for storing, publishing and federating ILCD-format LCI and LCIA datasets.",soda4LCA open-source project,soda4LCA maintainers / OKWorx,https://soda4lca.io/,Global technical scope,Cross-sector LCI and LCIA datasets,"Database operators, national nodes, software developers and LCA practitioners","Dataset storage, search, publication, REST access and federated node queries",English/German technical resources; Java software,Not publicly confirmed,7.28.0 observed on current ProBas2 deployment,Not publicly confirmed,Active open-source/service project,Public source concept and operated-node services; node policies vary,Open-source project; repository-level licence requires capture,Open-source software / mixed hosted services,No for public documentation; node write/admin functions require credentials,Community project with commercial maintenance/hosting services,Not publicly confirmed,ILCD-format datasets and node metadata,ILCD XML profiles,Not publicly confirmed,RESTful soda4LCA API,Not publicly confirmed,Not publicly confirmed,Not publicly confirmed,Numbered software releases and deployments,Public product/project page and API-dependent node documentation,ILCD schema/profile validation and continuous testing stated,Not publicly confirmed,Not publicly confirmed,Not publicly confirmed,Not publicly confirmed,Not publicly confirmed,Public project page release news is incomplete; deployed versions and node profiles differ,ILCD Data Format; LCDN; ProBas 2; BDI-LCA; ECO Portal,native node software/API,Not publicly confirmed,Not publicly confirmed,Not publicly confirmed,Not publicly confirmed,Not publicly confirmed,https://soda4lca.io/ ; https://data.probas.umweltbundesamt.de/,Not publicly confirmed,soda4LCA is an open web database with REST access and federated queries for ILCD-format LCI/LCIA datasets; current ProBas2 reports version 7.28.0.,2026-08-22,High,"Canonical source repository, current licence and release history",Public function and current deployment verified; repository metadata incomplete
LCA-SW-0014,premise,PRospective EnvironMental Impact asSEssment,Software / API / tool,Open-source Python tool for creating prospective LCI databases by aligning ecoinvent with integrated assessment model scenarios.,premise open-source project / polca contributors,premise contributors,https://premise.readthedocs.io/en/latest/,Global IAM scenarios and ecoinvent geography,"Energy, transport, fuels, industry and other mapped sectors",Prospective LCA researchers and practitioners,Scenario-based future background databases and technology transition assessment,Python and English documentation,Not publicly confirmed,2.4.9.1 documentation current at access date,Not publicly confirmed,Active,Public source/Python package; ecoinvent licence and some IAM scenario keys are separate dependencies,Open-source tool licence; input-data licences separate,Open source with restricted dependencies,"No for source/package; ecoinvent licence required and standard IAM scenarios may require a key request, neither accessed",Open-source research community,Not publicly confirmed,"Transformation code, mappings and scenario resources",Not publicly confirmed,ecoinvent/ecoSpold2 and Brightway database outputs,Not publicly confirmed,Not publicly confirmed,Not publicly confirmed,Not publicly confirmed,"Package releases, changelog and versioned inputs",Public detailed guide and repository,"Tests, changelog, explicit reproducibility conditions and scenario/version provenance",Not publicly confirmed,Not publicly confirmed,Not publicly confirmed,Not publicly confirmed,Not publicly confirmed,"Outputs are scenario-, model-, year- and ecoinvent-version-specific; derivative database sharing is constrained",ecoinvent; Brightway; ecoSpold2,input dependency and output integration,Not publicly confirmed,Not publicly confirmed,Not publicly confirmed,Not publicly confirmed,Not publicly confirmed,https://github.com/polca/premise ; https://premise.readthedocs.io/en/latest/introduction.html,Not publicly confirmed,premise modifies supported ecoinvent releases using IAM scenarios to create future LCI databases and documents reproducibility and dependency limits.,2026-08-22,High,Current licence identifier and accessibility of each bundled/scenario dataset,Public source and current documentation verified; restricted inputs not accessed
LCA-DB-0024,openIO-Canada,Open IO Canada,Database / dataset,Open Canadian environmentally extended input-output model and tool for estimating life-cycle impacts of products and services.,CIRAIG / project contributors,CIRAIG OpenIO-Canada contributors,https://ciraig.org/index.php/project/open-io-canada/,Canada,Canadian economy by input-output commodity classifications,"Researchers, policymakers and footprint analysts","EEIO-LCA, procurement and consumption footprints",English/French project context; Python source,Not publicly confirmed,OpenIO v2.11,2026-01-05,Active,Public source and releases,Open-source repository licence,Open,No,CIRAIG-led open research project,Not publicly confirmed,Symmetric environmentally extended input-output tables and calculation module,Not publicly confirmed,Python/tabular outputs,Not publicly confirmed,Not publicly confirmed,Not publicly confirmed,Not publicly confirmed,Numbered GitHub releases,"Public project page, repository and publications",Open methodology/source and versioned national statistics processing,Not publicly confirmed,Not publicly confirmed,Not publicly confirmed,Not publicly confirmed,Not publicly confirmed,Results depend on Canadian IO/statistical versions and model assumptions,EXIOBASE; USEEIO,peer EEIO model,Not publicly confirmed,Not publicly confirmed,Not publicly confirmed,Not publicly confirmed,Not publicly confirmed,https://ciraig.org/index.php/project/open-io-canada/ ; https://github.com/CIRAIG/OpenIO-Canada,Not publicly confirmed,CIRAIG identifies openIO-Canada as an open EEIO model; the public repository lists v2.11 released in January 2026.,2026-08-22,High,Exact dataset vintages and current licence text,"Public project, source and release verified"
LCA-DB-0025,Product Social Impact Life Cycle Assessment Database,PSILCA,Database / dataset,Commercial global database for social life-cycle assessment using a multi-regional input-output economy and social indicators.,GreenDelta,GreenDelta,https://psilca.net/,189 countries,"14,838 sectors and commodities; 106 indicators stated for v4","Social-LCA practitioners, companies and researchers","Social footprints, risk/hotspot analysis and supply-chain assessment",English public documentation,Not publicly confirmed,v4.0.1,2026-01,Active with regular updates stated,"Commercial Starter, Professional and Developer variants via openLCA Nexus and supported software",Commercial licence,Commercial / restricted,Purchase/licence required; not used,Vendor-maintained database,Not publicly confirmed,"Country-sector social indicators, risk-assessed flows, raw values and DQ information by variant",Not publicly confirmed,openLCA zolca; openLCA library; SimaPro 10.2 database; SimaPro 9 database/CSV,Not publicly confirmed,Not publicly confirmed,Not publicly confirmed,Not publicly confirmed,Numbered major releases and regular data updates,Public overview and version 4 manual,"Source/year metadata, risk evaluation and data-quality indicators; detail varies by licence variant",Not publicly confirmed,Not publicly confirmed,Not publicly confirmed,Not publicly confirmed,Not publicly confirmed,"Commercial variants differ in cut-offs, transparency and raw/DQ fields",openLCA Nexus; SimaPro; Eora MRIO; openLCA,distribution and model dependency,Not publicly confirmed; Public openLCA Nexus metadata lists PSILCA with openLCA-oriented groups/packages and formats (https://nexus.openlca.org/ws/dataproviders/9552),Not publicly confirmed,Not publicly confirmed,Not publicly confirmed,Not publicly confirmed,https://psilca.net/ ; https://nexus.openlca.org/ws/dataproviders/9552,Not publicly confirmed; https://nexus.openlca.org/ws/dataproviders/9552; https://nexus.openlca.org/databases,"Public provider metadata identifies PSILCA v4.0.1, released in January 2026, and lists Starter/SimaPro, Professional and Developer variants in openLCA and SimaPro formats.",2026-08-25,High,Licence rights and reproducible import tests by exact distribution and software version,"Current version, scope and public distribution metadata verified; licensed database not accessed"
LCA-DB-0026,Social Hotspots Database,SHDB,Database / dataset,Commercial social-risk and opportunity database for social LCA and global supply-chain hotspot analysis.,New Earth / Social Hotspots Database provider,Social Hotspots Database team,https://www.socialhotspot.org/,Global supply chains,Economy-wide country-sector social risks,"Companies, Social-LCA practitioners and responsible-sourcing teams","Social footprint, human-rights due diligence, hotspot mapping and responsible sourcing",English,Not publicly confirmed,v6 (2025 update),2026-02-05 Nexus package release,Active commercial offering,Commercial licences for use with LCA software,Commercial licence,Commercial / restricted,Licence/contact required; not used,Provider-maintained database and methods,Not publicly confirmed,Social risk/opportunity indicators linked to a supply-chain model,Not publicly confirmed,openLCA zolca; openLCA library for the unit-process package,Not publicly confirmed,Not publicly confirmed,Not publicly confirmed,Not publicly confirmed,Not publicly confirmed,Public product overview; detailed methodology/access terms require further capture,Provider documentation not fully assessed,Not publicly confirmed,Not publicly confirmed,Not publicly confirmed,Not publicly confirmed,Not publicly confirmed,"Version, coverage counts, methods and licence details were not fully available on the public page",SimaPro; openLCA; PSILCA; openLCA Nexus,software distribution and peer database,Not publicly confirmed; Public openLCA Nexus metadata lists Social Hotspots with openLCA-oriented groups/packages and formats (https://nexus.openlca.org/ws/dataproviders/151),Not publicly confirmed,Not publicly confirmed,Not publicly confirmed,Not publicly confirmed,https://www.socialhotspot.org/ ; https://nexus.openlca.org/ws/dataproviders/151,Not publicly confirmed; https://nexus.openlca.org/ws/dataproviders/151; https://nexus.openlca.org/databases,Public provider metadata states that the Social Hotspots Database was updated in 2025 as version 6 and lists current system- and unit-process openLCA packages.,2026-08-25,High,"Exact indicator coverage, update methodology and licence terms by package",Current version and public distribution metadata verified; licensed database not accessed
LCA-MTH-0013,PACT Methodology,PACT Methodology v3; former Pathfinder Framework,Method / guidance (incl. LCIA),"Cross-sector guidance for calculating, assuring and reporting product carbon footprints for value-chain exchange.",World Business Council for Sustainable Development,Partnership for Carbon Transparency,https://wbcsd.github.io/tr/methodology/3.0/pact-methodology-v3.0.pdf,Global,Cross-sector products and value chains,"Companies, suppliers, PCF practitioners, solution providers and assurance users","Product carbon-footprint calculation, data hierarchy, quality, verification and reporting",English,Not publicly confirmed,3.0,2025,Active,Public PDF and stable release repository,WBCSD/PACT publication terms,Open public documentation,No,WBCSD-hosted PACT consensus process,Not publicly confirmed,"PCF calculation and reporting rules, data quality, assurance and biogenic/land-emissions guidance",Not publicly confirmed,Not publicly confirmed,Not publicly confirmed,Not publicly confirmed,Not publicly confirmed,Not publicly confirmed,Major methodology releases with stable archive,Public methodology and technical crosswalk,"Consensus development, versioned rules and assurance guidance",Not publicly confirmed,Not publicly confirmed,"Builds on GHG Protocol Product Standard, ISO and other major PCF standards",Not publicly confirmed,Not publicly confirmed,"Covers climate/product carbon footprints, not multi-impact LCA",PACT Technical Specifications; GHG Protocol Product Standard; ISO 14067,methodological foundation and standards alignment,Not publicly confirmed,Not publicly confirmed,Not publicly confirmed,Not publicly confirmed,Not publicly confirmed,https://wbcsd.github.io/tr/methodology/3.0/pact-methodology-v3.0.pdf ; https://wbcsd.github.io/tr/,Not publicly confirmed,PACT Methodology v3 provides product-level carbon calculation and exchange guidance and is the explicit methodological foundation of PACT Technical Specifications v3.,2026-08-22,High,Transition timetable to future ISO/GHG Protocol harmonized product accounting,Public current methodology and version verified
LCA-PLT-0003,Big Open Network for Sustainability Assessment Information,BONSAI; BONSAI Climate Footprint Analyser,Platform / repository / network,"Not-for-profit open sustainability-assessment network and platform providing transparent product footprints, data, software and API access.",BONSAI not-for-profit association,"BONSAI secretariat, board and contributor network",https://bonsai.uno/,Global,Cross-sector product and consumption footprints,"Governments, companies, charities, researchers and developers","Open footprint exploration, contribution, reproducibility and reuse",English,Not publicly confirmed,Current public Climate Footprint Analyser,Not publicly confirmed,Active,"Free public site, downloads and open API",CC BY 4.0 footprint data; MIT-licensed software stated,Open,No for public exploration/download/API metadata; contribution workflows may differ,Membership-based not-for-profit association with board/general assembly and distributed projects,Not publicly confirmed,"Footprints, recipes, open data, algorithms and governance resources",Not publicly confirmed,Not publicly confirmed,Public BONSAI API,Not publicly confirmed,Not publicly confirmed,Not publicly confirmed,Database/software releases and retained history of changes,"Public foundation, download and source links","Transparent data/algorithms, provenance and reconstructable change history",Not publicly confirmed,Not publicly confirmed,Not publicly confirmed,Not publicly confirmed,Not publicly confirmed,"Platform, database, software and ontology have distinct release cycles",BONSAI Database; BONSAI Core Ontology,hosts/governs,Not publicly confirmed,Not publicly confirmed,Not publicly confirmed,Not publicly confirmed,Not publicly confirmed,https://bonsai.uno/ ; https://www.bonsai.uno/foundation,Not publicly confirmed,"BONSAI is a not-for-profit open network offering CC BY 4.0 footprints, MIT software and a public API for transparent product-footprint evidence.",2026-08-22,High,"Current API specification, conformance model and long-term funding","Public governance, platform, licences and access verified"
LCA-DB-0027,BONSAI Database,BONSAI open footprint database,Database / dataset,Open database underlying BONSAI's transparent product and climate footprints.,BONSAI not-for-profit association,BONSAI data contributors and projects,https://www.bonsai.uno/download,Global economy/product scope under expansion,"Monetary supply-use accounts, production functions, waste modelling and product-footprint recipes","Footprint analysts, researchers and software developers","Open product footprint calculation, audit and reuse",English metadata,Not publicly confirmed,First public BONSAI database release; current download page updated in 2026,Not publicly confirmed,Active,Public download and API,CC BY 4.0 for footprint data stated,Open,No for public download,BONSAI association and contributing projects,Not publicly confirmed,"Open footprint data, monetary SUT accounts and parametrized production functions",Not publicly confirmed,Public downloadable data; exact package formats require capture,BONSAI public API,Not publicly confirmed,Not publicly confirmed,Not publicly confirmed,Database releases with retained change history,Public download/features pages,"Open models/data, provenance and reproducible algorithms",Not publicly confirmed,Not publicly confirmed,Not publicly confirmed,Not publicly confirmed,Not publicly confirmed,Coverage and full schema/release metadata remain under development,BONSAI platform; BONSAI Core Ontology,hosted data and semantic model,Not publicly confirmed,Not publicly confirmed,Not publicly confirmed,Not publicly confirmed,Not publicly confirmed,https://www.bonsai.uno/download ; https://bonsai.uno/getting-the-data-right,Not publicly confirmed,"BONSAI describes its first open database release and offers downloadable, reusable footprint data under CC BY 4.0.",2026-08-22,High,"Formal release identifier, dataset counts, schema and update cadence","Public database existence, access and licence verified; detailed release metadata incomplete"
LCA-MTH-0014,Catena-X Guidance Product Carbon Footprint Calculation,Catena-X PCF Guidance; successor to Catena-X PCF Rulebook,Method / guidance (incl. LCIA),"Automotive value-chain guidance for consistent product carbon-footprint calculation, reporting, allocation, waste/recycling and logistics.",Catena-X Automotive Network e.V.,Catena-X PCF working groups,https://catena-x.net/further-guidance-documents-for-pcf/,Global automotive value chains,"Automotive products, components, materials, logistics and recycling","Suppliers, manufacturers, PCF practitioners and software providers",Supplier-specific PCF calculation and exchange in Catena-X,English; some supporting documents German,Not publicly confirmed,Guidance released 2026-07-01; previous Rulebook v2 retained as predecessor,2026-07-01,Active,Public downloadable guidance,Catena-X publication terms,Open documentation,No,Association and PCF working-group standards process,Not publicly confirmed,"Calculation rules and supporting allocation, DQR, waste/recycling and logistics guidance",Not publicly confirmed,Not publicly confirmed,Not publicly confirmed,Not publicly confirmed,Not publicly confirmed,Not publicly confirmed,Dated guidance releases and predecessor rulebooks,Public guidance library,Data-quality and reporting guidance plus ecosystem certification mechanisms,Not publicly confirmed,Not publicly confirmed,Product carbon accounting aligned with major cross-sector standards,Not publicly confirmed,Not publicly confirmed,Automotive/ecosystem profile and transitional lineage from the old Rulebook require explicit version citation,Catena-X PCF Data Model Guidance; Catena-X DQR Guidance; PACT; TfS,governs/implements,Not publicly confirmed,Not publicly confirmed,Not publicly confirmed,Not publicly confirmed,Not publicly confirmed,https://catena-x.net/further-guidance-documents-for-pcf/,Not publicly confirmed,"Catena-X's current library lists PCF Calculation Guidance dated 1 July 2026 and supporting allocation, DQR, data-model, recycling and logistics documents.",2026-08-22,High,Formal supersession notice and stable identifier linking the 2026 guidance to Rulebook v2,Public current guidance and release date verified
LCA-QA-0004,Catena-X Data Quality Rating Guidance,Catena-X DQR Guidance,QA / validation system,"PCF data-quality scoring guidance using technological, geographical and temporal representativeness indicators.",Catena-X Automotive Network e.V.,Catena-X PCF working groups,https://catena-x.net/further-guidance-documents-for-pcf/,Global automotive value chains,Product carbon-footprint activity and emission-factor data,"PCF practitioners, verifiers and software providers",Data-quality assessment and transparent PCF reporting,English,Not publicly confirmed,Guidance released 2026-07-01,2026-07-01,Active,Public download,Catena-X publication terms,Open documentation,No,Catena-X working-group guidance,Not publicly confirmed,"Scoring rules, source guidance and worked examples",Not publicly confirmed,Not publicly confirmed,Not publicly confirmed,Not publicly confirmed,Not publicly confirmed,Not publicly confirmed,Dated releases,Public guidance library,"TeR, GeR and TiR representativeness scoring",Not publicly confirmed,Not publicly confirmed,Not publicly confirmed,Not publicly confirmed,Not publicly confirmed,Profile-specific and not a general independent certification system,Catena-X PCF Calculation Guidance; Catena-X PCF Data Model,embedded QA framework,Not publicly confirmed,Not publicly confirmed,Not publicly confirmed,Not publicly confirmed,Not publicly confirmed,https://catena-x.net/further-guidance-documents-for-pcf/,Not publicly confirmed,"Catena-X's official library publishes DQR guidance defining TeR, GeR and TiR scoring rules and examples.",2026-08-22,High,Machine-readable validation rules and compatibility with PACT/TfS DQ fields,Public current QA guidance verified
LCA-FMT-0010,Catena-X PCF Data Model Guidance,Catena-X PCF data aspect model,Data schema / exchange format,Functional data-model guidance defining attributes and lifecycle rules for Catena-X-compliant PCF exchange.,Catena-X Automotive Network e.V.,Catena-X PCF/data-model working groups,https://catena-x.net/further-guidance-documents-for-pcf/,Global technical/automotive network scope,Cross-company automotive PCF data,"Software developers, solution providers and PCF data owners","PCF data exchange, lifecycle/version handling and semantic implementation",English,Not publicly confirmed,Guidance released 2026-07-01,2026-07-01,Active,Public download and related Eclipse Tractus-X implementation resources,Catena-X/implementation repository terms,Open documentation / ecosystem implementations,No for public guidance,Catena-X association and open implementation ecosystem,Not publicly confirmed,"PCF attributes, functional semantics and lifecycle/time-period rules",Catena-X data aspect model,Not publicly confirmed,Implemented through Catena-X/Tractus-X solutions,Not publicly confirmed,Not publicly confirmed,Not publicly confirmed,Dated guidance and model versions,Public guidance library,Model conformance plus ecosystem certification/verification,Not publicly confirmed,Not publicly confirmed,Not publicly confirmed,Not publicly confirmed,Not publicly confirmed,Technical implementation artefacts and guidance versions must be paired,Catena-X PCF Calculation Guidance; PACT Technical Specifications,method implementation and exchange,Not publicly confirmed,Not publicly confirmed,Not publicly confirmed,Not publicly confirmed,Not publicly confirmed,https://catena-x.net/further-guidance-documents-for-pcf/,Not publicly confirmed,"Catena-X publishes Data Model Guidance describing PCF data attributes, lifecycle and time-period semantics for Rulebook-compliant exchange.",2026-08-22,High,"Canonical semantic-model identifier, version and API conformance tests",Public current data-model guidance verified
LCA-MTH-0015,TfS Product Carbon Footprint Guideline for the Chemical Industry,TfS PCF Guideline,Method / guidance (incl. LCIA),Chemical-industry-specific methodology for calculating auditable product carbon footprints.,Together for Sustainability,TfS Scope 3 GHG programme,https://www.tfs-initiative.com/pcf-guideline,Global chemical supply chains,Chemical materials and multi-output chemical processes,"Chemical suppliers, corporations, practitioners and auditors","Chemical PCF calculation, Scope 3 supplier data and procurement","English, Chinese, Japanese, Spanish and Portuguese",Not publicly confirmed,3.0,Not publicly confirmed,Active,Public multilingual downloads,TfS publication/open-use terms,Open documentation,No,Chemical-industry member initiative and programme governance,Not publicly confirmed,"Calculation rules, accepted PCRs and multi-output process guidance",Not publicly confirmed,Not publicly confirmed,Not publicly confirmed,Not publicly confirmed,Not publicly confirmed,Not publicly confirmed,Numbered major releases,"Public guideline, videos and supplier resources","Audit-ready design, accepted-PCR process and linked verification framework",Not publicly confirmed,Not publicly confirmed,ISO-compliant and accepted by GHG Protocol as stated by TfS,Not publicly confirmed,Not publicly confirmed,Chemical-sector profile; differences from PACT are documented separately,TfS PCF Data Model; TfS Verification Framework; PACT Methodology,governs and aligns,Not publicly confirmed,Not publicly confirmed,Not publicly confirmed,Not publicly confirmed,Not publicly confirmed,https://www.tfs-initiative.com/pcf-guideline,Not publicly confirmed,"TfS publishes PCF Guideline v3.0 in five languages for chemical materials and explicitly separates method, data model and verification framework.",2026-08-22,High,Exact publication date and clause-level alignment with PACT v3/ISO revisions,Public current multilingual guideline verified
LCA-FMT-0011,TfS PCF Data Model,TfS Product Carbon Footprint Data Model,Data schema / exchange format,"Technical reporting model specifying PCF fields, nomenclature and formatting for TfS exchange.",Together for Sustainability,TfS Scope 3 GHG programme,https://www.tfs-initiative.com/pcf-guideline,Global chemical supply chains,Chemical product carbon-footprint records,"Suppliers, data-platform providers and PCF software developers",Structured reporting and exchange of TfS-compliant PCFs,English and Japanese downloads listed,Not publicly confirmed,Current public model accompanying Guideline v3.0,Not publicly confirmed,Active,Public download,TfS publication terms,Open documentation,No,TfS programme governance,Not publicly confirmed,"PCF attributes, nomenclature and formatting rules",Not publicly confirmed,Not publicly confirmed,Not publicly confirmed,Not publicly confirmed,Not publicly confirmed,Not publicly confirmed,Programme/model releases,Public downloadable model,Linked to TfS calculation and verification requirements,Not publicly confirmed,Not publicly confirmed,Not publicly confirmed,Not publicly confirmed,Not publicly confirmed,Data model and guideline versions must be paired; exact machine schema was not inspected,TfS PCF Guideline; TfS Verification Framework,method implementation,Not publicly confirmed,Not publicly confirmed,Not publicly confirmed,Not publicly confirmed,Not publicly confirmed,https://www.tfs-initiative.com/pcf-guideline,Not publicly confirmed,"TfS distinguishes its calculation guideline from a technical PCF Data Model that defines reporting fields, nomenclature and formatting.",2026-08-22,High,"Canonical version, machine-readable schema and conformance tests",Public current model identity and purpose verified
LCA-QA-0005,TfS PCF Verification and PCF Program Certification Framework,TfS PCF Verification Framework,QA / validation system,"Framework for verifier/certifier appointment, PCF verification and certification of digital PCF programmes.",Together for Sustainability,TfS Scope 3 GHG programme,https://www.tfs-initiative.com/pcf-guideline,Global digital PCF ecosystems,Chemical/product PCFs and programme providers,"Verifiers, certifiers, PCF programmes, suppliers and buyers","Verification, programme certification and trusted digital PCF exchange",English,Not publicly confirmed,2,Not publicly confirmed,Active,Public download,TfS publication terms,Open framework documentation,No for framework; appointment/certification processes separately controlled,TfS framework with formal verifier/certifier appointment; Catena-X pilot use stated,Not publicly confirmed,Verification/certification requirements and exchange attributes,Not publicly confirmed,Not publicly confirmed,Not publicly confirmed,Not publicly confirmed,Not publicly confirmed,Not publicly confirmed,Numbered framework releases,Public downloadable framework,"Formal roles, attributes and scalable trust process",Not publicly confirmed,Not publicly confirmed,Not publicly confirmed,Not publicly confirmed,Not publicly confirmed,Verification/certification operations may require authorized actors and are not equivalent to public self-validation,TfS PCF Guideline; TfS PCF Data Model; Catena-X,validates/certifies,Not publicly confirmed,Not publicly confirmed,Not publicly confirmed,Not publicly confirmed,Not publicly confirmed,https://www.tfs-initiative.com/pcf-guideline,Not publicly confirmed,"TfS states that Framework v2 establishes PCF verification, programme certification and formal verifier/certifier appointment for digital ecosystems.",2026-08-22,High,"Accreditation rules, public registry and compatibility with ISO assurance standards",Public current verification framework verified
LCA-NET-0006,Plastic Footprint Network,PFN,Platform / repository / network,"Collaborative network harmonizing plastic-footprint assessment, target setting and pollution-mitigation frameworks.",Plastic Footprint Network convened by EA – Earth Action,PFN secretariat and member/collaborator community,https://www.plasticfootprint.earth/,Global,"Plastic use, leakage, microplastics, packaging, textiles, tyres, agriculture and finance","Companies, scientists, policymakers, consultants and NGOs","Method harmonization, assessment, target setting and mitigation",English,Not publicly confirmed,Active network and modular framework,Not publicly confirmed,Active,Public website and methodology modules; participation optional,Module-specific publication terms,Open public resources,No for resources; joining/contact optional,Network convened by EA – Earth Action with collaborating organizations,Not publicly confirmed,"Methodology modules, spreadsheets, consultation drafts and mitigation frameworks",Not publicly confirmed,Not publicly confirmed,Not publicly confirmed,Not publicly confirmed,Not publicly confirmed,Not publicly confirmed,Module and framework releases,Public modular guidance,Scientific/member collaboration and consultations,Not publicly confirmed,Not publicly confirmed,Not publicly confirmed,Not publicly confirmed,Not publicly confirmed,Some modules are under consultation and have different maturity,PFN Plastic Footprint Assessment Methodology,governs/develops,Not publicly confirmed,Not publicly confirmed,Not publicly confirmed,Not publicly confirmed,Not publicly confirmed,https://www.plasticfootprint.earth/about/ ; https://www.plasticfootprint.earth/assessment-methodology/,Not publicly confirmed,PFN coordinates a global science-based effort to harmonize plastic footprint assessment and mitigation frameworks.,2026-08-22,High,"Formal governance charter, module licences and release registry","Public network identity, mission and resources verified"
LCA-MTH-0016,Plastic Footprint Network Assessment Methodology,PFN Plastic Footprint Methodology,Method / guidance (incl. LCIA),"Modular methodology for corporate plastic-footprint scope, leakage inventories, impacts, data governance and mitigation accounting.",Plastic Footprint Network,PFN technical community convened by EA – Earth Action,https://www.plasticfootprint.earth/assessment-methodology/,Global,"Macro- and microplastic across packaging, textiles, fishing, waste trade, tyres, agriculture and long-life items",Organizations and practitioners conducting plastic footprints,"Plastic-use/leakage inventories, environmental impact assessment and mitigation",English,Not publicly confirmed,Modular current guidance; core methodology initiated in 2023 with continuing 2026 updates,Not publicly confirmed,Active/living with some modules under consultation,"Public downloadable guidance, modules and spreadsheets",Publication/module terms,Open public documentation,No,PFN expert and stakeholder collaboration,Not publicly confirmed,"Strategic/technical modules, default data, calculation routes and spreadsheets",Not publicly confirmed,Not publicly confirmed,Not publicly confirmed,Not publicly confirmed,Not publicly confirmed,Not publicly confirmed,Module-specific dates and versions,Public modular library,Harmonization involving more than 100 experts from 35 organizations stated,Not publicly confirmed,Not publicly confirmed,Not publicly confirmed,Not publicly confirmed,Not publicly confirmed,Not all modules are final and maturity varies,Plastic Footprint Network; Life Cycle Initiative plastic guidance,governed method / related lifecycle approach,Not publicly confirmed,Not publicly confirmed,Not publicly confirmed,Not publicly confirmed,Not publicly confirmed,https://www.plasticfootprint.earth/assessment-methodology/,Not publicly confirmed,"PFN publishes a modular global method for plastic-footprint scope, data governance, leakage, impact and mitigation across macro- and microplastic sources.",2026-08-22,High,Canonical version for the overall method and module-level licences,"Public modules, scope and maintenance verified"
LCA-MTH-0017,IPCC AR6 Global Warming Potential characterization factors,IPCC AR6 GWP; GWP100 AR6,Method / guidance (incl. LCIA),Greenhouse-gas emission metrics from IPCC AR6 used as climate-change characterization factors in carbon footprints and LCIA.,Intergovernmental Panel on Climate Change,IPCC Working Group I assessment process,https://www.ipcc.ch/report/ar6/wg1/chapter/chapter-7/,Global,Greenhouse-gas emissions across all sectors,"Climate-accounting standards, LCA methods, inventories and practitioners",Converting greenhouse-gas emissions to CO2-equivalent over selected time horizons,UN/IPCC report languages,Not publicly confirmed,AR6 Working Group I Chapter 7 and supplementary tables,2021 with later corrigenda,Current assessment-cycle factors pending future IPCC releases,"Public report, chapter and supplementary material",IPCC publication terms,Open public scientific report,No,"IPCC assessment, author and review process",Not publicly confirmed,"GWP20/GWP100/GWP500, GTP and related metric values",Not publicly confirmed,Not publicly confirmed,Not publicly confirmed,Not publicly confirmed,Not publicly confirmed,Not publicly confirmed,Assessment reports and corrigenda,Public full report and supplementary tables,IPCC assessment and multi-stage expert/government review,Not publicly confirmed,Not publicly confirmed,Not publicly confirmed,Not publicly confirmed,Not publicly confirmed,"Values depend on metric, time horizon, climate-carbon feedback treatment and report version",PACT Methodology; GHG Protocol Product Standard; IMPACT World+; ReCiPe,characterization-factor input,Not publicly confirmed,Not publicly confirmed,Not publicly confirmed,Not publicly confirmed,Not publicly confirmed,https://www.ipcc.ch/report/ar6/wg1/chapter/chapter-7/ ; https://www.ipcc.ch/report/ar6/wg1/downloads/report/IPCC_AR6_WGI_Chapter_07_Supplementary_Material.pdf,Not publicly confirmed,IPCC AR6 Chapter 7 defines GWP/GTP emission metrics and publishes gas-specific values in supplementary tables.,2026-08-22,High,Which corrigenda/software packages have propagated corrected values consistently,Public official report and factor tables verified
LCA-SW-0006,Lavoisier,Lavoisier LCI converter,Software / API / tool,Open-source Python framework for modular conversion between life-cycle inventory data formats.,Lavoisier open-source project developed at GYRO/UTFPR with IBICT support,Lavoisier project maintainers,https://github.com/JosePauloSavioli/Lavoisier,Global technical scope; developed in Brazil,Cross-sector LCI datasets,"LCI database operators, LCA software developers, data curators and researchers","Bidirectional conversion, validation logging and data-loss analysis between LCI formats",English documentation; Python source code,Not publicly confirmed,Repository main branch; no numbered release publicly listed,Peer-reviewed framework description published 2026-06-16,"Public work in progress with source repository, tests and 2026 validation paper",Public source repository and Python package installation,GPL-3.0,Open source,No for public source and documentation,Community/source-repository governance; institutional development support is documented,Not publicly confirmed,Python conversion library and optional API service,Not publicly confirmed,EcoSpold 2 and ILCD 1 in the currently documented implementation,Python API; FastAPI service dependencies are documented,Not publicly confirmed,Not publicly confirmed,Not publicly confirmed,Git branches; no tagged release shown on the public repository page,"Public README, docs, tests and open-access peer-reviewed paper",Repository tests plus published validation using 115 EcoSpold 2 and 116 ILCD datasets,Not publicly confirmed,Not publicly confirmed,"Field-level structural and semantic mappings, unit and uncertainty conversion, and GLAD elementary-flow mapping resources",Not publicly confirmed,Not publicly confirmed,Work in progress; current implementation focuses on EcoSpold 2 and ILCD 1; full interoperability remains constrained by incompatible reference lists and format-specific metadata,ecoSpold2; ILCD/eILCD; GLAD elementary-flow mapping resources; SICV Brasil,bidirectional format conversion; mapping dependency; operational deployment,Not publicly confirmed,EcoSpold 2 ↔ ILCD 1,Not publicly confirmed,Extensible conversion pathways could connect additional formats while retaining explicit loss logs,Some information has no target-format equivalent; full LCIA-result comparison was not yet reported,https://github.com/JosePauloSavioli/Lavoisier ; https://doi.org/10.1007/s11367-026-02691-4,Not publicly confirmed,"The public repository identifies a GPL-3.0 Python conversion library; the 2026 open-access paper documents its modular design, bidirectional EcoSpold 2/ILCD implementation, validation and residual format-level limitations.",2026-08-22,High,"Stable release policy, current package version, stewardship continuity and independent conformance testing","Public source, documentation and open-access paper verified"
LCA-DB-0028,European Commission Environmental Footprint Data Node,EF Data Node; EF database,Database / dataset,"European Commission data node publishing Environmental Footprint representative products, background processes and related reference datasets.",European Commission,European Commission Joint Research Centre and Directorate-General for Environment,https://eplca.jrc.ec.europa.eu/EF-node/index.xhtml,European Union with global/background datasets,"PEF/OEF representative products, background processes and data supplied under Environmental Footprint programmes","Environmental Footprint practitioners, software providers, data developers and reviewers","PEF/OEF modelling, reference-product studies, background data access and conformance testing",English interface and multilingual EU documentation,Not publicly confirmed,EF 3.1 and retained EF 2.0 data stocks,Not publicly confirmed,Active public node,Public browsing plus stock-level ZIP and XML downloads,Dataset-level ownership and use restrictions recorded in ILCD metadata,Mixed public datasets and source-specific rights,No registration observed for public node browsing and downloads,European Commission Environmental Footprint programme within EPLCA/LCDN infrastructure,Not publicly confirmed,"ILCD-format process, flow, method, source and contact datasets",Not publicly confirmed,ILCD XML and ZIP packages,soda4LCA-style node services and direct XML/ZIP downloads,Not publicly confirmed,UUID and dataset-version identifiers,Not publicly confirmed,"Named data stocks, EF reference-package versions and dataset versions","Public dataset metadata, EF data guide and reference-package documentation","EF compliance declarations, reference packages and dataset-level quality metadata",Not publicly confirmed,Not publicly confirmed,Commission Recommendation (EU) 2021/2279 and EF method/reference packages,Not publicly confirmed,Not publicly confirmed,Stocks mix EF generations and third-party provenance; dataset-level licences and validity periods must be checked,Product Environmental Footprint method; ILCD/eILCD format family; LCDN; soda4LCA; openLCA Nexus; openLCA,method implementation; native format; network node,Not publicly confirmed; Public openLCA Nexus metadata lists Environmental Footprint with openLCA-oriented groups/packages and formats (https://nexus.openlca.org/ws/dataproviders/8902),ILCD/EF profiles; ZIP/XML downloads,Not publicly confirmed,Public reference datasets can anchor EF-compatible mappings and software tests,A node stock or format label does not by itself establish licence or methodological equivalence across datasets,https://eplca.jrc.ec.europa.eu/EF-node/index.xhtml,Not publicly confirmed; https://nexus.openlca.org/ws/dataproviders/8902; https://nexus.openlca.org/databases,"The Commission node exposes five EF 2.0/3.1 data stocks, including representative products and background processes, with public ZIP and dataset-level XML downloads.",2026-08-22,High,"Complete stock-level licence matrix, update cadence and current central-network synchronization","Public node, stocks, metadata and downloads verified"
LCA-REP-0004,International EPD System Data Hub,International EPD Data Hub; EPD International Dataset Library,Platform / repository / network,Public digital EPD data node operated for the International EPD System and connected programme data stocks.,EPD International AB,International EPD System,https://data.environdec.com/index.xhtml,International,Verified environmental product declarations and programme reference data across sectors,"EPD users, LCA practitioners, databases and digital-service providers",Browsing and exchanging digital EPD datasets and programme reference data,English interface; declaration languages vary,Not publicly confirmed,Public node running soda4LCA 7.23.6 at access date,Not publicly confirmed,Active,Public node browsing; programme terms apply,International EPD System general terms and declaration-level rights,Public metadata and digital records with source-specific terms,No registration observed for public node browsing,Operated by EPD International within the International EPD System,Not publicly confirmed,"Digital EPD, reference and connected programme data stocks",Not publicly confirmed,ILCD+EPD/soda4LCA node representation,soda4LCA node services,Not publicly confirmed,Dataset UUID/version identifiers,Not publicly confirmed,"Declaration revisions, programme data stocks and node software version",Public EPD/PCR libraries and resource hub,Programme verification and publication rules; source-programme provenance retained,Not publicly confirmed,Not publicly confirmed,Not publicly confirmed,Not publicly confirmed,Not publicly confirmed,The node federates distinct stocks and terms; public presence does not mean unrestricted reuse,soda4LCA; ILCD+EPD data format; ECO Portal; INDATA,platform implementation; digital EPD exchange,Not publicly confirmed,ILCD+EPD-oriented digital records,Not publicly confirmed,Programme stocks can be mapped to other digital EPD repositories while retaining provenance,"Programme rules, identifiers and licences differ across stocks",https://data.environdec.com/index.xhtml ; https://www.environdec.com/resources/epd-resources-hub,Not publicly confirmed,"The official hub exposes EPDINT, Environdata, EPDTurkey, Reference_data and INDATA stocks on a public soda4LCA node.",2026-08-22,High,"Public API documentation, bulk-download rights and the relationship between this hub and the separate EPD Library interface","Public node identity, stocks and programme ownership verified"
LCA-DB-0029,ICE Database Educational,Inventory of Carbon and Energy Database; ICE Database v5.0,Database / dataset,"Educational embodied-carbon factor database for construction materials, derived from the long-running Inventory of Carbon and Energy series.",Circular Ecology,Circular Ecology,https://circularecology.com/embodied-carbon-footprint-database.html,International literature-based factors,More than 200 building materials across more than 30 material categories,"Students, educators and users browsing embodied-carbon data","Learning, teaching and non-commercial educational exploration of material embodied carbon",English,Not publicly confirmed,5.0,2026-06,Active as educational-only series; commercial use transitioning to IC+,Free after completing a web form; form not submitted,Educational-only terms; commercial and professional use prohibited,Free but purpose-restricted; not open data,Web form required for download; not used,Maintained by Circular Ecology; originated at the University of Bath,Not publicly confirmed,Embodied-carbon factors and material profiles,Not publicly confirmed,Spreadsheet resource; machine-readable tab removed from v5.0,Not publicly confirmed,Not publicly confirmed,Not publicly confirmed,Not publicly confirmed,Numbered releases with public version log,"Public scope, terms, methodology notes and version history",Literature review and periodic curated updates,Not publicly confirmed,Not publicly confirmed,"Embodied-carbon assessment of construction materials, commonly cradle-to-gate",Not publicly confirmed,Not publicly confirmed,Educational-only licence; v5.0 removes older categories/data and the machine-readable tab; not suitable for professional calculations,IC+ Database; EN 15804; EPD databases,successor/usage transition; complementary construction data,Not publicly confirmed,Spreadsheet-based; no public machine-readable interface confirmed for v5.0,Not publicly confirmed,Public version history can support factor provenance and controlled mapping,Licence prohibits commercial calculation/tool use and v5.0 is intentionally not a machine dataset,https://circularecology.com/embodied-carbon-footprint-database.html,Not publicly confirmed,"Circular Ecology identifies ICE Educational v5.0 (June 2026), more than 200 materials, educational-only rights and a September 2026 end to non-educational ICE use.",2026-08-22,High,Exact row/category counts after v5.0 removals and long-term public archive policy,"Public identity, scope, version and access restrictions verified; file not downloaded"
LCA-DB-0030,ESU World Food LCA Database,Worldwide LCA food database; ESU food database,Database / dataset,"Commercial transparent life-cycle inventory database covering food production, processing, consumption and related household activities.",ESU-services Ltd.,ESU-services Ltd.,https://esu-services.ch/data/fooddata/,Worldwide with detailed Swiss-market coverage,"More than 2,600 LCIs for agriculture, processing, retail/household consumption, packaging, transport and food waste","Food LCA practitioners, researchers, consultants and SimaPro users","Food-product LCA, dietary footprints, uncertainty analysis and carbon-footprint factors",English and German public information,Not publicly confirmed,v3,2026-03-10,Active; developed since 1996,"Commercial purchase as individual processes, system-process library or full unit-process database",Commercial ESU licence,Commercial / restricted,Purchase or data request required; not used,Privately maintained by ESU-services,Not publicly confirmed,Transparent unit and system process LCIs with uncertainty information,Not publicly confirmed,openLCA zolca; EcoSpold v1; SimaPro library; other formats on request,Not publicly confirmed,Not publicly confirmed,Not publicly confirmed,Not publicly confirmed,Continuous updates and background-database vintages,Public scope/features plus electronic process documentation for licensed data,Transparent unit-process documentation and flow-specific uncertainty information,Not publicly confirmed,Not publicly confirmed,LCA inventories with BAFU:2025+ESU background data,Not publicly confirmed,Not publicly confirmed,Commercial access; Swiss-market balancing and EcoSpold v1 distribution may constrain broader reuse,BAFU:2025; EcoSpold 1; SimaPro; openLCA Nexus; openLCA,background-data dependency; format and software distribution,Not publicly confirmed; Public openLCA Nexus metadata lists ESU World Food with openLCA-oriented groups/packages and formats (https://nexus.openlca.org/ws/dataproviders/8904),EcoSpold v1 and SimaPro,Not publicly confirmed,Transparent unit-process data could support conversion to current open schemas under licence,Commercial rights and legacy EcoSpold v1 format,https://esu-services.ch/data/fooddata/ ; https://nexus.openlca.org/ws/dataproviders/8904,Not publicly confirmed; https://nexus.openlca.org/ws/dataproviders/8904; https://nexus.openlca.org/databases,Public Nexus metadata lists ESU World Food v3 system- and unit-process packages released 10 March 2026. The unit-process package still describes a BAFU:2025+ESU background library.,2026-08-25,High,Whether non-openLCA provider formats are release-synchronized with the Nexus v3 packages,Current Nexus version and public distribution metadata verified; licensed database not accessed
LCA-DB-0031,Carbonfact Open Source LCA Database for Footwear & Apparel,Carbonfact Open Textile LCA Database,Database / dataset,"Open, unit-process LCI and impact-score database for footwear and apparel manufacturing processes.","Kanso, Inc. / Carbonfact",Carbonfact science team,https://www.carbonfact.com/database,Global energy mix in first release; regional assembly data planned,"More than 300 LCIs across spinning, dyeing, weaving, finishing, printing, knitting, textile/shoe assembly, use phase and selected materials","Apparel and footwear LCA practitioners, brands, suppliers, researchers and database integrators","Process-level modelling, supplier-data substitution, PEFCR impact assessment and background-database integration",English,Not publicly confirmed,First public release,Not publicly confirmed,Active with irregular data-driven updates,Free public CSV download link,"CC BY-SA 4.0, including commercial and academic use",Open,No registration stated on the public access page,Developed and maintained by Carbonfact's science team,Not publicly confirmed,"Disaggregated unit-process inventories and more than 4,800 impact scores",Not publicly confirmed,CSV,Machine-readable CSV; EcoSpold/openLCA/SimaPro/Brightway support under consideration,Not publicly confirmed,Not publicly confirmed,Not publicly confirmed,Release series and rolling recalculation as evidence improves,Public methodology and FAQ,"Literature, facility benchmarks, primary supplier data and production-process validation described by owner",Not publicly confirmed,Not publicly confirmed,All 16 PEFCR environmental indicators; ecoinvent energy-mix backgrounds,Not publicly confirmed,Not publicly confirmed,First release uses a global energy mix and regional coverage is planned rather than current,ecoinvent; Product Environmental Footprint method; Textile Exchange LCI Library,background-data dependency; sector complement,Not publicly confirmed,CSV; future EcoSpold/openLCA/SimaPro/Brightway support stated as exploratory,Not publicly confirmed,Open unit-process CSV and CC BY-SA terms enable transparent cross-database integration,Current CSV structure and share-alike obligations require implementation-level assessment,https://www.carbonfact.com/database,Not publicly confirmed,"Carbonfact publishes more than 300 disaggregated LCI datasets and 4,800 impact scores in CSV under CC BY-SA 4.0, covering all 16 PEFCR indicators.",2026-08-22,High,"Stable release identifier, repository persistence and detailed CSV schema","Public scope, licence, format, method and limitations verified"
LCA-DB-0032,CEPE Life Cycle Inventory Database,CEPE LCI database; questionnaire typo CDEPE,Database / dataset,European coatings-sector cradle-to-gate LCI database for raw materials and manufacturing processes.,"European Council of the Paint, Printing Ink and Artists' Colours Industry (CEPE)",CEPE LCI project,https://cepe.org/sustainability/lci-project/,European averages,"Paints, printing inks, artists' colours and coatings; second version states 323 raw materials",CEPE member companies and authorized consultants,"Member LCA, product footprints, EPD work and sector assessments",English public documentation,Not publicly confirmed,Second version; no dated release identifier on the public project page,Not publicly confirmed,Active/regularly updated according to CEPE,Restricted to eligible CEPE members or authorized consultants,"Membership, valid ecoinvent licence and NDA conditions",Restricted member database,"Membership verification, ecoinvent licence and NDA/access process required; not used",Industry-association project maintained by CEPE,Not publicly confirmed,European-average cradle-to-gate LCI datasets for raw materials and processes,Not publicly confirmed,"GaBi, SimaPro and Excel",Not publicly confirmed,Not publicly confirmed,Not publicly confirmed,Not publicly confirmed,Database versions and regular additions/updates,Public project/access pages; detailed information package is member-gated,Supplier data and sector curation; detailed review documentation not publicly inspected,Not publicly confirmed,Not publicly confirmed,Cradle-to-gate LCI with ecoinvent background dependency,Not publicly confirmed,Not publicly confirmed,"Member-only access, NDA and ecoinvent licence dependency; exact latest release date is not public",ecoinvent; SimaPro; Sphera LCA for Experts,background dependency; software distribution,Not publicly confirmed,"GaBi/Sphera, SimaPro and Excel",Not publicly confirmed,Multi-format distribution could support controlled sector mappings under licence,"Membership, NDA and ecoinvent restrictions prevent open redistribution",https://cepe.org/sustainability/lci-project/ ; https://cepe.org/sustainability/how-to-access-the-database/,Not publicly confirmed,"CEPE describes a regularly updated cradle-to-gate database with 323 raw materials in GaBi, SimaPro and Excel, restricted by membership, ecoinvent licence and NDA conditions.",2026-08-22,High,"Latest release date, full process count, current background version and independent review record","Public identity, scope, formats and restrictions verified; underlying data not accessed"
LCA-DB-0033,Open CEDA,Comprehensive Environmental Data Archive; CEDA,Database / dataset,Open global multiregional environmentally extended input-output model for supply-chain greenhouse-gas analysis.,Watershed Technology,Watershed Technology,https://openceda.org/,148 countries representing 95% of global GDP as stated,400 economic sectors and global supply-chain greenhouse-gas intensities,"Scope 3 analysts, corporate sustainability teams, researchers and public-sector users","Spend-based Scope 3 accounting, sustainable procurement and economy-wide supply-chain analysis",English,Not publicly confirmed,CEDA 2025,2025 release using 2023 base year,Active; annual updates stated,Public download from the AWS Registry of Open Data without an account,CC BY-SA,Open,No AWS account required for public bucket access,Developed and maintained by Watershed Technology,Not publicly confirmed,MR-EEIO tables and greenhouse-gas emission factors,Not publicly confirmed,XLSX,Public S3 bucket,Not publicly confirmed,Not publicly confirmed,Not publicly confirmed,Annual releases; CEDA 2024 and 2025 publicly listed,Public methodology resource and registry metadata,Annual integration of economic and emissions releases; methodological documentation,Not publicly confirmed,Not publicly confirmed,Multiregional environmentally extended input-output modelling,Not publicly confirmed,Not publicly confirmed,Current public description focuses on GHG rather than a complete multi-impact LCIA set; spend-based resolution remains sector-average,EXIOBASE 3; USEEIO; openIO-Canada,peer MRIO/EEIO model,Not publicly confirmed,XLSX and standard tabular analysis tools,Not publicly confirmed,Open annual tables allow transparent MRIO concordance and factor comparison,"Currency year, classifications, price basis and sector/geography concordances must be harmonized",https://registry.opendata.aws/open-ceda/ ; https://openceda.org/,Not publicly confirmed,"The AWS Open Data registry identifies CEDA 2025 as a free CC BY-SA MR-EEIO dataset covering 148 countries and 400 sectors, with annual updates and account-free XLSX access.",2026-08-22,High,"Exact licence version, uncertainty information and complete environmental-extension coverage","Public release, scope, licence, format and download channel verified"
LCA-DB-0034,NEEDS Life Cycle Inventory Database,NEEDS LCI; New Energy Externalities Developments for Sustainability database,Database / dataset,"Legacy European scenario LCI database for current and future electricity, materials and transport technologies.",European Commission-funded NEEDS project consortium,Legacy project data; openLCA conversion maintained historically by GreenDelta,https://nexus.openlca.org/database/NEEDS,International/European technology scenarios,"Electricity supply technologies, future material supply and transport services",Long-term technology-assessment and prospective-LCA researchers,Scenario analysis for 2025/2050 electricity mixes and long-term environmental technology assessment,English documentation,"Today, 2025 and 2050 scenarios",openLCA conversion version 2 documented in 2017,2017-01-17 for conversion documentation,Legacy / no current project maintenance confirmed,Public catalogue metadata; Nexus download requires registration and was not used,Not publicly confirmed on the accessible documentation,Free legacy database with registration-gated distribution,Nexus registration required for download; not used,EU research-project output with later technical conversion by GreenDelta,Not publicly confirmed,794 system processes and 139 unit processes in the documented version,Not publicly confirmed,Original EcoSpold 1; openLCA zolca/JSON-LD workflow,Not publicly confirmed,Not publicly confirmed,Not publicly confirmed,Not publicly confirmed,Project scenarios and openLCA conversion versions,Public six-page conversion/data note plus technical project reports,"Conversion refactoring documented, including duplicate removal, product-flow mapping and known metadata errors",Not publicly confirmed,Not publicly confirmed,"Prospective scenario LCI for energy, materials and transport",Not publicly confirmed,Not publicly confirmed,Legacy data and scenarios; original project site is unavailable; public documentation records import and metadata defects in earlier conversions,openLCA Nexus; openLCA; EcoSpold 1; ecoinvent v2.2,distribution; format conversion; background mapping,Not publicly confirmed; Public openLCA Nexus metadata lists NEEDS with openLCA-oriented groups/packages and formats (https://nexus.openlca.org/ws/dataproviders/53),zolca and JSON-LD in openLCA; original EcoSpold 1,Not publicly confirmed,Stable product-flow UUIDs support migration between documented openLCA versions,"Ageing scenarios, legacy formats and incomplete public licence/maintenance metadata",https://nexus.openlca.org/ws/files/9971 ; https://nexus.openlca.org/database/NEEDS,Not publicly confirmed; https://nexus.openlca.org/ws/dataproviders/53; https://nexus.openlca.org/databases,GreenDelta's public note describes NEEDS as a future-technology LCI database and documents version 2 with 794 system and 139 unit processes plus conversion corrections.,2026-08-22,Medium,"Current Nexus package date, licence, last maintenance activity and whether original technical reports remain durably hosted","Identity, scope and documented 2017 conversion verified; current maintenance/licence incomplete"
LCA-REP-0005,Textile Exchange Life Cycle Inventory Library,Textile Exchange LCI Library,Platform / repository / network,"Open repository of life-cycle inventory inputs from textile, apparel and footwear raw-material studies.",Textile Exchange,Textile Exchange in partnership with SCS Global Services,https://textileexchange.org/lci-library/,Dataset-specific; raw-material producing regions,Textile/apparel/footwear raw-material production and initial processing,"LCA practitioners, brands, researchers and industry data developers","Reuse of transparent inventory inputs, impact modelling and development of new sector LCAs",English,Not publicly confirmed,Live library launched in 2024,Not publicly confirmed,Active; biannual updates stated,Public extraction page and supporting guidance,Described as open-source/free use; dataset-level source permissions and terms require checking,Open public repository with source-specific caveats,No registration stated for public library information; extraction workflow not submitted,Textile Exchange repository developed with SCS Global Services; external submissions accepted,Not publicly confirmed,LCI inputs/outputs rather than LCIA scores,Not publicly confirmed,Not publicly confirmed,Not publicly confirmed,Not publicly confirmed,Not publicly confirmed,Not publicly confirmed,Live resource with biannual updates and study-level provenance,"Public methodology, user guidance, submission guidance and source documentation","Completeness and consistency checks against submitted documentation, but no independent data verification",Not publicly confirmed,Not publicly confirmed,Inventory data from LCA studies less than ten years old and within defined raw-material/initial-processing scope,Not publicly confirmed,Not publicly confirmed,Textile Exchange explicitly does not verify or guarantee dataset accuracy; boundaries and assumptions vary by source study,Carbonfact Open Textile LCA Database; Higg MSI; World Apparel and Footwear LCA Database; ecoinvent,sector repository and distribution,Not publicly confirmed,Downloadable/extractable inventory data; exact current export schema requires capture,Not publicly confirmed,Open study-level LCI can fill sector gaps and feed global databases while retaining provenance,"Dataset heterogeneity, source permissions and non-verification require record-level quality controls",https://textileexchange.org/lci-library/,Not publicly confirmed,"Textile Exchange describes an open LCI repository for raw-material production and initial processing, updated biannually and checked for completeness but not independently verified.",2026-08-22,High,"Exact dataset count, export schema, persistent identifiers and dataset-level licences","Public identity, scope, governance, update policy and QA limitations verified"
LCA-SW-0015,2050 Materials Sustainability Data API,2050 Materials Embodied Carbon Data API,Software / API / tool,"Commercial API that aggregates and standardizes construction-product EPDs, supplier declarations and generic embodied-carbon factors.",2050 Materials,2050 Materials,https://2050-materials.com/sustainability-data-api/,Global construction-product coverage; source-specific geography,"Construction products, EPDs, generic materials and early-design embodied carbon","Building-design software teams, specifiers and data integrators","Product/material search, matching, early-design carbon estimates and software integration",English public documentation,Not publicly confirmed,Live API,Not publicly confirmed,Active,Public documentation and code examples; API use requires a commercial or time-limited test account,Plan-specific commercial data and API licence,Commercial / restricted API; public metadata,Account required for API access; not used,Provider-maintained platform and data aggregation service,Not publicly confirmed,"Provider states more than 180,000 structured EPDs and 12,500 generic material datapoints",Not publicly confirmed,REST/SDK responses; exact schema documented online,"Documented API with product, generic-material, matching and early-design endpoints",Not publicly confirmed,Not publicly confirmed,Not publicly confirmed,Live API and documentation updates,Public product or technical documentation,"Provider standardizes sources, fills gaps and flags uncertainty; independent validation not established",Not publicly confirmed,Not publicly confirmed,Embodied-carbon and EPD data integration,Not publicly confirmed,Not publicly confirmed,"Coverage metrics are provider claims; source licences, EPD validity and modelled gap-filling need record-level review",EPD repositories; openBDF; LCAx,data aggregation and API distribution,Not publicly confirmed,API/SDK integration,Not publicly confirmed,Machine-readable construction data can support federated product discovery and early design,Commercial terms and heterogeneous upstream declarations constrain redistribution,https://2050-materials.com/sustainability-data-api/,Not publicly confirmed,"The provider documents an API aggregating construction EPDs, declarations and factors, with product/material/matching endpoints and plan-specific access.",2026-08-22,High,"API schema versioning, source-level licences, deduplication and uncertainty methods","Public metadata verified; no registration, login, purchase or restricted-content access used"
LCA-SW-0016,Climatiq Carbon Intelligence Platform,Climatiq; PCF Studio; Data Studio; Climatiq API,Software / API / tool,"Commercial platform and REST API for product carbon footprints, emission-factor management and embedded carbon calculations.",Climatiq,Climatiq,https://www.climatiq.io/,Global; provider states 300+ regions,"Cross-sector carbon factors, product footprints, freight and Scope 3","Manufacturers, software developers and corporate carbon teams","PCF calculation, factor search, mapping and embedded carbon services",English public documentation,Not publicly confirmed,Live platform and API,Not publicly confirmed,Active,Public methodology/API documentation; account or commercial plan for use,Dataset- and plan-specific licences,Commercial / mixed licensed data,Required for platform/API use; not used,Provider platform with scientific advisory and trust documentation,Not publicly confirmed,Provider states 1.7 million+ factors from 140+ datasets across 16 sectors,Not publicly confirmed,REST API responses and web workspaces,Documented REST API toolkit,Not publicly confirmed,Not publicly confirmed,Not publicly confirmed,Product releases and API documentation,Public product or technical documentation,"Provider describes scientific vetting, provenance and ISO-verified PCF methodology",Not publicly confirmed,Not publicly confirmed,"ISO 14067, GHG Protocol and GWP100 as stated by provider",Not publicly confirmed,Not publicly confirmed,Provider metrics and certification claims were not independently tested; source licences differ,ecoinvent; EXIOBASE 3; IPCC GWP; GHG Protocol Product Standard,data integration and method implementation,Not publicly confirmed,REST API and spreadsheet integrations,Not publicly confirmed,A common API layer can connect emission factors with product systems,Carbon-only focus and data licences can limit multicriteria LCA reuse,https://www.climatiq.io/,Not publicly confirmed,"Climatiq publicly documents PCF Studio, Data Studio and a REST API backed by a large multi-source emission-factor catalogue.",2026-08-22,High,"Current API version, dataset-level rights, audit scope and export portability","Public metadata verified; no registration, login, purchase or restricted-content access used"
LCA-SW-0017,Higg Index,Higg Index Tools; Higg Product Module; Higg Materials Sustainability Index,Software / API / tool,Five-tool apparel and footwear sustainability suite whose product modules assess environmental impacts of materials and products.,Cascale,Cascale; exclusively delivered on Worldly,https://cascale.org/tools-programs/higg-index-tools/,Global user base,"Apparel, footwear and consumer-goods value chains","Brands, retailers, manufacturers, designers and sustainability teams","Material/product comparison, facility and brand performance assessment",English public documentation,Not publicly confirmed,Current Higg suite,Not publicly confirmed,Active; launched in 2011,Subscription access through Worldly; public descriptions and communication guidance,Cascale-owned tools under subscription terms,Commercial / restricted,Worldly account/subscription required; not used,Owned by Cascale; delivered through technology partner Worldly,Not publicly confirmed,"Five assessment tools in product, facility and brand/retail categories",Not publicly confirmed,Web platform; export details not publicly confirmed,Not publicly confirmed,Not publicly confirmed,Not publicly confirmed,Not publicly confirmed,Tool/module updates,Public product or technical documentation,Module-specific verification and communication rules; product-model QA requires deeper review,Not publicly confirmed,Not publicly confirmed,Sector-specific sustainability and life-cycle impact modelling,Not publicly confirmed,Not publicly confirmed,Suite combines LCA-adjacent and non-LCA modules; results are not automatically comparable with generic LCA,Textile Exchange LCI Library; Carbonfact open textile database; Worldly,sector tool and data ecosystem,Not publicly confirmed,Platform-specific,Not publicly confirmed,Sector product modules can align material data with open textile inventories,"Subscription, proprietary models and tool-specific indicators",https://cascale.org/tools-programs/higg-index-tools/,Not publicly confirmed,Cascale identifies five Higg tools and distinguishes the Higg PM/MSI product modules; access is exclusively through Worldly.,2026-08-22,High,"Current module versions, MSI data licence and export/API support","Public metadata verified; no registration, login, purchase or restricted-content access used"
LCA-SW-0018,Makersite,Makersite Product Lifecycle Intelligence,Software / API / tool,"Commercial product-lifecycle intelligence platform combining product data with sustainability, cost, compliance and supply-chain models.",Makersite GmbH,Makersite GmbH,https://makersite.io/,Global enterprise supply chains,Manufactured products and materials across industries,"Engineering, procurement, sustainability and compliance teams","Automated LCA, PCF, EPD, Scope 3, ecodesign and supply-chain risk analysis",English public documentation,Not publicly confirmed,Live SaaS,Not publicly confirmed,Active,Public product documentation; commercial demo/licence for use,Commercial subscription and data terms,Commercial / restricted,Account/demo required; not used,Provider-maintained enterprise platform,Not publicly confirmed,BOM-linked digital product models and proprietary/multi-source background data,Not publicly confirmed,CAD/ERP/PLM/BOM integrations; output formats not fully public,Enterprise integrations and APIs are described,Not publicly confirmed,Not publicly confirmed,Not publicly confirmed,Continuous SaaS updates,Public product or technical documentation,Provider describes automated mapping and enterprise workflows; independent method/conformance evidence incomplete,Not publicly confirmed,Not publicly confirmed,Product LCA/PCF and supply-chain modelling,Not publicly confirmed,Not publicly confirmed,"Proprietary background database, mapping logic and pricing limit transparent reproducibility",ecoinvent; enterprise PLM/ERP systems; PACT,data and workflow integration,Not publicly confirmed,"BOM, CAD, ERP and PLM imports",Not publicly confirmed,Connect engineering design data to life-cycle calculations at scale,Proprietary matching and background content,https://makersite.io/,Not publicly confirmed,"The provider presents Makersite as product-lifecycle intelligence software for automated LCA, PCF, EPD, Scope 3 and design decisions.",2026-08-22,High,"Current methodology versions, database provenance, APIs and export rights","Public metadata verified; no registration, login, purchase or restricted-content access used"
LCA-SW-0019,EOS — Environmental Operating System,Eaternity EOS,Software / API / tool,Open-source Eaternity platform for reproducible modelling of environmental footprints of food systems.,Eaternity,Eaternity,https://eaternity.org/,Global food-system research with dataset-specific coverage,"Food ingredients, meals, diets and food systems","Scientists, researchers and food-system practitioners","Ingredient/meal LCA, food-system and diet comparison, policy research",English public documentation,Not publicly confirmed,Live platform with public changelog,Not publicly confirmed,Active,Public documentation and source-code link; commercial Eaternity products are separate,Open-source platform; exact repository licence to verify,Open source platform; related commercial services,No registration stated for public documentation/source; hosted functions may vary,Maintained by Eaternity alongside commercial food-impact products,Not publicly confirmed,"Food-system data, calculation models and documentation",Not publicly confirmed,Source repository and web documentation; exact exchange schema pending,Not publicly confirmed,Not publicly confirmed,Not publicly confirmed,Not publicly confirmed,Public changelog and repository history,Public product or technical documentation,Provider states peer-reviewed LCA alignment and reproducibility; independent conformance not reviewed,Not publicly confirmed,Not publicly confirmed,"Life-cycle assessment of food ingredients, meals and diets",Not publicly confirmed,Not publicly confirmed,"Exact database scope, licence and stable release identifiers remain unclear",Eaternity Score; AGRIBALYSE; World Food LCA Database,calculation and sector data use,Not publicly confirmed,Not publicly confirmed,Not publicly confirmed,Open food modelling can bridge research datasets and consumer-facing tools,Need dataset-level provenance and method-version capture,https://eaternity.org/,Not publicly confirmed,"Eaternity describes EOS as an open-source platform for reproducible LCA of ingredients, meals, food systems and diets, with public documentation and repository links.",2026-08-22,High,"Repository licence, version, data sources and API","Public metadata verified; no registration, login, purchase or restricted-content access used"
LCA-SW-0020,Matter PD,MatterPD,Software / API / tool,Cloud LCA software designed for environmental decision-making early in product development.,EarthShift Global,EarthShift Global,https://earthshiftglobal.com/matter-pd/,Global background data,Cross-sector product design,"Product designers, engineers, educators and sustainability practitioners","Hotspot identification, design comparison, scenario and uncertainty analysis",English public documentation,Not publicly confirmed,Live cloud application,Not publicly confirmed,Active,Public feature pages; 14-day account-based trial and paid subscriptions,Commercial EULA plus ecoinvent rights,Commercial / restricted,Account required; not used,Provider-maintained product,Not publicly confirmed,LCA modelling with ecoinvent cut-off inventory and multiple impact categories,Not publicly confirmed,Cloud project sharing; import/export not fully public,Not publicly confirmed,Not publicly confirmed,Not publicly confirmed,Not publicly confirmed,Continuous cloud updates,Public product or technical documentation,Monte Carlo and underspecification functions; model/data QA not independently tested,Not publicly confirmed,Not publicly confirmed,"IPCC GWP, ReCiPe, CED and ecoinvent methods stated",Not publicly confirmed,Not publicly confirmed,Commercial/account access and embedded ecoinvent licence; simplified design workflow may not expose all modelling choices,ecoinvent; ReCiPe; IPCC GWP,background and method implementation,Not publicly confirmed,Not publicly confirmed,Not publicly confirmed,Early-design uncertainty modelling can connect LCA evidence with engineering decisions,Closed platform and licensed background data,https://earthshiftglobal.com/matter-pd/,Not publicly confirmed,"EarthShift Global documents cloud product-design LCA with ecoinvent, multiple impact categories, Monte Carlo analysis and a paid account model.",2026-08-22,High,"Current version, export formats and independent validation","Public metadata verified; no registration, login, purchase or restricted-content access used"
LCA-SW-0021,PackageSmart,PackageSmart LCA,Software / API / tool,"Cloud LCA application for comparing packaging systems, materials, transport and end-of-life scenarios.",EarthShift Global,EarthShift Global,https://earthshiftglobal.com/packagesmart,International background data,"Primary, secondary and tertiary packaging","Packaging designers, engineers, managers and educators","Packaging comparison, scenario modelling, cube utilization and recycling analysis",English public documentation,Not publicly confirmed,Live cloud application,Not publicly confirmed,Active,Public product/tutorial pages; commercial account for use,Commercial EULA and embedded-data terms,Commercial / restricted,Account required; not used,Provider-maintained product,Not publicly confirmed,"Provider states more than 8,000 datasets with packaging-system models",Not publicly confirmed,Web application; public export schema not confirmed,Not publicly confirmed,Not publicly confirmed,Not publicly confirmed,Not publicly confirmed,Continuously updated cloud application/data,Public product or technical documentation,Industry/academic testing described by provider; independent dataset audit not reviewed,Not publicly confirmed,Not publicly confirmed,Streamlined packaging LCA,Not publicly confirmed,Not publicly confirmed,Provider counts and verification claims not independently tested; closed data/model,PIQET; ecoinvent; packaging EPDs,peer sector software and background data use,Not publicly confirmed,Not publicly confirmed,Not publicly confirmed,Common packaging parameters could support reusable comparison templates,"Proprietary data, calculations and account access",https://earthshiftglobal.com/packagesmart,Not publicly confirmed,"The provider describes a cloud packaging LCA tool with scenario/comparative analysis and more than 8,000 internationally verified datasets.",2026-08-22,High,"Current method/database versions, export rights and API","Public metadata verified; no registration, login, purchase or restricted-content access used"
LCA-SW-0022,PIQET,Packaging Impact Quick Evaluation Tool,Software / API / tool,Cloud packaging LCA tool for comparing design alternatives and environmental indicators.,The PIQET Consortium / Lifecycles and partners,PIQET service team,https://piqet.com/,Global applications with source-specific datasets,Packaging systems,"Packaging designers, companies and consultants","Packaging design comparison, hotspot analysis and environmental reporting",English public documentation,Not publicly confirmed,Live cloud service,Not publicly confirmed,Active,Public feature information; commercial licence/free trial requires account,Commercial licence; ecoinvent rights embedded,Commercial / restricted,Required for trial/use; not used,Consortium/provider-maintained service,Not publicly confirmed,Packaging LCA models using ecoinvent and continuously updated data,Not publicly confirmed,Web application; export details not publicly confirmed,Not publicly confirmed,Not publicly confirmed,Not publicly confirmed,Not publicly confirmed,Continuous cloud updates,Public product or technical documentation,Provider methodology/support; independent current validation not reviewed,Not publicly confirmed,Not publicly confirmed,Life-cycle assessment of packaging systems,Not publicly confirmed,Not publicly confirmed,Closed calculation model and subscription data; current version identifier unclear,PackageSmart; ecoinvent,peer sector software; background dependency,Not publicly confirmed,Not publicly confirmed,Not publicly confirmed,Sector comparison may inform packaging data templates,Commercial access and limited public schema detail,https://piqet.com/,Not publicly confirmed,PIQET's public site identifies a cloud packaging LCA service using ecoinvent and updated data to compare environmental impacts.,2026-08-22,High,"Owner governance, current version, indicators, export and API","Public metadata verified; no registration, login, purchase or restricted-content access used"
LCA-SW-0023,Real-Time LCA,RealTimeLCA,Software / API / tool,"Building-sector platform for measuring, documenting and reducing embodied and operational carbon.",Real-Time LCA,Real-Time LCA,https://docs.realtimelca.com/,Project-specific; international building use,Buildings and construction projects,"Design teams, project managers and building-carbon practitioners","Embodied/operational carbon projects, material libraries, dashboards and integrations",English public documentation,Not publicly confirmed,Live platform,Not publicly confirmed,Active,Public documentation; activated account required for platform use,Commercial/platform terms not fully public,Restricted hosted service; public docs,Required; not used,Provider-maintained platform,Not publicly confirmed,"Building projects, material/construction libraries and carbon results",Not publicly confirmed,Web application; integration-specific formats,Integrations documented at feature level,Not publicly confirmed,Not publicly confirmed,Not publicly confirmed,Live documentation/product updates,Public product or technical documentation,Public documentation does not establish independent calculation conformance,Not publicly confirmed,Not publicly confirmed,Whole-life building carbon assessment,Not publicly confirmed,Not publicly confirmed,"Method/database versions, licence and exports are not fully described publicly",Speckle; EPD data; building LCA methods,integration and data use,Not publicly confirmed,Speckle connection documented,Not publicly confirmed,Live project integrations may improve traceability from design models,Account-gated calculations and incomplete public methodology,https://docs.realtimelca.com/,Not publicly confirmed,"Public documentation defines Real-Time LCA as a platform for embodied and operational carbon with projects, libraries and integrations.",2026-08-22,Medium,"Owner, calculation methods, databases, version, pricing and export/API","Public metadata verified; no registration, login, purchase or restricted-content access used"
LCA-SW-0024,VoLCA,Volca; VoLCA engine,Software / API / tool,"LCA engine and applications for importing, inspecting, calculating, converting and integrating environmental databases.",VoLCA project,VoLCA maintainers,https://www.volca.run/,Global technical scope,Cross-sector LCI databases and LCIA calculations,"LCA practitioners, developers, data curators and AI/application integrators","Database inspection, LCIA, conversion, APIs, notebooks and agent workflows",English public documentation,Not publicly confirmed,Current web/desktop/open-source release family,Not publicly confirmed,Active,"Browser, desktop, self-hosted, API, Python, CLI and MCP options; public source link",Open-source engine; hosted-service terms apply,Open-source engine with hosted services,Not required for source/docs; hosted login optional,Maintainer-led open-source project,Not publicly confirmed,Calculation and conversion engine plus hosted database interfaces,Not publicly confirmed,"EcoSpold 1/2, SimaPro CSV, ILCD and Brightway Excel","HTTP API, Python, CLI and MCP",Not publicly confirmed,Not publicly confirmed,Not publicly confirmed,Source releases and product updates,Public product or technical documentation,"Publishes checksums, structural checks and numerical comparison examples",Not publicly confirmed,Not publicly confirmed,LCI graph calculation and LCIA,Not publicly confirmed,Not publicly confirmed,New project; independent conformance and long-term governance remain to be assessed,openLCA; Lavoisier; Brightway; ILCD; ecoSpold,format conversion and calculation,Not publicly confirmed,Bidirectional imports/exports across listed formats,Not publicly confirmed,One inspectable engine can provide a cross-format calculation layer,Format semantics and database licences remain external,https://www.volca.run/,Not publicly confirmed,"VoLCA publicly documents imports, LCIA, checked exports and browser/desktop/self-host/API/Python/CLI/MCP access with an open-source engine.",2026-08-22,High,"Stable version, software licence, governance and independent test suite","Public metadata verified; no registration, login, purchase or restricted-content access used"
LCA-SW-0025,Capillar Sustainable Cloud,lcaPillar; Capillar Cloud; Capillar-LCA,Software / API / tool,"Chinese cloud platform for product LCA, PCF, EPD, data collection, modelling, analysis and reporting.",Hangzhou Qinglvlan Environmental Digital Technology,Capillar,https://www.lcapillar.com/,China-based with international-standard and supply-chain use cases,Manufacturing products and supply chains,"Manufacturers, R&D, procurement, auditors and sustainability teams","Cradle-to-gate/grave LCA, PCF, EPD, scenarios, supplier data and disclosure",Chinese public pages,Not publicly confirmed,Live cloud platform,Not publicly confirmed,Active,Public product description; trial/application required for use,Commercial service terms,Commercial / restricted,Application/account required; not used,Provider-maintained SaaS,Not publicly confirmed,"Product models, emission factors, supplier data and reports",Not publicly confirmed,Web reporting and integrations; exact exchange schema not public,Not publicly confirmed,Not publicly confirmed,Not publicly confirmed,Not publicly confirmed,Continuous cloud updates,Public product or technical documentation,Supports validation/audit workflows as described; independent conformance not reviewed,Not publicly confirmed,Not publicly confirmed,"ISO 14040-series, PCF, water footprint and multiple reporting frameworks as described",Not publicly confirmed,Not publicly confirmed,"Technical version, factor provenance and exchange formats are not fully public",EPD frameworks; GHG Protocol; Chinese PCF standards,method implementation and enterprise workflow,Not publicly confirmed,Multi-source/multi-output workflow; exact formats unconfirmed,Not publicly confirmed,Adds Chinese-language manufacturing and supplier collaboration coverage,Commercial access and incomplete public technical schema,https://www.lcapillar.com/,Not publicly confirmed,"The official site describes Capillar as a one-stop cloud service for product LCA/PCF from data collection and modelling through analysis, scenarios, audit and reports.",2026-08-22,High,"Current release, factor sources, APIs, export formats and licence","Public metadata verified; no registration, login, purchase or restricted-content access used"
LCA-SW-0026,EcoSemantic,EcoSemantic MCP Server; EcoSemantic Workspace,Software / API / tool,AI-oriented LCA platform connecting assistants and a visual workspace to professional environmental databases and calculation tools.,Kimel Tech SpA,EcoSemantic,https://docs.ecosemantic.com/,Global technical use; ecoinvent geography,Cross-sector LCA modelling,"LCA practitioners, analysts and application/assistant developers","Natural-language search, LCA calculation, hotspot analysis, graph modelling and integration",English public documentation,Not publicly confirmed,Live service; public documentation ©2025,Not publicly confirmed,Active,Public docs; account and usage credits for service,Commercial credit terms; underlying ecoinvent licence conditions,Commercial hosted service; public documentation,Required for service; not used,Provider-maintained platform,Not publicly confirmed,"31+ documented tools and access to 21,000+ ecoinvent activities as stated",Not publicly confirmed,Streamable HTTP MCP and project exports,MCP endpoint plus visual workspace,Not publicly confirmed,Not publicly confirmed,Not publicly confirmed,Live documentation and service updates,Public product or technical documentation,Method/unit validation tools and real-time model validation are documented; independent audit not reviewed,Not publicly confirmed,Not publicly confirmed,Brightway/ecoinvent-based LCA modelling,Not publicly confirmed,Not publicly confirmed,"Account, credits and licensed database; AI-layer outputs need traceable review",ecoinvent; Brightway; MCP,database access and calculation interface,Not publicly confirmed,MCP clients and project export,Not publicly confirmed,Standard tool calls can expose provenance-aware LCA functions to assistants,"Service dependence, credit model and licensed data",https://docs.ecosemantic.com/,Not publicly confirmed,"Public docs identify an MCP server and visual LCA workspace with search, calculation, validation, graph and hotspot tools backed by ecoinvent.",2026-08-22,High,"Current version, exact software/data licences, export schema and audit evidence","Public metadata verified; no registration, login, purchase or restricted-content access used"
LCA-SW-0027,LCA CARE Tool,LCA Care,Software / API / tool,EU-funded open-access cloud tool helping agri-food SMEs assess life-cycle impacts and test improvement actions.,LCA CARE project consortium,EU project 101139959 consortium,https://lca-care.eu/lca-care-tool/,European partner countries with broader SME relevance,Agri-food SMEs,Small and medium agri-food enterprises and trainers,"Process flowcharts, environmental assessment, benchmarking, scenario simulation and action planning",English public documentation,Not publicly confirmed,Public tool announced/launched 2025,Not publicly confirmed,Active project output,Free/open-access tool; login/account required for hosted use,Project documents use stated open terms; hosted tool terms require confirmation,Free hosted tool; public documentation,Required for tool use; not used,"EU-funded project consortium, project number 101139959",Not publicly confirmed,"Cloud assessment workflows, data entry, benchmarks, recommendations and training",Not publicly confirmed,"Web, iOS and Android interfaces stated",BPMN integration stated; no public API confirmed,Not publicly confirmed,Not publicly confirmed,Not publicly confirmed,Project releases/news,Public product or technical documentation,"Provider states editable data, benchmarking and support; calculation validation not independently established",Not publicly confirmed,Not publicly confirmed,LCA and broader sustainability assessment for agri-food SMEs,Not publicly confirmed,Not publicly confirmed,"Method database, exact algorithms, tool licence and stable version are incompletely public",AGRIBALYSE; food LCA databases; BPMN,sector method/tool implementation,Not publicly confirmed,BPMN 4.0 integration claimed,Not publicly confirmed,Low-cost SME workflow may broaden primary-data collection,Account-gated operation and limited technical documentation,https://lca-care.eu/lca-care-tool/,Not publicly confirmed,"The project describes a free cloud tool for agri-food SMEs covering life-cycle assessment, process flowcharts, benchmarks and scenarios.",2026-08-22,Medium,"Release identifier, algorithm/data sources, licence, export and BPMN implementation","Public metadata verified; no registration, login, purchase or restricted-content access used"
LCA-FMT-0012,IDTA Carbon Footprint Submodel Template,IDTA 02023 Carbon Footprint; AAS Carbon Footprint SMT,Data schema / exchange format,Official Asset Administration Shell submodel template for product carbon-footprint information.,Industrial Digital Twin Association,IDTA office and admin-shell-io repository,https://github.com/admin-shell-io/submodel-templates,Global industrial digital-twin scope,Manufactured products and industrial assets,"Manufacturers, DPP/digital-twin implementers and software developers",Machine-readable PCF representation in Asset Administration Shells,English public documentation,Not publicly confirmed,1.0.1,Not publicly confirmed,Published and maintained,Public repository and specification,CC BY 4.0 repository licence,Open,No,Officially released/registered by IDTA; maintained by IDTA office,Not publicly confirmed,"Semantic submodel template, documentation and machine-readable files",Not publicly confirmed,Asset Administration Shell submodel representations,Repository files and AAS toolchain,Not publicly confirmed,IDTA 02023,Not publicly confirmed,Published and deprecated folders; prior version moved after six months,Public product or technical documentation,Official publication/registration and issue tracking,Not publicly confirmed,Not publicly confirmed,Product carbon footprint representation aligned with LCA standards,Not publicly confirmed,Not publicly confirmed,A data model does not validate upstream PCF calculations; mapping to other PCF schemas remains version-specific,Asset Administration Shell; Catena-X PCF Data Model; PACT Technical Specifications,semantic representation and potential mapping,Not publicly confirmed,AAS submodel implementations,Not publicly confirmed,Provides a governed manufacturing-digital-twin carrier for PCF data,"Cross-schema term, unit, boundary and version mappings are required",https://github.com/admin-shell-io/submodel-templates ; https://industrialdigitaltwin.org/en/wp-content/uploads/sites/2/2025/03/IDTA-02023_Submodel_CarbonFootprint.pdf,Not publicly confirmed,IDTA's official repository lists Carbon Footprint v1.0.1 as a published submodel template and documents maintenance/deprecation rules.,2026-08-22,High,Formal mapping coverage with PACT and Catena-X current releases,"Public metadata verified; no registration, login, purchase or restricted-content access used"
LCA-PLT-0004,Digital Product Passport Vocabulary Hub,DPP Vocabulary Hub; Semantic Treehouse DPP Hub,Platform / repository / network,"Collaborative public platform for publishing, browsing and exporting data models used in the EU Digital Product Passport ecosystem.",CIRPASS-2 and partner initiatives,Vocabulary Hub / Semantic Treehouse maintainers,https://dpp.vocabulary-hub.eu/,European Union with global interoperability relevance,Digital product passports across product groups,"Ontology developers, DPP implementers, regulators and researchers","Publish, compare, visualize and export DPP vocabularies including LCA modules",English public documentation,Not publicly confirmed,Live hub; EUDPP core v2 releases in 2026,2026-06-03 LCA module displayed,Active,"Public browsing, graph/tree views and TTL exports",Specification-level licences; current EUDPP modules Apache 2.0,Open,No for viewing/export,EU innovation-project collaboration including CIRPASS-2 and CircPlastX,Not publicly confirmed,"Ontologies, modules, versions, licence metadata and exports",Not publicly confirmed,RDF/OWL/Turtle,Public web exports; API not confirmed,Not publicly confirmed,Versioned specification records and w3id.org/eudpp identifiers,Not publicly confirmed,"Version, publication date and deprecated/development labels",Public product or technical documentation,Publication metadata and version states; formal conformance process not confirmed,Not publicly confirmed,Not publicly confirmed,Semantic modelling for DPP data,Not publicly confirmed,Not publicly confirmed,Hub includes proposals and development versions; publication does not equal regulatory adoption,EUDPP Core Ontology LCA Module; IDTA submodels; Catena-X,hosts and publishes,Not publicly confirmed,Turtle/RDF ontology tools,Not publicly confirmed,Central versioned vocabulary registry can expose LCA concepts to DPP systems,Multiple overlapping DPP ontologies and changing regulation,https://dpp.vocabulary-hub.eu/,Not publicly confirmed,"The hub publicly lists versioned, licensed DPP ontologies with graph/tree views and TTL exports, including an LCA module.",2026-08-22,High,"Long-term host governance, API, persistent version URIs and regulatory status","Public metadata verified; no registration, login, purchase or restricted-content access used"
LCA-NOM-0008,EUDPP Core Ontology Life Cycle Assessment Module,EUDPP LCA module,Nomenclature / classification,LCA ontology module in the proposed EU Digital Product Passport core ontology.,CIRPASS-2 European project,EUDPP ontology contributors via DPP Vocabulary Hub,https://dpp.vocabulary-hub.eu/,European DPP scope,Cross-sector digital product passports,DPP data-model designers and interoperability developers,Represent LCA information within modular DPP ontologies,English public documentation,Not publicly confirmed,v2.0.maki,2026-06-03,Active proposal/release,Public graph/tree views and TTL export,Apache 2.0,Open,No,CIRPASS-2 proposed ontology published through Vocabulary Hub,Not publicly confirmed,RDF/OWL classes and properties for LCA within EUDPP,Not publicly confirmed,Turtle/RDF/OWL,Download/export through public hub,Not publicly confirmed,w3id.org/eudpp namespace family,Not publicly confirmed,Version/date labels and module imports,Public product or technical documentation,Module release metadata; formal standards validation not established,Not publicly confirmed,Not publicly confirmed,Semantic representation of DPP LCA information,Not publicly confirmed,Not publicly confirmed,Proposed ontology with evolving module names/versions; no guarantee of regulatory adoption,Digital Product Passport Vocabulary Hub; EUDPP Core; IDTA Carbon Footprint Submodel,hosted module and semantic mapping,Not publicly confirmed,RDF/OWL tooling,Not publicly confirmed,"Can link LCA results to product-passport actors, substances and compliance information",Semantic overlap and version drift with other DPP/PCF schemas,https://dpp.vocabulary-hub.eu/,Not publicly confirmed,The public hub lists an EUDPP LCA module v2.0.maki dated 2026-06-03 under Apache 2.0 with graph/tree and TTL export.,2026-08-22,High,"Stable semantic version, competency questions, mappings and adoption","Public metadata verified; no registration, login, purchase or restricted-content access used"
LCA-PLT-0005,GBDI Open Building Data Platform,Global Building Data Initiative platform,Platform / repository / network,"Open building data platform for whole-life carbon benchmarking, prospective LCA and policy/portfolio analysis.",Global Building Data Initiative under GLOBE,GBDI consortium,https://www.gbdi.io/platform,"Global, with stated Global South inclusion",Buildings and construction portfolios,"Policy makers, portfolio managers, building designers and researchers","Whole-life carbon benchmarking, prospective LCA, MRV and decarbonization strategy",English public documentation,Not publicly confirmed,Live platform launched 2025,2025-02-26 launch event,Active,Public descriptions; account required to use platform,Open-source/open-data orientation; platform terms apply,Open platform mission with account-based access,Required for platform use; not used,"GBDI under GLOBE, supported by international construction associations",Not publicly confirmed,"Building-level whole-life-cycle data, benchmarks and analytics",Not publicly confirmed,openBDF,Open API integration described,Not publicly confirmed,Not publicly confirmed,Not publicly confirmed,Live platform and evolving openBDF releases,Public product or technical documentation,Systematic protocol and high-quality data objectives; contribution validation details incomplete,Not publicly confirmed,Not publicly confirmed,Whole-life building carbon and prospective LCA,Not publicly confirmed,Not publicly confirmed,Platform content cannot be inspected without account; public claims and targets are not achieved counts,openBDF; LCAx; RICS; ECHO; SLiCE,native format and aligned initiatives,Not publicly confirmed,openBDF and API integrations,Not publicly confirmed,Global benchmark exchange using an open building schema,"Account access, contribution confidentiality and schema evolution",https://www.gbdi.io/platform ; https://www.gbdi.io/about,Not publicly confirmed,"GBDI describes an open platform for global building whole-life carbon data, prospective LCA, benchmarking, openBDF exchange and API integration.",2026-08-22,High,"Dataset count, licence, validation protocol, API and public download scope","Public metadata verified; no registration, login, purchase or restricted-content access used"
LCA-FMT-0013,open Building Data Format,openBDF,Data schema / exchange format,Open protocol and schema for interoperable exchange of building life-cycle and whole-life-carbon data.,Global Building Data Initiative,GBDI technical community,https://www.gbdi.io/open-data-format,Global,Buildings and construction,"Building LCA platforms, designers, researchers and policy data systems","Exchange, storage and analysis of comparable building life-cycle data",English public documentation,Not publicly confirmed,Current public version; new version under development,Not publicly confirmed,Active/evolving,Public documentation and GitHub links,Presented as open/free; repository-level licence to confirm,Open,No for public documentation,GBDI open technical development,Not publicly confirmed,"Protocol, schema and Python/JSON integrations",Not publicly confirmed,Uses the LCAx data schema with building-specific protocol,Open interfaces and code,Not publicly confirmed,Not publicly confirmed,Not publicly confirmed,Current version plus announced new version,Public product or technical documentation,"Alignment with RICS, ECHO and SLiCE stated; conformance suite not confirmed",Not publicly confirmed,Not publicly confirmed,Building whole-life-carbon reporting structure,Not publicly confirmed,Not publicly confirmed,Built on LCAx and still evolving; boundaries between format and profile need governance clarity,LCAx exchange format; GBDI platform; RICS; ECHO; SLiCE,schema reuse and alignment,Not publicly confirmed,JSON/Python and LCAx-compatible implementations,Not publicly confirmed,A common building-project envelope can enable global benchmarking,Method/profile alignment and version-specific field mapping,https://www.gbdi.io/open-data-format,Not publicly confirmed,"GBDI defines openBDF as an open, global, documented building-data protocol using the LCAx schema and providing protocol, schema and Python/JSON integrations.",2026-08-22,High,"Canonical repository, licence, schema version and conformance tests","Public metadata verified; no registration, login, purchase or restricted-content access used"
LCA-DB-0035,BATTERS Battery Recycling Inventory Database,BATTERS database,Database / dataset,Commercial LCI database for lithium-ion battery recycling processes and recycled materials.,BATTERS,BATTERS / WELOOP experts,https://www.batters.fr/en/battery-recycling-inventory/,Configurable electricity/geography; European regulatory context,Lithium-ion battery recycling and recovered metals,"Industry, consultants, researchers and decision-makers","Battery LCA/PCF, recycling-technology comparison and regulatory alternative scenarios",English public documentation,Not publicly confirmed,January 2026 analysis release,2026-01,Active,"Public description; aggregated, unit-process or tailored inventories for purchase",Commercial purchase/licence,Commercial / restricted,Contact/purchase required; not used,Provider-maintained sector database,Not publicly confirmed,"Five recycling-process families including black mass, hydrometallurgy and pyrometallurgy",Not publicly confirmed,"Packages compatible with LCA for Experts, SimaPro and openLCA",Not publicly confirmed,Not publicly confirmed,Not publicly confirmed,Not publicly confirmed,Release/analysis dates and tailored variants,Public product or technical documentation,"Provider describes reliable, transparent industrial data; independent review evidence not captured",Not publicly confirmed,Not publicly confirmed,"LCA/PCF inventories with configurable composition, electricity and allocation",Not publicly confirmed,Not publicly confirmed,Underlying inventories and representativeness cannot be checked without purchase,EU Battery Regulation; Sphera LCA for Experts; SimaPro; openLCA,software distribution and regulatory use,Not publicly confirmed,"LCA for Experts, SimaPro and openLCA",Not publicly confirmed,Fills a specific recycling-data gap and exposes key scenario variables,Commercial access and custom variants reduce comparability,https://www.batters.fr/en/battery-recycling-inventory/,Not publicly confirmed,"The provider documents purchasable system/unit inventories for five battery-recycling processes with configurable black-mass composition, electricity and allocation.",2026-08-22,High,"Dataset count, reference years, review report, licence and exact exchange formats","Public metadata verified; no registration, login, purchase or restricted-content access used"
LCA-DB-0036,BioEnergieDat,BioEnergieDat database,Database / dataset,Legacy German ILCD database of bioenergy supply and conversion processes developed through a public research project.,BioEnergieDat project consortium,Legacy project portal; dataset owners include KIT and partners,https://www.bioenergiedat.de/software.html,Germany,"Biomass supply, biofuels, biogas and bioenergy conversion",LCA researchers and bioenergy analysts,German bioenergy LCI modelling and technology comparison,German,Not publicly confirmed,ILCD dataset versions commonly 01.00.000,Project data centred on 2010–2012,Legacy; public portal remains partly accessible,Public ILCD browsing/download instructions and historical node access,Dataset pages state copyright/owner fields; collection-level licence incomplete,Free legacy public data with unclear current stewardship,No registration indicated for public records/downloads,German public research consortium; long-term maintainer unclear,Not publicly confirmed,Parameterized unit processes and flows for biomass supply and conversion,Not publicly confirmed,ILCD ZIP and ILCD network services,Historical soda4LCA/ILCD node,Not publicly confirmed,Not publicly confirmed,Not publicly confirmed,Dataset-level ILCD versions,Public product or technical documentation,Project review workflow and metadata; many records retain old reference years,Not publicly confirmed,Not publicly confirmed,Life-cycle inventory with a documented perspectives/parameter concept,Not publicly confirmed,Not publicly confirmed,"Old 2010-era data, uncertain node continuity and incomplete collection-level licence/update policy",openLCA; soda4LCA; ILCD Data Format; openLCA Nexus,"native format, modelling software and node infrastructure",Not publicly confirmed; Public openLCA Nexus metadata lists BioEnergieDat with openLCA-oriented groups/packages and formats (https://nexus.openlca.org/ws/dataproviders/256),ILCD import to openLCA,Not publicly confirmed,Preserved transparent unit processes can support historical/technology comparisons,"Age, German-only metadata and uncertain stewardship",https://www.bioenergiedat.de/software.html ; https://bioenergiedat.de/documents/10156/24192/anleitung-openLCA.pdf,Not publicly confirmed; https://nexus.openlca.org/ws/dataproviders/256; https://nexus.openlca.org/databases,"The legacy project publicly documents its bioenergy database, ILCD ZIP/node distribution, openLCA integration and parameterized modelling functions.",2026-08-22,Medium,"Current download completeness, total process count, licence and responsible maintainer","Public metadata verified; no registration, login, purchase or restricted-content access used"
LCA-DB-0037,CPM LCA Database,SPINE@CPM; Swedish national LCA database,Database / dataset,Open Swedish database of reviewed industrial LCI and impact-assessment data built on the SPINE information model.,Swedish Life Cycle Center,"Chalmers University of Technology, Environmental Systems Analysis",https://cpmdatabase.cpm.chalmers.se/AboutDatabase.htm,Sweden with dataset-specific industrial scope,"Industrial processes, products, materials and supply chains",Researchers and LCA practitioners,"LCI reuse, transparent documentation and impact calculation",English public documentation,Not publicly confirmed,Legacy live database,Not publicly confirmed,Legacy/project-dependent; no stable funding since 2006,Public free viewing/download under licence agreement,Open/free under CPM licence agreement,Open with use conditions,No registration stated,Owned by Swedish Life Cycle Center; maintained by Chalmers,Not publicly confirmed,"LCI datasets plus EPS, EDIP and Eco-indicator IA98 records",Not publicly confirmed,"SPINE, ISO/TS 14048-compatible view, ILCD and IA98",Web database; no modern API confirmed,Not publicly confirmed,Not publicly confirmed,Not publicly confirmed,Dataset and project updates,Public product or technical documentation,Documented review routine and quality requirements,Not publicly confirmed,Not publicly confirmed,SPINE information model and ISO/TS 14048 documentation criteria,Not publicly confirmed,Not publicly confirmed,Funding and development have been intermittent since 2006; legacy formats and methods,SPINE; ILCD; ISO/TS 14048; EPS; EDIP,native information model and format mappings,Not publicly confirmed,SPINE and ILCD views; IA98,Not publicly confirmed,Rich transparent documentation can inform modern provenance models,"Legacy identifiers, encoding and uncertain update cadence",https://cpmdatabase.cpm.chalmers.se/AboutDatabase.htm,Not publicly confirmed,"Chalmers documents an open/free reviewed LCA database owned by the Swedish Life Cycle Center with SPINE, ISO/TS 14048-compatible and ILCD representations.",2026-08-22,High,"Current dataset count, last content update and migration path","Public metadata verified; no registration, login, purchase or restricted-content access used"
LCA-DB-0038,ERASM Surfactant Life Cycle and Ecofootprinting Inventory,ERASM SLE; surfactant LCI datasets,Database / dataset,Industry-consensus cradle-to-gate LCI collection for European detergent surfactants and precursors.,ERASM,ERASM member-company collaboration,https://www.erasm.org/erasm-research/manufacturing/rawmaterial-sourcing/life-cycle-ecofootprinting-sle/,European market averages,15 surfactants and 17 precursors for detergents and personal care,"Chemical and detergent LCA practitioners, researchers and industry","Surfactant LCAs, environmental profiles and background inventories",English public documentation,Not publicly confirmed,2017 SLE release,2017,Legacy/static public collection,"Public fact sheets, review report and LCI links",Open publications; dataset-level use terms require confirmation,Public documentation/data links with unclear current node terms,No registration observed for public files,ERASM collaboration of major companies with external critical review,Not publicly confirmed,32 product/precursor profiles and underlying unit-process inventories,Not publicly confirmed,ILCD-style node/distribution documented,Not publicly confirmed,Not publicly confirmed,Not publicly confirmed,Not publicly confirmed,Static 2017 release and record-specific dates,Public product or technical documentation,"ISO/ILCD alignment, multi-company data collection and external critical review",Not publicly confirmed,Not publicly confirmed,"Attributional cradle-to-gate LCA, ISO 14040/44 and ILCD entry level",Not publicly confirmed,Not publicly confirmed,Primary production year is 2011; confidentiality and technology change affect representativeness,ILCD; chemical LCI databases; detergents sector,sector data and format distribution,Not publicly confirmed,Former thinkstep LCDN node and public fact sheets,Not publicly confirmed,High-coverage industry averages can anchor surfactant dataset mappings,"Age, confidentiality aggregation and uncertain current machine-readable access",https://www.erasm.org/wp-content/uploads/2017/08/170727-SLE-Summary-Paper-IJLCA-1.pdf,Not publicly confirmed,"ERASM's public paper and fact sheets document 15 surfactants and 17 precursors, 2011 European production data, ISO/ILCD methods and external review.",2026-08-22,High,"Current node availability, licence, complete package and technology-update need","Public metadata verified; no registration, login, purchase or restricted-content access used"
LCA-DB-0039,CODDE Database,Base CODDE; CODDE®,Database / dataset,Commercial generic and sector LCA database integrated into the EIME software ecosystem.,LCIE Bureau Veritas,Bureau Veritas CODDE,https://codde.fr/evenement/eime-nouvelle-base-codde-2026-04,International with French/EU sector focus,"Generic, electromechanical, infrastructure, textile, microelectronics and digital data","EIME users, manufacturers, EPD/PEP practitioners and consultants","Product LCA, ecodesign, PEP/EPD and environmental communication",French and English public pages,Not publicly confirmed,2026-04,2026-04-15,Active; annual updates,Public release metadata; licensed through EIME,Commercial EIME licence,Commercial / restricted,Licence/contact required; not used,Developed and maintained by LCIE Bureau Veritas,Not publicly confirmed,"Generic and sector databases; 2,000+ updated and 352 new data in 2026-04",Not publicly confirmed,Integrated EIME database,Not publicly confirmed,Not publicly confirmed,Not publicly confirmed,Not publicly confirmed,Year-month annual releases,Public product or technical documentation,Provider states PEP ecopassport compliance and temporal representativeness metrics,Not publicly confirmed,Not publicly confirmed,Product LCA and EPD/PEP requirements,Not publicly confirmed,Not publicly confirmed,"Underlying data, technical note and licence-restricted content were not accessed",EIME; PEP ecopassport; ecoinvent; ELCD,software integration and source content,Not publicly confirmed,EIME v6/current product family,Not publicly confirmed,Detailed electronics/digital sectors can address known data gaps,Proprietary format/licence and mixed source lineages,https://codde.fr/evenement/eime-nouvelle-base-codde-2026-04,Not publicly confirmed,"Bureau Veritas announces CODDE 2026-04 with more than 2,000 updates, 352 new records and new microelectronics/digital sector databases in EIME.",2026-08-22,High,"Total current record count, exchange/export rights, source-level licences and review reports","Public metadata verified; no registration, login, purchase or restricted-content access used"
LCA-DB-0040,IDEMAT Database,Idemat; Idemat sustainability data,Database / dataset,"Engineering/design life-cycle data workbook and software packages providing carbon, LCIA, energy and eco-cost indicators.",Sustainable Impact Metrics Foundation / Delft University of Technology lineage,eco-costs/value maintainers,https://www.ecocostsvalue.com/data-tools-books/,Mainly European/international engineering materials,"Materials, manufacturing, transport, energy and building applications","Designers, engineers, students and LCA practitioners","Screening LCA, material choice, carbon footprint and eco-costs",English public documentation,Not publicly confirmed,Idemat 2026RevB1,2026,Active periodic releases,Public Excel and SimaPro data; openLCA academic/commercial variants,Excel described under CC BY-NC; software/package-specific terms,Mixed open non-commercial and low-cost/commercial variants,No for public workbook; distributor conditions may apply,Foundation/academic-maintainer release programme,Not publicly confirmed,"Selected LCI and indicators including carbon, ReCiPe, CED, EF, TRACI and eco-costs",Not publicly confirmed,"XLSX, SimaPro import and openLCA packages",Not publicly confirmed,Not publicly confirmed,Not publicly confirmed,Not publicly confirmed,Year/revision-labelled files,Public product or technical documentation,Source notes and method references; record-level review depth varies,Not publicly confirmed,Not publicly confirmed,Design-oriented life-cycle indicators and eco-costs/value framework,Not publicly confirmed,Not publicly confirmed,Screening/selected data rather than a universal unit-process database; licence differs by channel,ecoinvent; ReCiPe; Environmental Footprint; TRACI; openLCA; openLCA Nexus,method implementation and software distribution,Not publicly confirmed; Public openLCA Nexus metadata lists IDEMAT with openLCA-oriented groups/packages and formats (https://nexus.openlca.org/ws/dataproviders/9701),"Excel, SimaPro and openLCA",Not publicly confirmed,Accessible engineering factors can support early design and teaching,"Indicator aggregation, non-commercial terms and mixed provenance",https://www.ecocostsvalue.com/data-tools-books/,Not publicly confirmed; https://nexus.openlca.org/ws/dataproviders/9701; https://nexus.openlca.org/databases,The maintainer publishes a 2026 revision of Idemat data in Excel and LCA-software forms with multiple impact and engineering indicators.,2026-08-22,Medium,"Canonical licence for every package, dataset count and validation log","Public metadata verified; no registration, login, purchase or restricted-content access used"
LCA-DB-0041,POLARIIS+,POLARIIS Plus,Database / dataset,Canadian reference infrastructure for life-cycle environmental footprints of consumption and production.,CIRAIG Sustainable Consumption Chair,CIRAIG / POLARIIS+ collaboration,https://ciraig.org/index.php/project/polariis-en/,Canada and provinces,"All major consumption and production sectors; initial food, housing and hygiene datasets","Governments, industry, researchers and citizens","Lifestyle footprints, product/service comparisons, environmental display and policy",English public documentation,Not publicly confirmed,2026 infrastructure release,2026,Active development,Public project information and predecessor datasets on Zenodo; broader platform access evolving,Dataset-level Zenodo licences; infrastructure terms not fully stated,Public datasets with evolving infrastructure,No for public project pages/Zenodo metadata,CIRAIG-led collaborative project under the Sustainable Consumption Chair,Not publicly confirmed,Documented life-cycle datasets linking consumption behaviours and production chains,Not publicly confirmed,Zenodo dataset packages; infrastructure schema not confirmed,Not publicly confirmed,Not publicly confirmed,Not publicly confirmed,Not publicly confirmed,Dataset releases and regular-update commitment,Public product or technical documentation,"Credibility, representativeness, transparency and comparability are stated goals; detailed protocol pending",Not publicly confirmed,Not publicly confirmed,Life-cycle approach to consumption and production footprints,Not publicly confirmed,Not publicly confirmed,"New infrastructure; full national coverage, schema and release inventory not yet public",Quebec consumption LCI database; openIO-Canada; IMPACT World+,lineage and method/data ecosystem,Not publicly confirmed,Not publicly confirmed,Not publicly confirmed,Adds province-specific consumption/production coverage and public-use cases,Evolving scope and incomplete machine-readable metadata,https://ciraig.org/index.php/project/polariis-en/,Not publicly confirmed,"CIRAIG describes POLARIIS+ as a 2026 Canadian reference database/infrastructure building on public food, housing and hygiene datasets and expanding to all major sectors.",2026-08-22,High,"First complete release, licence, schema/API, process count and QA protocol","Public metadata verified; no registration, login, purchase or restricted-content access used"
LCA-DB-0042,Evah Pigments and Dyes LCI Databases,The Evah Pigments Database; Inorganic and Organic Pigments & Dyes,Database / dataset,Commercial/free-for-study LCI database family covering inorganic and organic pigments and dyes.,The Evah Institute / Ecquate Pty Ltd,Evah Associates,https://evah.institute/services,Multiple global production regions,"Pigments, dyes, coatings and related chemicals","LCA practitioners, product designers and researchers","Pigment/dye LCA, coatings, materials and building-product assessment",English public documentation,Not publicly confirmed,Current database family; historical Pigments release plus continuing 2026 programme,Not publicly confirmed,Active provider; versioned package metadata incomplete,Free for study and commercial packages via provider/openLCA Nexus,Package-specific free/commercial licence,Mixed free-for-study and commercial,Contact/Nexus terms may apply; not used,Evah Institute custodian/provider,Not publicly confirmed,Pigment and dye unit/system inventories; older public descriptions cite 55 pigment products,Not publicly confirmed,"openLCA, SimaPro and LCADesign plug-ins; Nexus packages",Not publicly confirmed,Not publicly confirmed,Not publicly confirmed,Not publicly confirmed,Provider/database packages and future-order programme,Public product or technical documentation,Provider states third-party certification; independent review documents not captured,Not publicly confirmed,Not publicly confirmed,Industrial supply-chain LCI for LCIA/LCBA,Not publicly confirmed,Not publicly confirmed,"Exact current process count, version, review and licence are unclear; provider claims require audit",openLCA Nexus; SimaPro; LCADesign; coatings databases; openLCA,software distribution,Not publicly confirmed; Public openLCA Nexus metadata lists The Evah Pigments Database with openLCA-oriented groups/packages and formats (https://nexus.openlca.org/ws/dataproviders/9001),"openLCA, SimaPro and LCADesign",Not publicly confirmed,Specialized chemistry data can fill colourant gaps,"Commercial terms, sparse release metadata and older source years",https://evah.institute/services,Not publicly confirmed; https://nexus.openlca.org/ws/dataproviders/9001; https://nexus.openlca.org/databases,"Evah publicly lists inorganic and organic pigment/dye LCI databases, free-for-study and commercial distribution, and plug-ins for major LCA software.",2026-08-22,Medium,"Canonical release/version, current count, licence, reference years and external review","Public metadata verified; no registration, login, purchase or restricted-content access used"
LCA-DB-0043,EuGeos 15804-IA Database,EuGeos' 15804-IA,Database / dataset,Legacy ecoinvent extension and LCIA database developed to calculate indicators required by EN 15804 for construction EPDs.,EuGeos / Chris Foster,Distributed historically through openLCA Nexus,https://nexus.openlca.org/database/EuGeos'%2015804-IA,European construction/EPD context,Construction products and services,EPD and building-LCA practitioners using openLCA,EN 15804 indicator calculation from ecoinvent-based product systems,English public documentation,Not publicly confirmed,v4.1; superseded by the openLCA EN15804 add-on,2020-03-31,Legacy/superseded,Public documentation; database package required ecoinvent/Nexus rights,Commercial/ecoinvent-dependent licence,Restricted legacy add-on with public documentation,Nexus/licence required for package; not used,Originally developed by EuGeos; later referenced/replaced by GreenDelta add-on work,Not publicly confirmed,ecoinvent cut-off database plus EN 15804 LCIA/resource/waste/output indicators,Not publicly confirmed,openLCA zolca,Not publicly confirmed,Not publicly confirmed,Not publicly confirmed,Not publicly confirmed,Numbered database versions,Public product or technical documentation,Documented method and later comparative analysis by GreenDelta,Not publicly confirmed,Not publicly confirmed,EN 15804:2012+A1 indicator implementation,Not publicly confirmed,Not publicly confirmed,Based on older EN 15804 and ecoinvent versions; requires licensed ecoinvent; superseded by maintained alternatives,EN 15804; ecoinvent; openLCA EN15804 add-on; openLCA Nexus; openLCA,"standard implementation, background dependency and successor",Not publicly confirmed; Public openLCA Nexus metadata lists EuGeos' 15804-IA with openLCA-oriented groups/packages and formats (https://nexus.openlca.org/ws/dataproviders/8251),Older openLCA releases,Not publicly confirmed,Legacy comparison evidence helps trace changes in EPD indicator implementations,"Obsolete versions, licensing and method evolution",https://nexus.openlca.org/ws/dataproviders/8251 ; https://www.openlca.org/wp-content/uploads/2022/02/documentation_EN15804-addon-in-openLCA_10022022.pdf,Not publicly confirmed; https://nexus.openlca.org/ws/dataproviders/8251; https://nexus.openlca.org/databases,"Public provider metadata identifies EuGeos 15804+A2_IA v4.1, based on ecoinvent 3.6, and states that it has been superseded by the EN15804 add-on.",2026-08-25,Medium,Exact withdrawal date and continuing licence availability,Last public version and superseded status verified
LCA-NOM-0007,IUPAC International Chemical Identifier,InChI; Standard InChI; InChIKey,Nomenclature / classification,Open structure-based chemical identifier standard and condensed InChIKey used to link chemical substances across databases.,IUPAC and InChI Trust,InChI Trust,https://www.inchi-trust.org/about-the-inchi-standard/,Global,Chemicals across all LCA sectors,"Database curators, software developers, chemists and LCA data managers","Chemical identity, search, deduplication and cross-database linking",English public documentation,Not publicly confirmed,InChI standard/software release family,Not publicly confirmed,Active,Public standard information and open-source software,Open standards and open-source algorithms; release licence applies,Open,No,IUPAC scientific governance with InChI Trust stewardship and working groups,Not publicly confirmed,"Layered InChI strings, 27-character InChIKeys, algorithms and software",Not publicly confirmed,Machine-readable character strings and APIs/libraries,Open-source software/API implementations,Not publicly confirmed,InChI and InChIKey,Not publicly confirmed,Standard/software releases and validation protocol,Public product or technical documentation,"Standardization, validation protocol and working-group review",Not publicly confirmed,Not publicly confirmed,Chemical-structure canonicalization and hashing,Not publicly confirmed,Not publicly confirmed,"Different standard/non-standard options, tautomer/stereochemistry handling and salts can affect identity matching",PubChem identifiers; SMILES; CAS numbers; elementary-flow lists,identifier mapping and validation,Not publicly confirmed,Widely implemented in chemical databases and software,Not publicly confirmed,"A neutral chemical key can connect LCI substances, emissions and toxicity resources",InChIKey is not reversible and matching policy must handle mixtures and non-molecular materials,https://www.inchi-trust.org/about-the-inchi-standard/,Not publicly confirmed,"InChI Trust defines InChI and InChIKey as open, machine-readable chemical identifiers developed with IUPAC for interoperable database linking.",2026-08-22,High,"Current stable software version, mapping rules for mixtures/UVCBs and adoption in LCA formats","Public metadata verified; no registration, login, purchase or restricted-content access used"
LCA-NOM-0009,PubChem Chemical Identifier System and Identifier Exchange Service,PubChem CID; SID; AID; PubChem ID Exchange,Nomenclature / classification,US government identifier system and public service for resolving and converting PubChem chemical record identifiers and structure strings.,US National Library of Medicine / National Center for Biotechnology Information,PubChem,https://pubchem.ncbi.nlm.nih.gov/docs/identifier-exchange-service,Global chemical-information coverage,"Chemicals, substances and bioassays","Data curators, researchers and software developers","Chemical identifier resolution, exchange, record linking and RDF integration",English public documentation,Not publicly confirmed,Live PubChem services,Not publicly confirmed,Active,"Public web services, PUG REST, FTP and RDF",US government resource; deposited-source rights and notices vary,Open public service with source-level caveats,No,NCBI/NLM/NIH public database governance,Not publicly confirmed,"CID, SID and AID records plus InChI, InChIKey, SMILES, names and cross-references",Not publicly confirmed,TXT/CSV/JSON/XML/RDF and compressed files,"Identifier Exchange, PUG REST, PUG and FTP/RDF",Not publicly confirmed,"CID, SID and AID",Not publicly confirmed,Continuous database updates and service documentation,Public product or technical documentation,PubChem standardization and depositor provenance; identifier exchange retains explicit input/output choices,Not publicly confirmed,Not publicly confirmed,Chemical record standardization and identity/connectivity matching,Not publicly confirmed,Not publicly confirmed,CID/SID distinctions and standardization choices can merge/split records differently from LCA nomenclatures,InChI/InChIKey; SMILES; CAS and LCA substance lists,identifier mapping and external reference,Not publicly confirmed,"REST, RDF, FTP and tabular workflows",Not publicly confirmed,Public mappings can enrich LCA flow identifiers without inventing new chemical keys,"Mixtures, emissions compartments and non-chemical LCA flows require separate semantics",https://pubchem.ncbi.nlm.nih.gov/docs/identifier-exchange-service,Not publicly confirmed,"PubChem documents public conversion among CID, SID, InChI, InChIKey, SMILES, registry IDs and synonyms, with REST/RDF services.",2026-08-22,High,Recommended LCA mapping policy and persistence guarantees for deprecated/restandardized records,"Public metadata verified; no registration, login, purchase or restricted-content access used"
LCA-NOM-0010,SMILES Chemical Line Notation,SMILES; Simplified Molecular Input Line Entry System,Nomenclature / classification,Text notation for representing molecular and reaction structures as line strings.,Daylight Chemical Information Systems (original specification); multiple later dialects,Daylight for original specification; distributed implementer community,https://www.daylight.com/smiles/,Global,Chemical substances and reactions,"Chemical database and software developers, researchers and data curators","Compact structure representation, search and interchange",English public documentation,Not publicly confirmed,Original Daylight SMILES specification family,Not publicly confirmed,Widely used; multiple active dialects,Public theory/specification pages; implementations vary,Original documentation/provider terms; dialect implementations have separate licences,Publicly documented notation with mixed implementation licences,No for documentation,Original Daylight specification; no single authority over all extensions/dialects,Not publicly confirmed,"Syntax and rules for atoms, bonds, rings, branches, stereochemistry and reactions",Not publicly confirmed,ASCII line notation,Implemented by many chemistry toolkits,Not publicly confirmed,"SMILES strings are representations, not guaranteed universal persistent identifiers",Not publicly confirmed,Specification and dialect-specific evolution,Public product or technical documentation,Parser/canonicalization validation depends on implementation,Not publicly confirmed,Not publicly confirmed,Graph-based chemical line notation,Not publicly confirmed,Not publicly confirmed,Canonicalization and aromaticity/stereochemistry differ across toolkits; strings may not be globally unique,InChI; PubChem; chemical ontologies,chemical representation and identifier conversion,Not publicly confirmed,Broad chemistry-software support,Not publicly confirmed,Can carry structure information where LCA flow lists only provide names,Dialect ambiguity and lack of one global canonical identifier,https://www.daylight.com/smiles/,Not publicly confirmed,Daylight publicly documents SMILES as a character-string language for molecular and reaction structure; interoperability depends on dialect and canonicalization rules.,2026-08-22,Medium,Which dialect/canonicalization profile should a global LCA platform support,"Public metadata verified; no registration, login, purchase or restricted-content access used"
LCA-SW-0028,Brightway Firefly,Firefly LCA Navigator,Software / API / tool,"Open-source browser and desktop interface for exploring, editing and calculating Brightway LCA projects.",Eaternity,Eaternity open-source team,https://brightway.eaternity.ch/,Global software scope,Cross-sector LCA modelling,"LCA practitioners, researchers, students and Brightway users","Activity search, impact calculation, exchange editing, contribution analysis and project management",English public documentation,Not publicly confirmed,0.7.93 displayed publicly,Not publicly confirmed,Active,Public web application and desktop/open-source releases,AGPL-3.0,Open source,No registration observed for public calculator,Eaternity-maintained open-source project,Not publicly confirmed,"Brightway activities, exchanges, LCIA methods, calculation results and graphs",Not publicly confirmed,Brightway project data; browser and desktop application,FastAPI backend and Python/Brightway integration,Not publicly confirmed,Not publicly confirmed,Not publicly confirmed,Numbered public releases,Public product or technical documentation,Transparent source code and reproducible Brightway calculations; formal validation suite not reviewed,Not publicly confirmed,Not publicly confirmed,Brightway LCA calculations with selectable LCIA methods,Not publicly confirmed,Not publicly confirmed,Available data depend on the configured Brightway project and database licences,Brightway; EOS — Environmental Operating System,user interface and calculation layer,Not publicly confirmed,Brightway ecosystem,Not publicly confirmed,Lowers the barrier to inspecting and validating Brightway models,Project/database versions and licences remain external,https://brightway.eaternity.ch/,Not publicly confirmed,"The public Firefly site presents a modern open-source LCA interface with activity search, exchange editing, multiple impact methods and Brightway-based calculations.",2026-08-22,High,"Release governance, packaged datasets and numerical regression tests","Public metadata verified; no registration, login, purchase or restricted-content access used"
LCA-SW-0029,Agent Net Zero,ANZ; Agent Net Zero AI LCA platform,Software / API / tool,"Early-stage AI-assisted platform that automates parts of LCA modelling, database matching and hotspot identification for industrial users.",University of Sheffield and AMRC project team,Agent Net Zero team,https://agentnetzero.com/,UK-led with general industrial scope,Industrial products and operations,Industrial sustainability teams and LCA practitioners,"Conversational goal-and-scope definition, inventory modelling, database matching, carbon-footprint assessment and improvement suggestions",English public documentation,Not publicly confirmed,Public alpha/beta stage,Not publicly confirmed,Active development,Public metadata and demonstrations; current application use requires registration,Not publicly confirmed,Free-to-use claim for current registered users; software/data terms not publicly confirmed,Required for application use; not used,University of Sheffield/AMRC-led Manchester Prize project with industry partners,Not publicly confirmed,"AI-assisted LCA models, inventories, source links and hotspot suggestions",Not publicly confirmed,Web application; export formats not publicly confirmed,Not publicly confirmed,Not publicly confirmed,Not publicly confirmed,Not publicly confirmed,Alpha/beta development updates,Public product or technical documentation,Public demonstrations expose reasoning and database matching; formal validation and audit protocol not published,Not publicly confirmed,Not publicly confirmed,Life-cycle assessment and carbon-footprint workflows,Not publicly confirmed,Not publicly confirmed,"Product is early-stage; detailed data sources, model controls, licences and reproducibility have not been publicly documented",LCA databases; ISO 14044; paper2lci,AI-assisted modelling and evidence extraction,Not publicly confirmed,Not publicly confirmed,Not publicly confirmed,Could accelerate evidence-backed inventory construction and review,"Model reliability, data rights, transparency and human oversight require independent validation",https://sheffield.ac.uk/mps/news/agent-net-zero-manchester-prize-finalist ; https://www.imperial.ac.uk/events/201345/agent-net-zero-lca-powered-by-ai/,Not publicly confirmed,"The University of Sheffield describes an AI agent that conducts LCA, identifies hotspots and suggests improvements; an Imperial demonstration showed automated reasoning and database matching.",2026-08-22,Medium,"Public release status, training/data provenance, export formats, licences and validation results","Public metadata verified; no registration, login, purchase or restricted-content access used"
LCA-NET-0007,Climate Farm Demo,ClimateFarmDemo; CFD,Platform / repository / network,"Pan-European demonstration-farm network and knowledge repository for climate-smart agricultural practices, including public MRV and farm-footprint tool resources.",Climate Farm Demo consortium,Horizon Europe consortium,https://climatefarmdemo.eu/,27 European countries,Agriculture and farm climate mitigation/adaptation,"Farmers, advisers, researchers and policymakers","Demo-farm learning, discovery of adaptation/mitigation solutions, MRV tools and farm GHG/LCA guidance",English public documentation,Not publicly confirmed,Horizon Europe project 101060212,Not publicly confirmed,Active project and repository,"Public project pages, repository, deliverables and practice abstracts; optional sign-in features not used",Item-specific project/publication terms,Public knowledge resources with mixed item terms,No for public resources; account optional for some features,"EU-funded consortium, demo-farm network and Living Labs",Not publicly confirmed,"Farm network records, events, adaptation/mitigation solutions, tools, guidance and deliverables",Not publicly confirmed,Web repository and downloadable reports,Not publicly confirmed,Not publicly confirmed,Not publicly confirmed,Not publicly confirmed,Project deliverables and repository updates,Public product or technical documentation,"Consortium work packages, Living Lab testing and published selection/guideline processes",Not publicly confirmed,Not publicly confirmed,Climate-smart farming; selected tools include product-based LCA and farm GHG accounting,Not publicly confirmed,Not publicly confirmed,Most resources are broader than LCA; individual tools have different methods and maturity,DECiDE; farm GHG calculators; Product Environmental Footprint,"discovery, demonstration and method/tool comparison",Not publicly confirmed,Not publicly confirmed,Not publicly confirmed,Provides a public route to compare farm MRV/LCA tools and practical deployment evidence,Tool outputs are not directly comparable without boundary and method harmonisation,https://climatefarmdemo.eu/,Not publicly confirmed,"The project documents 1,500 demo farms, 4,500 events, ten Living Labs and a searchable repository of climate-smart farming solutions and tools.",2026-08-22,High,"Stable identifiers, repository export/API, item licences and long-term post-project stewardship","Public metadata verified; no registration, login, purchase or restricted-content access used"
LCA-REP-0006,Cornerstone Sustainability Data Hub,Cornerstone Sustainability Data Initiative,Platform / repository / network,Open hub stewarding core US and global greenhouse-gas datasets and developing a unified global MRIO model from USEEIO and CEDA.,Cornerstone Sustainability Data Initiative,"ERG, Stanford and Watershed-supported initiative",https://cornerstonedata.org/,United States and global supply chains,"Electricity, waste, economy-wide supply chains and Scope 1–3 emissions","Businesses, governments, researchers and data developers","Downloadable emission factors, electricity data, EEIO/MRIO modelling and common open data stewardship",English public documentation,Not publicly confirmed,Live hub; 2025–2026 dataset releases,EF Hub updated 2026-05-26; eGRID 2024 released 2026-03-17,Active,Public downloads via Zenodo and Open CEDA,Dataset-specific open licences,Open,No for public downloads,Multi-institutional stewardship with public technical architecture and community support,Not publicly confirmed,"Emissions Factor Hub, eGRID, Open CEDA and USEEIO releases",Not publicly confirmed,Dataset-specific tabular and model packages,GitHub/community interfaces; no single hub API confirmed,Not publicly confirmed,Not publicly confirmed,Not publicly confirmed,Dataset-level dated releases,Public product or technical documentation,"Maintainer regeneration, public methodology/code and dataset-specific review",Not publicly confirmed,Not publicly confirmed,GHG emission factors and environmentally extended input-output modelling,Not publicly confirmed,Not publicly confirmed,A combined global USEEIO-CEDA model is still under development; assets retain separate scopes and licences,Open CEDA; US Environmentally-Extended Input-Output models; eGRID; Emissions Factor Hub,"stewardship, aggregation and planned unification",Not publicly confirmed,Open tabular/model packages,Not publicly confirmed,Durable open stewardship and explicit model concordance can reduce fragmented Scope 1–3 factor infrastructure,"Sector, currency, base-year and licence differences remain",https://cornerstonedata.org/,Not publicly confirmed,"Cornerstone publicly stewards the EF Hub, eGRID, CEDA and USEEIO and is developing a unified open global MRIO model.",2026-08-22,High,"Legal governance, unified-model release date, persistent identifiers and release-level licences","Public metadata verified; no registration, login, purchase or restricted-content access used"
LCA-SW-0030,DECiDE,DECiDE; DECiDE+,Software / API / tool,"Walloon farm sustainability tool using cradle-to-farm-gate LCA to assess carbon, ammonia, energy and related indicators.",Walloon Agricultural Research Centre (CRA-W),CRA-W,https://www.decide.cra.wallonie.be/,"Wallonia, Belgium",Farm production and agricultural practices,"Farmers, advisers and public authorities","Farm carbon footprinting, ammonia and energy assessment, benchmarking and action planning",French,Not publicly confirmed,Current web application; developed since 2010,Not publicly confirmed,Active,Public documentation; application requires an account,Not publicly confirmed,Free/public-service tool with restricted user access,Required for use; not used,CRA-W public research and regional-policy programme,Not publicly confirmed,"Farm activity data, direct/indirect emissions, production/area indicators and peer benchmarks",Not publicly confirmed,Web application and reports,Not publicly confirmed,Not publicly confirmed,Not publicly confirmed,Not publicly confirmed,Updated models and database; public release register not found,Public product or technical documentation,Benchmarking against more than 200 farms and ongoing model/database updates are described,Not publicly confirmed,Not publicly confirmed,Cradle-to-farm-gate life-cycle assessment,Not publicly confirmed,Not publicly confirmed,Regional agricultural defaults and account-gated operation; exact datasets and LCIA methods not public,Climate Farm Demo; IPCC AFOLU guidance,farm tool and method implementation,Not publicly confirmed,Not publicly confirmed,Not publicly confirmed,Farm-level primary data and scenario testing could complement agricultural LCI platforms,"Regional models, unpublished exchange schema and access controls",https://www.decide.cra.wallonie.be/fr/about,Not publicly confirmed,"CRA-W states that DECiDE applies LCA from raw-material extraction to the farm gate and reports carbon, ammonia and energy indicators with farm benchmarking.",2026-08-22,High,"Current release, data sources, LCIA factors, export format, licence and validation report","Public metadata verified; no registration, login, purchase or restricted-content access used"
LCA-DB-0044,DeforestationFootprint.earth dataset and dashboard,DeDuCE commodity-driven deforestation dataset,Database / dataset,"Open global dataset and dashboard linking commodity production, trade and consumption to deforestation and associated carbon emissions.",Chalmers University of Technology-led DeDuCE team,DeDuCE research team and partners,https://deforestationfootprint.earth/,More than 180 countries,"Agriculture, forestry commodities, trade and consumption","Researchers, journalists, policymakers and companies","Deforestation-risk footprints, land-use-change carbon, trade exposure and consumption accounting",English public documentation,Not publicly confirmed,2.1,2026-03-11,Active; next update announced for September–October 2026,"Public dashboard, Zenodo dataset and GitHub model code",CC BY 4.0 for visualisations; dataset/code release licences apply,Open,No,"Academic model team with documented funders, partners, citations and corrections channel",Not publicly confirmed,"9,300+ country-commodity deforestation/carbon footprints for 2001–2023 plus physical and hybrid trade models",Not publicly confirmed,Zenodo dataset packages and dashboard,Not publicly confirmed,Not publicly confirmed,Zenodo DOI 10.5281/zenodo.18953516,Not publicly confirmed,Versioned Zenodo releases and public changelog,Public product or technical documentation,Integrated Quality Index distinguishes direct satellite attribution from statistical attribution,Not publicly confirmed,Not publicly confirmed,DeDuCE land-use attribution plus physical-trade and hybrid MRIO models,Not publicly confirmed,Not publicly confirmed,National averages cannot prove supplier-level sourcing; physical and hybrid model outputs are complementary and must not be added,GLORIA MRIO; FAOSTAT; Trase,model inputs and supply-chain footprinting,Not publicly confirmed,Downloadable open data and code,Not publicly confirmed,Can add explicit land-use-change risk and quality metadata to food/agriculture LCIs,"Commodity/geography mapping, attribution uncertainty and third-party source licences",https://deforestationfootprint.earth/about,Not publicly confirmed,"The public site documents version 2.1, 180+ commodities, 180+ countries, 2001–2023 coverage, 9,300+ footprints, an IQI quality measure and a Zenodo DOI.",2026-08-22,High,"Dataset-level licence, schema/API and mapping to LCA land-use flows","Public metadata verified; no registration, login, purchase or restricted-content access used"
LCA-NET-0008,Départ de Sentier,DdS,Platform / repository / network,"Swiss nonprofit association supporting open-source LCA software, open data, community governance, training and infrastructure.",Départ de Sentier association,DdS board and staff,https://www.d-d-s.ch/about/,Global community; Swiss legal home,Cross-sector quantitative sustainability assessment and LCA,"Open-source developers, researchers, practitioners and educators","Stewardship of open LCA infrastructure, Brightcon, training, collaboration and public engagement",English public documentation,Not publicly confirmed,Active association founded in 2022,Not publicly confirmed,Active,Public governance and project information; events/courses may have fees,Resource-specific open licences,Open community/nonprofit with mixed event participation terms,No for public information,"Swiss nonprofit; bylaws, reports and financial statements publicly version-controlled",Not publicly confirmed,"Governance, community programmes, open-source projects and data/platform initiatives",Not publicly confirmed,Web resources and public repositories,Not applicable at association level,Not publicly confirmed,Not publicly confirmed,Not publicly confirmed,Version-controlled governance documents and project releases,Public product or technical documentation,Transparent association governance and open-source review processes,Not publicly confirmed,Not publicly confirmed,LCA-based quantitative sustainability assessment,Not publicly confirmed,Not publicly confirmed,"The association is a governance/network asset, not a database or calculation method",Brightway; Sentier Platform; Brightcon,"governance, stewardship and community support",Not publicly confirmed,Through supported projects,Not publicly confirmed,Provides a neutral nonprofit home for open LCA infrastructure,Project-specific stewardship and funding commitments vary,https://www.d-d-s.ch/about/,Not publicly confirmed,"DdS identifies itself as a Swiss nonprofit advancing LCA-based assessment through open-source tools, data and transparent governance.",2026-08-22,High,Long-term funding and formal stewardship commitments for each project,"Public metadata verified; no registration, login, purchase or restricted-content access used"
LCA-PLT-0006,Sentier Platform,Sentier open LCI infrastructure,Platform / repository / network,"Developing open infrastructure for constructing, publishing, sharing and maintaining traceable life-cycle inventory data and models.",Départ de Sentier,DdS platform and data engineering team,https://www.d-d-s.ch/about/sentier-platform.html,Global technical scope,Cross-sector LCI data and models,"LCI data providers, model developers, database maintainers and researchers","Vocabulary alignment, source ingestion, dynamic inventory modelling, validation, publication and feedback",English public documentation,Not publicly confirmed,Early implementation/development stage,Not publicly confirmed,Active development,"Public concept, repositories and first vocabulary implementation",Component-specific open licences; not fully catalogued,Open-source/open-data infrastructure in development,No for public repositories,Maintained by Départ de Sentier,Not publicly confirmed,"Semantic vocabularies, source data, models, inventories and validation records",Not publicly confirmed,OWL/RDF vocabulary interfaces and GeoParquet-oriented data pipelines are publicly described,Planned/implemented modular APIs and pipelines; complete public specification pending,Not publicly confirmed,Not publicly confirmed,Not publicly confirmed,"Version-controlled code, vocabularies and models",Public product or technical documentation,"Human/automated validation, cross-checking and reproducible model pipelines are design goals",Not publicly confirmed,Not publicly confirmed,Model-based LCI generation with separation of source data and models,Not publicly confirmed,Not publicly confirmed,"Platform is still evolving; stable schema, API, release and conformance details are incomplete",Départ de Sentier; Brightway; Sentier vocabulary,governed technical infrastructure,Not publicly confirmed,Brightway ecosystem and open data-science formats are intended,Not publicly confirmed,"Could support maintainable, traceable and dynamically regenerated LCI datasets",Early maturity and incomplete stable specifications,https://www.d-d-s.ch/about/sentier-platform.html ; https://vocab.sentier.dev,Not publicly confirmed,"DdS describes Sentier as open infrastructure for findable, traceable, maintainable and interoperable LCI data, with separate data/models and shared vocabularies.",2026-08-22,Medium,"Stable release, schema, API, licences, conformance tests and production deployments","Public metadata verified; no registration, login, purchase or restricted-content access used"
LCA-DB-0045,FOODTURE European Food LCI Database,FOODTURE LCI framework; FOODTURE food database,Database / dataset,"In-development open, harmonized European food LCI infrastructure targeting about 8,000 farm-to-shelf datasets.",FOODTURE Horizon Europe consortium,WP1 led by ADEME within the FOODTURE consortium,https://foodture-project.eu/,European food market with selected imported systems and Latin American cases,"Agriculture, aquaculture, fisheries, processed foods, packaging, transport and consumption","Farmers, businesses, policymakers and researchers","Food LCA, PEF-aligned inventories, eco-design, impact assessment and policy",English public documentation,Not publicly confirmed,In development during 2025–2028 project,Not publicly confirmed,Active development; complete public release not yet confirmed,Public project information; future outputs described as open access,Future dataset licence not yet publicly confirmed,Planned open-access database,No for public project information,EU-funded 17-partner consortium; WP1 data work led by ADEME,Not publicly confirmed,"Planned ~8,000 whole-value-chain food LCIs covering at least 80% of consumed products",Not publicly confirmed,Not yet publicly confirmed,Not yet publicly confirmed,Not publicly confirmed,Not publicly confirmed,Not publicly confirmed,Project deliverables and future releases,Public product or technical documentation,"Stakeholder consultation, method harmonisation and multi-sector case-study validation are planned",Not publicly confirmed,Not publicly confirmed,PEF-aligned food LCI with spatialized data and enhanced LCIA,Not publicly confirmed,Not publicly confirmed,"Target counts and openness are project commitments, not a completed verified release",AGRIBALYSE; ecoinvent database; Product Environmental Footprint method; Means InOut,planned integration and expansion,Not publicly confirmed,Not yet publicly confirmed,Not publicly confirmed,Could materially expand regionalized food-process coverage and biodiversity/land-use detail,"Release schema, licence, validation and long-term stewardship remain unresolved",https://foodture-project.eu/work-packages/ ; https://foodture-project.eu/about/,Not publicly confirmed,"FOODTURE states that WP1 will build about 8,000 harmonized food LCIs covering at least 80% of the European food market and align them with PEF.",2026-08-22,Medium,"First public release, licence, identifiers, schema/API, review protocol and post-project custodian","Public metadata verified; no registration, login, purchase or restricted-content access used"
LCA-NET-0009,Forum for Sustainability through Life Cycle Innovation,FSLCI,Platform / repository / network,"Global membership and knowledge network promoting life-cycle innovation, literacy, exchange and collaboration.",Forum for Sustainability through Life Cycle Innovation e.V.,FSLCI secretariat and member community,https://fslci.org/,Global,Cross-sector life-cycle innovation,"Business, industry, NGOs, academia and policymakers","Community exchange, expert discovery, working groups, conferences, training and knowledge resources",English public documentation,Not publicly confirmed,Active 2026 community platform,Not publicly confirmed,Active,Public website/resources; membership and some programmes are fee-based,Resource-specific terms,Mixed public and membership-based,Required for community-platform participation; not used,Registered association with member and working-group structures,Not publicly confirmed,"Online platform, map, jobs, working groups, events, hub, webinars and project support",Not publicly confirmed,Web platform and publications,Not publicly confirmed,Not publicly confirmed,Not publicly confirmed,Not publicly confirmed,Event/resource updates,Public product or technical documentation,Community and working-group processes; not a data-validation authority,Not publicly confirmed,Not publicly confirmed,Life-cycle innovation and literacy,Not publicly confirmed,Not publicly confirmed,FSLCI states a community role; it is not a primary LCI database or method developer,MarILCA; Life Cycle Initiative; regional LCA networks,community and knowledge exchange,Not publicly confirmed,Not applicable,Not publicly confirmed,"Can support expert review, stewardship and global stakeholder reach",Member participation and platform access differ from open technical infrastructure,https://fslci.org/,Not publicly confirmed,"FSLCI describes a global life-cycle community with an online platform, interactive map, working groups, conferences, training and a knowledge hub.",2026-08-22,High,"Public membership/governance records, platform export/API and long-term archive","Public metadata verified; no registration, login, purchase or restricted-content access used"
LCA-REP-0007,AssessCCUS,AssessCCUS LCA and TEA repository,Platform / repository / network,"Public repository of life-cycle and techno-economic assessment resources for carbon capture, utilization and storage technologies.",International CCU Assessment Harmonization Group,"Global CO2 Initiative, University of Michigan",https://assessccus.globalco2initiative.org/,Global,"Carbon capture, utilization and storage","Researchers, technology developers, funders and LCA/TEA practitioners","LCA/TEA guidance, templates, database discovery, case studies, training and early-stage assessment",English public documentation,Not publicly confirmed,Live 2026 repository,Not publicly confirmed,Active,Public web repository and downloadable guidance/templates,Item-specific publication and tool licences,Open public resources with source-specific terms,No,International harmonization group; hosted and maintained by the Global CO2 Initiative at the University of Michigan,Not publicly confirmed,"LCA/TEA process guidance, templates, videos, database lists, glossaries, case studies and calculator links",Not publicly confirmed,"Web pages, PDFs, videos and spreadsheets",Not publicly confirmed,Not publicly confirmed,Not publicly confirmed,Not publicly confirmed,Resource-specific releases,Public product or technical documentation,International harmonization collaboration and source-specific review,Not publicly confirmed,Not publicly confirmed,LCA and TEA of CCUS technologies,Not publicly confirmed,Not publicly confirmed,The database page is a curated directory rather than one harmonized dataset; template estimates are screening-level,ESTIMATe; ecoinvent database; Global CO2 Initiative guidelines,"hosts, curates and guides",Not publicly confirmed,Spreadsheet templates and external databases,Not publicly confirmed,"A sector gateway can align guidance, templates, data discovery and early-stage assessment",Heterogeneous external sources and no common machine-readable catalogue confirmed,https://assessccus.globalco2initiative.org/,Not publicly confirmed,"AssessCCUS identifies itself as a leading repository for CCUS LCA and TEA resources, created by the international harmonization group and maintained by the University of Michigan initiative.",2026-08-22,High,"Catalogue export, persistent identifiers, update policy and item-level licences","Public metadata verified; no registration, login, purchase or restricted-content access used"
LCA-SW-0031,ESTIMATe,Early-stage CCU LCA Excel tool,Software / API / tool,"Open-source Excel tool for early-stage LCA of carbon-capture-and-utilization chemicals, using estimation methods to fill data gaps.",RWTH Aachen University and collaborators,Institute of Technical Thermodynamics at RWTH Aachen University and collaborators,https://assessccus.globalco2initiative.org/lca/templates-and-videos/,Global technology-assessment scope,CCU chemicals and emerging carbon-management technologies,Technology developers and non-LCA experts,"Screening LCA, hotspot identification and progressive refinement of early-stage chemical processes",English public documentation,Not publicly confirmed,Public Zenodo release; exact current version requires capture,Not publicly confirmed,Available,Public tool metadata and Zenodo download; ecoinvent data supplied separately,Open-source tool licence; ecoinvent licence required for background data,Open tool with licensed-data dependency,No for public metadata/Zenodo,Academic/industry collaboration,Not publicly confirmed,"Excel calculations, estimation models, tutorial and plots",Not publicly confirmed,Microsoft Excel,No,Not publicly confirmed,Not publicly confirmed,Not publicly confirmed,Zenodo releases,Public product or technical documentation,Manual/tutorial and method publication; screening estimates intended for refinement,Not publicly confirmed,Not publicly confirmed,Early-stage life-cycle assessment,Not publicly confirmed,Not publicly confirmed,Order-of-magnitude screening; ecoinvent licence required; results depend on sparse early-stage inputs,AssessCCUS; ecoinvent database,hosted tool and background-data dependency,Not publicly confirmed,Excel and imported ecoinvent data,Not publicly confirmed,Provides a transparent bridge from reaction equations to early LCI estimates,Licensed background data and high uncertainty in estimated inventories,https://assessccus.globalco2initiative.org/lca/templates-and-videos/,Not publicly confirmed,"AssessCCUS describes ESTIMATe as an open-source Excel tool that starts from a basic reaction equation, fills early data gaps and uses licensed ecoinvent data for impacts.",2026-08-22,Medium,"Current Zenodo DOI/version, code licence, supported ecoinvent releases and validation cases","Public metadata verified; no registration, login, purchase or restricted-content access used"
LCA-MTH-0018,Green Carbon Cycle conceptual framework,GCC framework,Method / guidance (incl. LCIA),Conceptual LCA framework for distinguishing the managed biogenic carbon cycle and evaluating biogenic-carbon accounting approaches.,Framework authors,Scientific publication and author community,https://doi.org/10.1007/s11367-025-02469-0,Global methodological scope,"Biogenic products, forestry, agriculture and bioenergy",LCA method developers and practitioners,Interpretation and selection of biogenic-carbon accounting approaches,English public documentation,Not publicly confirmed,Published 2025,2025-06-25,Published conceptual framework,Open-access peer-reviewed article,Article licence stated by publisher,Open publication,No,Author-proposed scientific framework; no formal standards body governance,Not publicly confirmed,"Conceptual green-carbon subcycle, method comparison and decision matrix",Not publicly confirmed,Peer-reviewed article and figures,Not applicable,Not publicly confirmed,Not publicly confirmed,Not publicly confirmed,Publication-based; no maintained release series confirmed,Public product or technical documentation,"Peer review and comparison with dynamic LCA, GWPbio and -1/+1 approaches",Not publicly confirmed,Not publicly confirmed,Biogenic carbon accounting within LCA,Not publicly confirmed,Not publicly confirmed,Conceptual framework rather than a standardized calculation package; adoption and implementation are not established,Dynamic LCA; GWPbio; IPCC GWP,method comparison and conceptual alignment,Not publicly confirmed,Requires implementation in specific LCIA/LCA tools,Not publicly confirmed,Can make biogenic-carbon assumptions and temporal logic more explicit,"No canonical factors, software implementation or formal governance confirmed",https://doi.org/10.1007/s11367-025-02469-0,Not publicly confirmed,The 2025 open-access paper introduces the Green Carbon Cycle as a conceptual framework and decision aid for comparing biogenic-carbon accounting methods in LCA.,2026-08-22,Medium,"Maintained implementation, factor sets, uptake and relation to standards","Public metadata verified; no registration, login, purchase or restricted-content access used"
LCA-SW-0032,Green Gold Label GHG Tool,GGL GHG Tool,Software / API / tool,Excel-based calculator for greenhouse-gas emissions across certified biomass supply chains under GGL requirements.,Green Gold Label Foundation,Green Gold Label Foundation with studio Gear Up,https://greengoldlabel.com/ghg-tool,European RED and Japanese FIT/FIP markets; wider biomass supply chains,"Biomass production, processing, storage, logistics and energy conversion","Biomass suppliers, operators and certification bodies","Supply-chain GHG calculation, scenario comparison and certification documentation",English public documentation,Not publicly confirmed,Latest version supplied by GGL,Not publicly confirmed,Active,Free download link after valid-email registration,GGL tool terms and conditions,Free but registration- and terms-gated,Valid email required; not submitted,Part of the GGL certification scheme,Not publicly confirmed,"Default values, actual-data calculations and macro-enabled results in gCO2e/MJ",Not publicly confirmed,Macro-enabled Microsoft Excel,No,Not publicly confirmed,Not publicly confirmed,Not publicly confirmed,Latest-tool and current-guidance requirement,Public product or technical documentation,Calculations must be independently verified by an approved certification body under ISO 14065,Not publicly confirmed,Not publicly confirmed,GGL GHG Guidance aligned with applicable RED/FIT/FIP requirements,Not publicly confirmed,Not publicly confirmed,GHG-only and certification-scheme-specific; tool does not replace certification,GGL certification scheme; ISO 14065; EU RED,method implementation and verification workflow,Not publicly confirmed,Windows/macOS spreadsheet use,Not publicly confirmed,Could supply transparent biomass-chain calculation templates and verified records,"Registration, macros, scheme terms and regulatory-version dependency",https://greengoldlabel.com/ghg-tool,Not publicly confirmed,"GGL documents a free Excel tool covering biomass production through energy conversion, with mandatory independent verification under its certification rules and ISO 14065.",2026-08-22,High,"Exact tool version, calculation-file licence, export schema and full factor provenance","Public metadata verified; no registration, login, purchase or restricted-content access used"
LCA-NET-0010,GreenGrocer project,GREENGROCER,Platform / repository / network,"Horizon Europe research network strengthening interoperable, FAIR and PEF-aligned food-footprint data platforms and tools.",GreenGrocer consortium,22-partner consortium,https://greengrocer-project.eu/,11 European countries with global food-supply-chain scope,"Food production, trade, diets, marine foods, cold chains and novel foods","Food-data providers, farmers, industry, regulators and researchers","Improve existing platforms, fill footprint blind spots, standardize stressor accounts and deploy tools",English public documentation,Not publicly confirmed,Horizon Europe project 101182025,2025-09 to 2029-08,Active research and innovation project,Public project information; output-level access will vary,Project/output-specific terms; open-science goals stated,Public project with planned FAIR/open outputs,No for public information,EU/Swiss co-funded consortium,Not publicly confirmed,"Data-platform improvements, PEF-compliant database work, methods, AI dissemination and farm deployments",Not publicly confirmed,Future deliverables and updated external platforms,Not yet publicly confirmed,Not publicly confirmed,Not publicly confirmed,Not publicly confirmed,Project work packages and deliverables,Public product or technical documentation,"Scientific consortium, platform-provider engagement, FAIR/PEF assessment and field trials",Not publicly confirmed,Not publicly confirmed,"LCA, MRIO, material-flow analysis and PEF-aligned food footprints",Not publicly confirmed,Not publicly confirmed,"Many outputs are planned improvements to distinct existing assets, not one released database",HESTIA Data Platform; EXIOBASE 3; Trase; Eora; Cool Farm Tool,"funds, coordinates and improves",Not publicly confirmed,Data standardisation and interoperability are explicit objectives,Not publicly confirmed,Cross-model food-footprint harmonisation and open-data upgrades,"Asset ownership, licences and release schedules remain with participating platforms",https://greengrocer-project.eu/project/about,Not publicly confirmed,"GreenGrocer states that it will strengthen HESTIA, Trase, Eora, EXIOBASE and Cool Farm Tool, improve FAIRness/PEF compliance and standardize data for LCA/MRIO/MFA use.",2026-08-22,Medium,"Named deliverables, public data releases, licences, schema and long-term ownership","Public metadata verified; no registration, login, purchase or restricted-content access used"
LCA-MTH-0019,2019 Refinement to the 2006 IPCC Guidelines — Volume 4 AFOLU,IPCC 2019 Refinement Volume 4; AFOLU Guidelines,Method / guidance (incl. LCIA),"Authoritative national greenhouse-gas inventory guidance and calculation resources for agriculture, forestry and other land use.",Intergovernmental Panel on Climate Change,IPCC Task Force on National Greenhouse Gas Inventories,https://www.ipcc-nggip.iges.or.jp/public/2019rf/vol4.html,Global national-inventory scope,"Agriculture, forestry, land use, soils, livestock and manure","National inventory compilers, policymakers and model developers",GHG inventory estimation and provision of agricultural/land-use emission parameters,English public documentation,Not publicly confirmed,2019 Refinement with corrected chapters through July 2023,2019; corrections noted through 2023,Current IPCC inventory guidance pending future revisions,"Public chapters, worksheets and spreadsheets",IPCC publication terms,Open public guidance,No,IPCC assessment and government/expert review process,Not publicly confirmed,"Methods, equations, emission factors, worksheets and supplemental tables",Not publicly confirmed,PDF and Excel,No,Not publicly confirmed,Not publicly confirmed,Not publicly confirmed,"Guideline editions, refinements and corrected chapters",Public product or technical documentation,"IPCC multi-stage author, expert and government review",Not publicly confirmed,Not publicly confirmed,National greenhouse-gas inventories,Not publicly confirmed,Not publicly confirmed,Not an LCIA method and not product-LCA guidance; use in LCA requires transparent adaptation of boundaries and allocation,IPCC AR6 GWP characterization factors; DECiDE; agricultural LCI databases,adjacent emission-inventory method and parameter source,Not publicly confirmed,Spreadsheets and manual implementation,Not publicly confirmed,Transparent factor provenance can strengthen agricultural LCI models,National-inventory boundaries and tiers differ from product-system LCA,https://www.ipcc-nggip.iges.or.jp/public/2019rf/vol4.html,Not publicly confirmed,"IPCC publishes the 2019 Refinement Volume 4 for AFOLU with public chapters, worksheets and calculation spreadsheets, including managed-soil and livestock emissions.",2026-08-22,High,Which LCA databases implement which tiers/factors and how corrections propagate,"Public metadata verified; no registration, login, purchase or restricted-content access used"
LCA-NET-0011,LIFE ECO FOOD CHOICE,LIFE Environmental Data and Ecolabelling for Sustainable Food Choice,Platform / repository / network,"European project developing harmonized food-LCI, environmental-score and ecolabelling methods and testing them with consumers and farmers.",European LIFE programme consortium,ADEME-led nine-partner consortium,https://affichage-environnemental.ademe.fr/secteur-alimentaire/le-projet-europeen-life-eco-food-choice,"France, Germany, Netherlands and Spain with European harmonisation objective","Food products, diets and environmental labelling","Public authorities, database developers, retailers, farmers, consumers and researchers","Harmonized food LCI methodology, score aggregation, cross-country extrapolation and label trials",English public documentation,Not publicly confirmed,Active project 2023–2028,Not publicly confirmed,Active,Public project pages and deliverables,Deliverable-specific terms,Public project outputs; some reports have reuse restrictions,No for public pages/reports,ADEME-led EU LIFE consortium,Not publicly confirmed,"LCI methodology, extrapolation guide, ecolabel review, score method and pilot evidence",Not publicly confirmed,Reports and future method/data outputs,Not publicly confirmed,Not publicly confirmed,Not publicly confirmed,Not publicly confirmed,Project deliverables and beta/final method releases,Public product or technical documentation,"Consortium method development, stakeholder consultation and field experimentation",Not publicly confirmed,Not publicly confirmed,PEF-informed food LCA and environmental-score aggregation,Not publicly confirmed,Not publicly confirmed,Harmonized system is still under development and not yet an adopted EU standard,AGRIBALYSE; Product Environmental Footprint method; FOODTURE European Food LCI Database,method harmonisation and documented collaboration,Not publicly confirmed,Cross-country database extrapolation is an explicit workstream,Not publicly confirmed,Could provide an umbrella food-LCI rule set and consumer-facing score bridge,"National data differences, aggregation choices and policy adoption remain unresolved",https://affichage-environnemental.ademe.fr/secteur-alimentaire/le-projet-europeen-life-eco-food-choice,Not publicly confirmed,"ADEME describes an EU LIFE project harmonizing food LCI and environmental-score methods, testing labels in four countries and publishing open project deliverables.",2026-08-22,Medium,"Final method release, licence, governance after 2028, dataset identifiers and adoption pathway","Public metadata verified; no registration, login, purchase or restricted-content access used"
LCA-SW-0033,MApper,Mapping sustainability across value chains,Software / API / tool,In-development research initiative intended to operationalize systematic environmental-impact and absolute-sustainability mapping across value chains.,Leonardo Ferhati,Independent research initiative,https://mapper.leonardoferhati.com/,Not publicly confirmed,"Complex systems, value chains, energy and mobility research",Researchers and sustainability analysts,Value-chain impact mapping and absolute environmental sustainability assessment,English public documentation,Not publicly confirmed,In development; public page states estimated Q3 2026,Not publicly confirmed,Pre-release/in development,Public descriptive metadata; access request required for use,Not publicly confirmed,Not publicly confirmed,Request access; not submitted,Solo research initiative linked to PhD research,Not publicly confirmed,Not publicly confirmed beyond planned impact mapping,Not publicly confirmed,Not publicly confirmed,Not publicly confirmed,Not publicly confirmed,Not publicly confirmed,Not publicly confirmed,Not publicly confirmed,Public product or technical documentation,Not publicly confirmed,Not publicly confirmed,Not publicly confirmed,LCA and absolute environmental sustainability assessment are stated foundations,Not publicly confirmed,Not publicly confirmed,"No publicly usable release, documentation, schema, data sources or validation evidence found",Absolute environmental sustainability assessment methods,planned method implementation,Not publicly confirmed,Not publicly confirmed,Not publicly confirmed,Could link value-chain LCA results to absolute sustainability thresholds,Pre-release status and lack of public technical evidence,https://www.leonardoferhati.com/,Not publicly confirmed,"The public project profile describes MApper as an in-development initiative for systematic environmental-impact mapping across value chains, grounded in LCA and absolute sustainability research.",2026-08-22,Low,"Release, ownership, functionality, method, data, licence, API/export and validation","Public metadata verified; no registration, login, purchase or restricted-content access used"
LCA-MTH-0020,Product Material Footprint method and characterization factors,PMF; Product Material Footprint LCIA method,Method / guidance (incl. LCIA),Life-cycle impact assessment method and open factor dataset for Raw Material Input and Total Material Requirement indicators.,University of Kassel authors / BBSR-funded project,Kassel Institute for Sustainability data repository,https://daks.uni-kassel.de/entities/dataset/e52ab165-27c0-4864-9acd-c3ae6ebb80ee,General/global characterization with German building-data application,"Materials, products and construction/ÖKOBAUDAT","LCA practitioners, resource-efficiency researchers and building-data developers",Calculate RMI and TMR material-footprint indicators in LCA,English public documentation,Not publicly confirmed,Repository version 2,2025-01-27,Published and publicly available,Public metadata and XLSX factor file,CC BY 4.0,Open,No for public metadata/file,Research dataset with DOI in University of Kassel repository,Not publicly confirmed,Abiotic and biotic characterization factors for RMI and TMR,Not publicly confirmed,XLSX,Repository metadata interface; no calculation API,Not publicly confirmed,DOI 10.48662/daks-51.2,Not publicly confirmed,Repository version history,Public product or technical documentation,Peer-reviewed methodological papers and funded project report; record-level factor validation requires review,Not publicly confirmed,Not publicly confirmed,Product Material Footprint LCIA,Not publicly confirmed,Not publicly confirmed,Resource-use indicators do not represent a complete multi-impact LCIA; characterization coverage and implementation choices require documentation,ÖKOBAUDAT; material-footprint accounting,method/factor implementation,Not publicly confirmed,Spreadsheet factors can be implemented in LCA software after flow mapping,Not publicly confirmed,Adds material-demand indicators to standard LCI workflows,Elementary-flow mapping and biotic/abiotic coverage must be validated,https://daks.uni-kassel.de/entities/dataset/e52ab165-27c0-4864-9acd-c3ae6ebb80ee,Not publicly confirmed,The DaKS record publishes CC BY 4.0 XLSX characterization factors for RMI and TMR under the Product Material Footprint LCIA method with DOI and version history.,2026-08-22,High,"Flow-list mapping, software implementations, uncertainty and method maintenance","Public metadata verified; no registration, login, purchase or restricted-content access used"
LCA-SW-0034,MATILDA,Micro–Macro Assessment Tool to Identify Low-impact Dietary Actions,Software / API / tool,Open dietary-footprint model and dashboard linking individual diets to national populations and global food supply chains.,MATILDA research team,Academic author team,https://matilda.food/,165 countries; underlying trade model covers 187 regions,"Food consumption, diets and agricultural supply chains","Researchers, public-health and sustainability analysts, policymakers","Compare diet-related climate, land and water footprints, diet quality, cost and socio-demographic inequality",English public documentation,Not publicly confirmed,2026 publication/data release,2026,Active public model and data portal,Public dashboard and open Zenodo data,Zenodo release licence; exact version terms require capture,Open data,No,Academic research project with cited Nature Food publication,Not publicly confirmed,"Per-capita footprints for 72 subgroups, food-group intensities and diet-quality scores",Not publicly confirmed,Zenodo dataset packages and web dashboard,Not publicly confirmed,Not publicly confirmed,Publication DOI 10.1038/s43016-026-01389-y; Zenodo community/release,Not publicly confirmed,Research-data releases,Public product or technical documentation,Published uncertainty analysis using Latin hypercube sampling and peer review,Not publicly confirmed,Not publicly confirmed,FABIO MRIO-based food supply-chain footprints linked to GDD and GLOPOP-S,Not publicly confirmed,Not publicly confirmed,Three environmental footprints only; source datasets are around 2015–2018 and subgroup estimates are modelled,FABIO; Global Dietary Database; GLOPOP-S,model/data integration,Not publicly confirmed,Open dataset download,Not publicly confirmed,Adds socio-demographic and trade-linked dietary footprint resolution,"Crosswalks among food classifications, years and national averages",https://matilda.food/,Not publicly confirmed,"MATILDA publicly reports climate, water and land footprints for 72 socio-demographic subgroups across 165 countries and provides the underlying database through Zenodo.",2026-08-22,High,"Zenodo version/licence, full schema, update cadence and reproducible code","Public metadata verified; no registration, login, purchase or restricted-content access used"
LCA-NOM-0011,Minimal LCA Ontology Pattern,LCAPattern; minimal ontology pattern for LCA data,Nomenclature / classification,"Published ontology design pattern representing core LCA/LCI concepts such as flows, activities, agents and products.",Ontology-pattern authors,No current maintainer publicly confirmed,https://2-0-lca.com/publications/show/a-minimal-ontology-pattern-for-life-cycle-assessment-data/,Global semantic scope,Cross-sector LCA/LCI data,"Ontology engineers, LCA data-model developers and researchers","Semantic description, integration and reproducibility of heterogeneous LCI data",English public documentation,Not publicly confirmed,1.0 OWL pattern referenced in 2015 publication,2015-09-02,Published research artefact; current maintenance not confirmed,Public article/PDF; original OWL endpoint may be unstable,Not publicly confirmed for ontology file,Public research description; artefact licence unclear,No,Multi-author research output; no standards-body stewardship,Not publicly confirmed,"Classes and relationships for flows, activities, agents, products and properties",Not publicly confirmed,OWL/RDF ontology pattern,No maintained API confirmed,Not publicly confirmed,Original ontology URI referenced in publication,Not publicly confirmed,Version 1.0 reference; no current release register found,Public product or technical documentation,Competency-question-driven ontology design and workshop peer review,Not publicly confirmed,Not publicly confirmed,Ontology design pattern for semantic interoperability,Not publicly confirmed,Not publicly confirmed,"Minimal scope, legacy endpoint and no confirmed active maintenance or adoption profile",BONSAI Core Ontology; LCA Ontology; ILCD Data Format; ecoSpold2,semantic complement and potential mapping,Not publicly confirmed,OWL/RDF tools,Not publicly confirmed,Could provide a small common semantic core across syntactic LCA formats,"Legacy URI persistence, limited domain coverage and absent conformance tests",https://2-0-lca.com/publications/show/a-minimal-ontology-pattern-for-life-cycle-assessment-data/ ; https://people.geog.ucsb.edu/~jano/LCA_pattern.pdf,Not publicly confirmed,"The 2015 publication presents a minimal ontology pattern for LCA/LCI flows, activities, agents and products to address semantic gaps left by exchange formats.",2026-08-22,Medium,"Current ontology file, licence, maintainer, mappings and real-world deployments","Public metadata verified; no registration, login, purchase or restricted-content access used"
LCA-REP-0008,Open Sustainable Technology,OpenSustain.Tech; open-sustainable-technology,Platform / repository / network,"Open, community-maintained directory and analysis of open-source sustainability projects, including a dedicated LCA section.",Open Sustainable Technology community,protontypes/open-sustainable-technology maintainers and contributors,https://opensustain.tech/,Global,"Climate, energy, industrial ecology, biodiversity and natural resources","Researchers, developers, funders and sustainability practitioners","Discovery, comparison and ecosystem analysis of open-source sustainability software and data",English public documentation,Not publicly confirmed,Continuously maintained directory; active 2026 commits,Not publicly confirmed,Active,"Public website, GitHub repository and spreadsheet",CC BY 4.0 for directory content,Open,No,Public GitHub contribution and review workflow,Not publicly confirmed,"Curated project records, categories, organisations, analytics and education links",Not publicly confirmed,"Markdown/web pages, CSV/spreadsheet and repository files",No dedicated public API confirmed,Not publicly confirmed,Not publicly confirmed,Not publicly confirmed,Git history and continuous site builds,Public product or technical documentation,"Published inclusion guidance, contributor review and automated link-maintenance work",Not publicly confirmed,Not publicly confirmed,Open-source ecosystem classification,Not publicly confirmed,Not publicly confirmed,Discovery catalogue rather than an authoritative LCA registry; inclusion and metadata depth vary,Brightway; openLCA; Federal LCA Commons; GLAD; many open LCA tools,discovery and aggregation,Not publicly confirmed,Public tabular/repository data,Not publicly confirmed,Useful seed list for recurring open-source LCA asset discovery,"Catalogue completeness, identity resolution and upstream metadata freshness",https://opensustain.tech/ ; https://github.com/protontypes/open-sustainable-technology,Not publicly confirmed,The public CC BY directory contains a dedicated LCA section and is maintained through an open GitHub contribution workflow with thousands of sustainability projects.,2026-08-22,High,"Stable record identifiers, export schema, deduplication and archival policy","Public metadata verified; no registration, login, purchase or restricted-content access used"
LCA-NOM-0012,PO2/TransformON,TRANSFORMON; Process and Observation ontology / TransformON,Nomenclature / classification,"Open domain ontology for representing food, feed, bioproduct and biowaste transformation and characterization processes.",INRAE,INRAE ontology team and Recherche Data Gouv/AgroPortal,https://agroportal.eu/ontologies/TRANSFORMON,Global semantic scope,"Food, feed, bioproducts, biomass waste and process engineering","Data integrators, ontology engineers, food-process researchers and LCI developers","Semantic annotation and integration of transformation processes, observations and product characteristics",English public documentation,Not publicly confirmed,AgroPortal submission updated 2026-08-14; repository dataset version 28.0 listed,Latest public submission 2026-08-14,Active,Public browsing and downloadable OWL/Turtle dataset,Etalab Open Licence 2.0,Open,No for public browsing/download,INRAE-maintained ontology published through Recherche Data Gouv and AgroPortal,Not publicly confirmed,"More than 10,000 classes plus properties/individuals in current portal metrics",Not publicly confirmed,"OWL2, RDF/Turtle and SKOS",AgroPortal APIs/SPARQL and linked-data endpoints,Not publicly confirmed,Persistent ontology URI and DOI 10.57745/DWX7W6,Not publicly confirmed,Versioned data-repository releases and portal submissions,Public product or technical documentation,"Competency questions, ontology-engineering methodology, machine queries and peer-reviewed publication",Not publicly confirmed,Not publicly confirmed,"PO2 core model aligned with BFO, SOSA/SSN, Time Ontology and QUDT",Not publicly confirmed,Not publicly confirmed,Not LCA-specific; mapping to LCI exchanges and product systems must be designed and validated,AgroPortal; QUDT; SSN/SOSA; food LCI schemas,semantic vocabulary and potential process mapping,Not publicly confirmed,OWL/RDF/SKOS and SPARQL,Not publicly confirmed,Can enrich food-process LCIs with explicit transformation and observation semantics,"Large domain ontology, version coordination and non-LCA-native modelling assumptions",https://agroportal.eu/ontologies/TRANSFORMON ; https://entrepot.recherche.data.gouv.fr/dataset.xhtml?persistentId=doi:10.57745/DWX7W6,Not publicly confirmed,"AgroPortal and Recherche Data Gouv document an active INRAE OWL ontology for food/bioproduct transformation processes with public versions, DOI, licence and machine-readable files.",2026-08-22,High,"Canonical current version, mappings to HESTIA/ILCD/ecoSpold and conformance guidance","Public metadata verified; no registration, login, purchase or restricted-content access used"
LCA-REP-0009,product impact,pi; Product Impact EPD platform,Platform / repository / network,"Public-facing platform that digitizes, validates, organizes and visualizes verified environmental product declarations and their PCRs.",product impact team,productimpact.info,https://productimpact.info/,Current public page reports 17 countries,Construction/materials and expanding product sectors; current records include textiles/apparel examples,"Sustainability professionals, product designers, purchasers and the public","EPD/PCR discovery, filtering, comparison, source tracing and digital data reuse",English public documentation,Not publicly confirmed,Live beta platform,Not publicly confirmed,Active beta,Public website and beta invitation,Source EPD/PCR and platform terms apply,Public discovery interface; reuse rights not fully confirmed,No for public overview; beta participation may require joining,Independent platform collaborating with sector experts and verification partners,Not publicly confirmed,"Public page reports 1,765 EPDs, 46 brands, 28 plants and 17 countries",Not publicly confirmed,Digitized EPD/PCR records and web tables/visualisations,Not publicly confirmed,Not publicly confirmed,Not publicly confirmed,Not publicly confirmed,Live platform; record-level version handling not publicly documented,Public product or technical documentation,"Uses verified EPD sources, PCR linkage, data validation and source links; platform validation rules not published",Not publicly confirmed,Not publicly confirmed,EPD/PCR-based life-cycle impact disclosure,Not publicly confirmed,Not publicly confirmed,"Coverage is selective and beta; EPD comparability depends on PCR, geography, validity and modelling rules",EPD programme repositories; PCRs; CarbonGraph; Smart EPD,"aggregation, digitisation and source linking",Not publicly confirmed,Digital schemas are described in a pilot; public export/API not confirmed,Not publicly confirmed,Makes verified product impacts more discoverable and may support cross-platform digital EPD exchange,"Upstream declaration rights, heterogeneous PCRs and absent public API/schema",https://productimpact.info/ ; https://productimpact.info/case-study/rain-jacket,Not publicly confirmed,"The live site states that pi collects verified EPDs and PCRs, digitizes and validates them, links back to sources and currently presents 1,765 EPDs from 17 countries.",2026-08-22,Medium,"Owner/legal entity, export/API, data model, licence, update cadence, deduplication and validation rules","Public metadata verified; no registration, login, purchase or restricted-content access used"
LCA-DB-0046,HiQLCD,HiQ Life Cycle Inventory Database of China; HiQ LCA Data Platform,Database / dataset,"China-specific life-cycle inventory database and data platform for product footprints, EPDs, supply-chain analysis and ecodesign.","Shanghai HiQ Smart Data Co., Ltd.",HiQ Data,https://www.hiq.earth/,China; intended for international LCA and compliance use,"25+ major industries, including energy, materials, manufacturing, construction, transport and waste","LCA practitioners, manufacturers, supply-chain and EPD teams","Chinese LCI, product carbon footprints, EPD development, Scope 3 and ecodesign",English public documentation,Not publicly confirmed,Live platform; public release identifier not confirmed,Not publicly confirmed,Active,Public catalogue and descriptive pages; detailed data access conditions vary,Not publicly confirmed at dataset level,Mixed/public metadata; database terms not fully confirmed,Public pages do not require registration; database-use conditions require confirmation,Provider-maintained database developed with industry and academic experts,Not publicly confirmed,China-specific LCI datasets and environmental-impact information,Not publicly confirmed,ILCD-aligned data stated; exact export formats not publicly confirmed,Not publicly confirmed,Not publicly confirmed,Not publicly confirmed,Not publicly confirmed,Not publicly confirmed,Public product or technical documentation,"Provider states expert development, transparency and traceability; review protocol requires independent confirmation",Not publicly confirmed,Not publicly confirmed,"ISO 14040/44, ISO 14067 and ILCD/EF alignment are stated",Not publicly confirmed,Not publicly confirmed,"Coverage, dataset count, licences, release identifiers and independent review evidence were not fully public",ILCD Data Format; Environmental Footprint method; ISO 14040/44; GLAD; openLCA Nexus; openLCA,format and methodological alignment,Not publicly confirmed; Public openLCA Nexus metadata lists HiQLCD with openLCA-oriented groups/packages and formats (https://nexus.openlca.org/ws/dataproviders/10457),Provider states ILCD alignment,Not publicly confirmed,Adds China-specific industry data and a potential GLAD/ILCD exchange pathway,"Dataset-level licences, identifiers and conformance evidence require validation",https://www.hiq.earth/,Not publicly confirmed; https://nexus.openlca.org/ws/dataproviders/10457; https://nexus.openlca.org/databases,"The official site identifies HiQLCD as a China-specific LCA database developed by Shanghai HiQ Smart Data, covering more than 25 industries and aligned with ILCD and ISO LCA standards.",2026-08-22,High,"Current release, dataset count, licence, export/API, identifiers, review protocol and GLAD node status","Public metadata verified; no registration, login, purchase or restricted-content access used"
LCA-SW-0035,XYCLE,Minviro XYCLE,Software / API / tool,"Commercial LCA software for product and supply-chain modelling, supplier-data workflows and governed collaboration.",Minviro Ltd,Minviro,https://www.minviro.com/xycle,Global enterprise supply chains,"Energy-transition materials, mining, refining, batteries and manufacturing","LCA practitioners, manufacturers and supply-chain teams","Product carbon footprints, production-route comparison, supplier-data collection and collaborative LCA",English public documentation,Not publicly confirmed,Live cloud platform,Not publicly confirmed,Active,"Public product documentation; demo, account or trial required for use",Commercial platform terms,Commercial / restricted,Account and business details required for trial; not used,Provider-maintained software,Not publicly confirmed,"LCA models, supplier data, BOM/LCI imports, databases and traceable assumptions",Not publicly confirmed,BOM and LCI imports; export details not fully public,Integrations are stated; public API documentation not confirmed,Not publicly confirmed,Not publicly confirmed,Not publicly confirmed,Continuous platform updates,Public product or technical documentation,"Source labelling, traceability and review readiness are stated; independent validation not confirmed",Not publicly confirmed,Not publicly confirmed,ISO-compliant LCA is stated,Not publicly confirmed,Not publicly confirmed,Commercial access and incomplete public method/export documentation,Minviro Battery Materials Database; ecoinvent,integrated database and data-source relationship,Not publicly confirmed,Provider states ecoinvent and supply-chain integrations,Not publicly confirmed,Structured supplier-data workflows could support federated primary-data exchange,Commercial terms and undocumented public schema/API,https://www.minviro.com/xycle,Not publicly confirmed,"Minviro describes XYCLE as LCA software for product and supply-chain decisions with supplier-data workflows, governed collaboration, traceability and database integrations.",2026-08-22,High,"Version, licences, data-model/API, export formats, supported database releases and independent validation","Public metadata verified; no registration, login, purchase or restricted-content access used"
LCA-DB-0047,Minviro Battery Materials Database,XYCLE Battery Materials Database,Database / dataset,Proprietary LCA database for battery-material supply chains integrated into XYCLE.,Minviro Ltd,Minviro,https://www.minviro.com/xycle,Provider states approximately 70% coverage of global supply chains for key anode and cathode materials,"Mining, refining, cathode/anode materials, cells, batteries, recycling and second life",Battery and energy-transition LCA practitioners and companies,Regionalized battery-material LCA and supply-chain tracing,English public documentation,Not publicly confirmed,Current integrated database; release identifier not public,Not publicly confirmed,Active,Integrated into commercial XYCLE platform,Commercial proprietary database,Commercial / restricted,Account/licence required; not used,Provider-maintained proprietary database,Not publicly confirmed,Regional and technology-specific battery raw-material inventories,Not publicly confirmed,Integrated XYCLE content; public export format not confirmed,Not publicly confirmed,Not publicly confirmed,Not publicly confirmed,Not publicly confirmed,Not publicly confirmed,Public product or technical documentation,"Provider states detailed technological, geographic and geological research; review protocol not public",Not publicly confirmed,Not publicly confirmed,Life-cycle inventory for battery-material supply chains,Not publicly confirmed,Not publicly confirmed,Coverage percentage is provider-reported and underlying datasets were not accessed,XYCLE,native/integrated database,Not publicly confirmed,Native XYCLE integration,Not publicly confirmed,Adds detailed battery-material geography and technology to product LCAs,Proprietary rights and absent public identifiers/export schema,https://www.minviro.com/xycle,Not publicly confirmed,"The XYCLE page identifies a proprietary Battery Materials Database, integrated into the platform and covering key anode and cathode material supply chains.",2026-08-22,Medium,"Release, dataset count, geography, licence, identifiers, review, export and API","Public metadata verified; no registration, login, purchase or restricted-content access used"
LCA-SW-0036,Theta LCA Software,Theta,Software / API / tool,LCA engine for verifier-ready and standards-oriented product assessments with direct openEPD export.,"WAP Sustainability, LLC",WAP Sustainability,https://wapsustainability.com/2025/10/13/wap-sustainability-launches-omnichannel-lca-amp-epd-platform-built-on-openepd/,Global product and EPD workflows,"Manufactured products, especially construction and EPD markets","Manufacturers, LCA practitioners and EPD verifiers","LCA modelling, verifier-ready results and EPD publication workflows",English public documentation,Not publicly confirmed,Launched 2025-10,Not publicly confirmed,Active,Public launch documentation; commercial use conditions not fully public,Commercial platform terms,Commercial / restricted,Not publicly confirmed,Provider-maintained software,Not publicly confirmed,LCA models and results for EPD publication,Not publicly confirmed,openEPD export is stated,Not publicly confirmed,Not publicly confirmed,Not publicly confirmed,Not publicly confirmed,Not publicly confirmed,Public product or technical documentation,Verifier-readiness and standards compliance are stated; conformance evidence requires review,Not publicly confirmed,Not publicly confirmed,LCA and EPD standards,Not publicly confirmed,Not publicly confirmed,Public technical documentation is limited,openEPD Interchange Format; epd.world; OpenEPD Database,export and integrated workflow,Not publicly confirmed,Direct openEPD export stated,Not publicly confirmed,"Links calculation, verification and digital EPD publication",Commercial terms and incomplete public technical specification,https://wapsustainability.com/2025/10/13/wap-sustainability-launches-omnichannel-lca-amp-epd-platform-built-on-openepd/,Not publicly confirmed,WAP identifies Theta as a transparent LCA engine designed for verifier-ready results and direct export in the openEPD format.,2026-08-22,High,"Version, methods, databases, licence, API, export specification and conformance tests","Public metadata verified; no registration, login, purchase or restricted-content access used"
LCA-SW-0037,epd.world,WAP epd.world,Software / API / tool,"EPD workflow-management software for manufacturers, verification and publication.","WAP Sustainability, LLC",WAP Sustainability,https://epd.world/,Global EPD workflows,Construction and other EPD-reporting product sectors,"Manufacturers, EPD programme operators and verifiers","Manage EPD content, branding, verification and publication",English public documentation,Not publicly confirmed,Launched 2025-10,Not publicly confirmed,Active,Public overview; account/commercial conditions apply,Commercial platform terms,Commercial / restricted,Account likely required for workflow use; not used,Provider-maintained workflow platform,Not publicly confirmed,"EPD records, verification workflow and publication outputs",Not publicly confirmed,openEPD exchange stated,Not publicly confirmed,Not publicly confirmed,Not publicly confirmed,Not publicly confirmed,Not publicly confirmed,Public product or technical documentation,Verification workflow with programme operators; public validation rules incomplete,Not publicly confirmed,Not publicly confirmed,EPD programme and LCA reporting workflows,Not publicly confirmed,Not publicly confirmed,Not an LCA engine; calculation can originate in multiple external tools,Theta LCA Software; OpenEPD Database; openEPD Interchange Format; SimaPro; Umberto,workflow integration and publication,Not publicly confirmed,Accepts multiple LCA engines and transmits verified data in openEPD format,Not publicly confirmed,Separates calculation from verification and publishing while retaining structured data,Programme-specific rules and commercial access,https://wapsustainability.com/2025/10/13/wap-sustainability-launches-omnichannel-lca-amp-epd-platform-built-on-openepd/,Not publicly confirmed,"WAP describes epd.world as EPD workflow software that accepts different LCA engines, generates EPD PDFs and sends verified data to the OpenEPD Database in openEPD format.",2026-08-22,High,"Access model, API, versioning, programme-operator coverage and data rights","Public metadata verified; no registration, login, purchase or restricted-content access used"
LCA-DB-0048,OpenEPD Database,WAP OpenEPD Database,Database / dataset,Searchable collection of structured environmental product declaration data published by WAP Sustainability.,"WAP Sustainability, LLC",WAP Sustainability,https://www.openepddatabase.com/,Global EPD aggregation,Construction products and other EPD-covered products,"Manufacturers, designers, procurement teams and data integrators","Search, store, connect and download EPD data",English public documentation,Not publicly confirmed,"Live database; provider reports more than 400,000 records",Not publicly confirmed,Active,Public product page; database access/subscription conditions vary,Platform and upstream EPD rights,Mixed public/commercial,Account or subscription may be required for database functions; not used,Provider-maintained database,Not publicly confirmed,Structured EPD records and selected embodied-carbon assessments,Not publicly confirmed,openEPD,Connection capability stated; public API terms not confirmed,Not publicly confirmed,Not publicly confirmed,Not publicly confirmed,Record-level and platform versioning not publicly confirmed,Public product or technical documentation,Uses shared or published EPD data; deduplication and validation rules not public,Not publicly confirmed,Not publicly confirmed,EPD-based lifecycle impact data,Not publicly confirmed,Not publicly confirmed,"Record count is provider-reported; upstream PCR, geography, validity and licence vary",openEPD Interchange Format; epd.world; Theta LCA Software,native format and publication workflow,Not publicly confirmed,openEPD structured data,Not publicly confirmed,Large digital EPD catalogue for federated discovery and machine exchange,"Subscription, upstream data rights and heterogeneous declarations",https://www.openepddatabase.com/,Not publicly confirmed,"The official page describes a WAP database with more than 400,000 publicly available EPD records and search, storage, connection and download functions.",2026-08-22,High,"API, licence, identifiers, provenance, deduplication, validity updates and record-count methodology","Public metadata verified; no registration, login, purchase or restricted-content access used"
LCA-SW-0038,Umberto,Umberto LCA Software,Software / API / tool,"Commercial graphical software for life-cycle assessment, carbon footprints, EPDs and material-flow modelling.",iPoint-systems gmbh / Assent group,iPoint,https://www.ipoint-systems.com/software/umberto/,Global users,Manufacturing and cross-sector product systems,"LCA practitioners, engineers and sustainability teams","LCA, PCF, EPD, scenario analysis, material-flow costing and portfolio assessment",English public documentation,Not publicly confirmed,Current commercial release; identifier not publicly confirmed,Not publicly confirmed,Active,Public product documentation and free-trial route; licence required for continued use,Commercial software licence,Commercial / restricted,Trial/download requires contact or account; not used,Provider-maintained software; iPoint is part of Assent,Not publicly confirmed,"Graphical LCA models, inventory analysis, impact calculation and reporting",Not publicly confirmed,Excel/BOM imports and Excel/BI exports are stated,Not publicly confirmed,Not publicly confirmed,Not publicly confirmed,Not publicly confirmed,Commercial releases; public current number not confirmed,Public product or technical documentation,Standards-aligned reporting and database integrations are stated; validation procedures not fully public,Not publicly confirmed,Not publicly confirmed,"ISO 14040/44, ISO 14067, GHG Protocol and PAS 2050 are stated",Not publicly confirmed,Not publicly confirmed,Commercial access and incomplete public format/API/version metadata,ecoinvent; USLCI; Carbon Minds; epd.world,database integration and EPD workflow use,Not publicly confirmed,Excel/BOM import and Excel/BI export,Not publicly confirmed,Graphical process modelling and enterprise data imports can bridge engineering data to LCA,Proprietary model storage and licence terms,https://www.ipoint-systems.com/software/umberto/,Not publicly confirmed,"iPoint presents Umberto as professional LCA software for ISO-aligned assessment, PCF and EPD work, with BOM/Excel imports and database integrations.",2026-08-22,High,"Current version, native exchange format, API, licences and database-version matrix","Public metadata verified; no registration, login, purchase or restricted-content access used"
LCA-REP-0010,EPD Australasia EPD Database,EPD Australasia database,Platform / repository / network,Public searchable repository of environmental product declarations operated by EPD Australasia.,EPD Australasia Ltd,EPD Australasia,https://epd-australasia.com/epd-search/,Australia and New Zealand with international declarations,"Construction and a growing range of products including chemicals, food, packaging and rail","Designers, manufacturers, verifiers, purchasers and LCA practitioners","Search EPDs by name, company, registration number and category",English public documentation,Not publicly confirmed,Live database,Not publicly confirmed,Active,Public web search and EPD pages,EPD and website terms; declaration-level rights vary,Public metadata and documents,No for public search,Regional EPD programme operator linked to the International EPD System,Not publicly confirmed,"Registered EPDs, companies, categories and publication metadata",Not publicly confirmed,Web records and EPD documents,Not publicly confirmed,Not publicly confirmed,Not publicly confirmed,Not publicly confirmed,Declaration issue/expiry dates and registration numbers,Public product or technical documentation,Programme verification process and technical advisory governance,Not publicly confirmed,Not publicly confirmed,"ISO 14025/EN 15804 and programme rules, as applicable",Not publicly confirmed,Not publicly confirmed,Public API and machine-readable export were not confirmed,International EPD System; ECO Platform; EN 15804,regional programme and repository,Not publicly confirmed,Not publicly confirmed,Not publicly confirmed,Fills Australia/New Zealand EPD discovery coverage,Document-centric records and declaration-specific rights,https://epd-australasia.com/epd-search/,Not publicly confirmed,"EPD Australasia provides a public searchable EPD database with company, category and registration metadata and current declarations.",2026-08-22,High,"API/export, machine-readable schema, licence, identifier persistence and federation with ECO Portal","Public metadata verified; no registration, login, purchase or restricted-content access used"
LCA-SW-0039,Athena Building LCA,Athena Building LCA web app,Software / API / tool,Free beta web application for transparent whole-building life-cycle assessment.,Athena Sustainable Materials Institute,Athena Sustainable Materials Institute,https://www.athenasmi.org/our-software-data/athena-building-lca/,North American building context,"Whole buildings, construction materials and assemblies","Building LCA practitioners, architects and engineers",Cradle-to-grave whole-building LCA from imported bills of materials,English public documentation,Not publicly confirmed,Beta testing,Not publicly confirmed,Active beta,Free public web app; use conditions not fully reviewed,Tool terms not publicly confirmed,Free access; licence not confirmed,Not publicly confirmed,Athena Institute-maintained next-generation tool,Not publicly confirmed,"Building models, scenarios, background data and disaggregated impact results",Not publicly confirmed,Bill-of-materials import; data structure intended as a wbLCA exchange format,Not publicly confirmed,Not publicly confirmed,Not publicly confirmed,Not publicly confirmed,Beta releases,Public product or technical documentation,"Designed around ISO 21930, EN 15978 and Canadian national wbLCA guidance",Not publicly confirmed,Not publicly confirmed,Whole-building LCA,Not publicly confirmed,Not publicly confirmed,Beta status and North American data scope,Athena Impact Estimator for Buildings; Athena LCA Databases,successor/complement and database dependency,Not publicly confirmed,Bill-of-materials import and stated exchange-oriented data structure,Not publicly confirmed,Transparent wbLCA model and exchange structure for North American buildings,"Beta maturity, licence and missing public schema/API",https://www.athenasmi.org/our-software-data/athena-building-lca/,Not publicly confirmed,"Athena describes a free beta whole-building LCA web app that imports bills of materials, models cradle-to-grave scenarios and implements an exchange-oriented data structure.",2026-08-22,Medium,"Stable release, licence, schema/API, identifiers and relationship to Impact Estimator datasets","Public metadata verified; no registration, login, purchase or restricted-content access used"
LCA-SW-0040,Athena Impact Estimator for Buildings,IE for Buildings,Software / API / tool,Desktop whole-building LCA software for North American design comparisons.,Athena Sustainable Materials Institute,Athena Sustainable Materials Institute,https://www.athenasmi.org/our-software-data/impact-estimator/,Canada and United States,"Buildings, structural and envelope assemblies","Architects, engineers, designers and analysts","Early-design whole-building LCA, bill-of-materials generation and scenario comparison",English public documentation,Not publicly confirmed,Maintained release family; first released 2002,Not publicly confirmed,Active/maintained while next-generation tool is in beta,Free software and remote Mac access stated,Software terms not publicly confirmed,Free use; source not public,Download/access conditions require confirmation,Athena Institute-maintained software funded by supporters,Not publicly confirmed,"More than 1,200 assemblies, regional LCI data and TRACI results",Not publicly confirmed,CAD/BOM import; proprietary project storage,Not publicly confirmed,Not publicly confirmed,Not publicly confirmed,Not publicly confirmed,Numerous updates since 2002,Public product or technical documentation,Region-specific modelling and TRACI implementation,Not publicly confirmed,Not publicly confirmed,Whole-building LCA,Not publicly confirmed,Not publicly confirmed,North American building scope and proprietary implementation,Athena Building LCA; Athena LCA Databases; TRACI,predecessor/complement and method/database dependency,Not publicly confirmed,BOM import,Not publicly confirmed,Established North American building LCA baseline and assembly library,Legacy desktop architecture and absent public schema/API,https://www.athenasmi.org/our-software-data/impact-estimator/,Not publicly confirmed,"Athena identifies the Impact Estimator as a repeatedly updated whole-building LCA desktop tool with more than 1,200 assemblies and regionalized North American modelling.",2026-08-22,High,"Current version, release date, licence, supported imports/exports and transition plan","Public metadata verified; no registration, login, purchase or restricted-content access used"
LCA-SW-0041,Athena Pavement LCA,Impact Estimator for Highways,Software / API / tool,Free LCA-based software for comparing Canadian and selected U.S. roadway designs.,Athena Sustainable Materials Institute,Athena Sustainable Materials Institute,https://www.athenasmi.org/our-software-data/pavement-lca/,Canada and selected United States regions,"Roadways, pavements, materials, construction and maintenance","Roadway designers, transportation agencies and analysts","Roadway LCI/LCIA, alternative comparison and rehabilitation scenarios",English public documentation,Not publicly confirmed,Current public release; identifier not captured,Not publicly confirmed,Active/publicly distributed,Free software package,Software terms not publicly confirmed,Free use; source not public,Download conditions require confirmation,Athena Institute-maintained software with public/industry support,Not publicly confirmed,"More than 150 roadway designs plus materials, equipment, energy and transport data",Not publicly confirmed,Desktop software and reports,Not publicly confirmed,Not publicly confirmed,Not publicly confirmed,Not publicly confirmed,Release information is published,Public product or technical documentation,"Uses Athena methodology, USLCI inputs and TRACI indicators",Not publicly confirmed,Not publicly confirmed,Roadway life-cycle assessment,Not publicly confirmed,Not publicly confirmed,North American scope; demolition/disposal excluded in the described model,Athena LCA Databases; USLCI; TRACI,database and method dependency,Not publicly confirmed,Proprietary tool workflow,Not publicly confirmed,Sector-specific infrastructure LCA and regional data coverage,Limited geography and public exchange/API documentation,https://www.athenasmi.org/our-software-data/pavement-lca/,Not publicly confirmed,"Athena describes a free roadway LCA tool with more than 150 designs, large materials/equipment databases and TRACI impact results for Canada and selected U.S. regions.",2026-08-22,High,"Current version, licence, database vintages, export formats and maintenance cadence","Public metadata verified; no registration, login, purchase or restricted-content access used"
LCA-DB-0049,Athena LCA Databases,Athena building materials LCI databases,Database / dataset,Regionalized life-cycle inventory data underlying Athena building and pavement tools.,Athena Sustainable Materials Institute,Athena Sustainable Materials Institute,https://www.athenasmi.org/our-software-data/lca-databases/,Canada and United States,"Construction materials, energy, transport, construction, maintenance and demolition",Athena software users and building/infrastructure LCA researchers,Background LCI for whole-building and pavement assessment,English public documentation,Not publicly confirmed,Maintained database family; public release identifier not confirmed,Not publicly confirmed,Active,Primarily embedded in free Athena tools,Not publicly confirmed for standalone reuse,Free tool access; database reuse rights unclear,Not publicly confirmed,Athena Institute research and maintenance programme,Not publicly confirmed,"Mill/process-based material inventories plus regional energy, transport and life-cycle-stage data",Not publicly confirmed,Embedded software databases; standalone format not public,Not publicly confirmed,Not publicly confirmed,Not publicly confirmed,Not publicly confirmed,Not publicly confirmed,Public product or technical documentation,Built from mill or engineered process models with regional differentiation,Not publicly confirmed,Not publicly confirmed,Construction and infrastructure LCI,Not publicly confirmed,Not publicly confirmed,"Standalone access, licensing, identifiers and current vintages are not public",Athena Building LCA; Athena Impact Estimator for Buildings; Athena Pavement LCA,native background-data dependency,Not publicly confirmed,Native Athena tools,Not publicly confirmed,Adds North American construction and infrastructure LCI coverage,Embedded/proprietary data model and reuse rights,https://www.athenasmi.org/our-software-data/lca-databases/,Not publicly confirmed,"Athena states that its regionally sensitive, process-modelled databases cover building materials, energy, transportation, construction, maintenance and demolition behind its free tools.",2026-08-22,Medium,"Database releases, dataset count, licence, identifiers, schema/export and review protocol","Public metadata verified; no registration, login, purchase or restricted-content access used"
LCA-DB-0050,European Aluminium Environmental Profile LCI datasets,European Aluminium Environmental Profile Reports,Database / dataset,Peer-reviewed European aluminium industry-average LCI datasets published through periodic Environmental Profile reports.,European Aluminium,European Aluminium,https://european-aluminium.eu/blog/environmental-profile-reports/,Europe,"Primary aluminium, recycling, rolling, foil, extrusion and related production","LCA practitioners, aluminium companies, customers, researchers and policymakers","Generic European aluminium LCI, product LCA and database updates",English public documentation,Not publicly confirmed,"Environmental Profile Report 2024, issued May 2025",Not publicly confirmed,Active periodic reporting,Public reports and indicator/LCI documentation,Publication terms; dataset reuse conditions require review,Public reports; dataset-level reuse rights not fully confirmed,No for public reports,Industry association data collection and publication programme,Not publicly confirmed,Industry-average LCI datasets and environmental indicators,Not publicly confirmed,PDF reports and tables; machine-readable package not confirmed,No,Not publicly confirmed,Not publicly confirmed,Not publicly confirmed,Periodic report editions and process-specific updates,Public product or technical documentation,2024 report described as peer-reviewed by two independent LCA experts,Not publicly confirmed,Not publicly confirmed,ISO-aligned industry LCI and environmental profile reporting,Not publicly confirmed,Not publicly confirmed,"Industry-average data, evolving vintages and limited machine-readable access",International Aluminium Institute datasets; European Aluminium EPD programme,sector LCI publication and database input,Not publicly confirmed,Used to update LCA databases; exact exchanges not public,Not publicly confirmed,Authoritative sector-average European aluminium data,PDF-centric delivery and dataset-level rights/version mapping,https://european-aluminium.eu/blog/environmental-profile-reports/,Not publicly confirmed,"European Aluminium describes its 2024 Environmental Profile Report as a peer-reviewed source of updated LCI data for primary production, recycling, rolling, foil and extrusion in Europe.",2026-08-22,High,"Machine-readable files, licence, identifiers, process-level uncertainty and database implementations","Public metadata verified; no registration, login, purchase or restricted-content access used"
LCA-SW-0042,Automotive Life-Cycle Assessment Model,Automotive LCA Model; Automotive Lightweighting LCA calculator,Software / API / tool,Spreadsheet model comparing full-life-cycle GHG effects of vehicle lightweighting options.,International Aluminium Institute and European Aluminium,International Aluminium Institute / European Aluminium,https://european-aluminium.eu/wp-content/uploads/2022/10/lma_jun_2019_p010_updated-automotive-lifecycle-assessment-model-launched-reprint-1.pdf,Global vehicle scenarios with region/country aluminium inputs,"Passenger vehicles, aluminium, steel and lightweighting","Automotive designers, material analysts and LCA practitioners","Compare baseline and lightweight vehicle configurations across production, use and end of life",English public documentation,Not publicly confirmed,2019 updated model,2019,Published tool; current maintenance not confirmed,Publicly described spreadsheet calculator; current download route requires confirmation,Not publicly confirmed,Public description; tool availability unclear,Not publicly confirmed,Industry collaboration with Ricardo Energy & Environment support,Not publicly confirmed,"Vehicle material, production, driving and end-of-life GHG model",Not publicly confirmed,Microsoft Excel,No,Not publicly confirmed,Not publicly confirmed,Not publicly confirmed,2014 initial model and 2019 update,Public product or technical documentation,Industry expert collaboration and referenced data; independent current validation not confirmed,Not publicly confirmed,Not publicly confirmed,Full vehicle life-cycle GHG assessment,Not publicly confirmed,Not publicly confirmed,"GHG-focused, vehicle-specific and based on 2019 data/models",European Aluminium Environmental Profile LCI datasets; International Aluminium Institute data,data and method dependency,Not publicly confirmed,Spreadsheet,Not publicly confirmed,Transparent sector scenario calculator for lightweighting,Legacy data and uncertain current stewardship/licence,https://european-aluminium.eu/wp-content/uploads/2022/10/lma_jun_2019_p010_updated-automotive-lifecycle-assessment-model-launched-reprint-1.pdf,Not publicly confirmed,"European Aluminium and IAI describe an updated Excel-based Automotive Life-Cycle Assessment Model that compares full-life-cycle GHG effects of aluminium, AHSS and mixed lightweighting options.",2026-08-22,Medium,"Current download, licence, version, source data and whether a maintained successor exists","Public metadata verified; no registration, login, purchase or restricted-content access used"
LCA-SW-0043,TIDAS Tools,tidas-tools; TianGong TIDAS Tools; tidas CLI,Software / API / tool,"Open-source cross-platform command-line tool that implements TIDAS conversion, external-format import, validation, export and reproducible release operations.",TianGong LCA / TIDAS open-source project,TIDAS Tools maintainers and public contributors,https://github.com/tiangong-lca/tidas-tools,China-led open-source project with global technical use,Cross-sector LCA and carbon-footprint datasets,"LCA database developers, software developers, data engineers and interoperability researchers",Convert TIDAS and eILCD packages; import external LCA formats; validate packages; export databases; produce deterministic mappings and releases,English and Chinese documentation,Public repository created in 2025; numbered public releases from 2026,v0.2.0,2026-08-20,Active public repository and release line,Public source code and prebuilt release archives,MIT for the software repository; bundled third-party assets may carry separate terms,Open-source software,"No for source, documentation or public release downloads",TianGong LCA public GitHub project with versioned release requests and contributor review,"Public repository, tagged releases, checksums, SBOMs and provenance attestations are used; institutional long-term policy not separately confirmed","Conversion, import, export, validation and release software with bundled schemas, methodologies and machine-readable report contracts",TIDAS JSON/JSON Schema and eILCD XML/XSD; typed JSON execution-report contracts,TIDAS JSON packages; ILCD/eILCD XML; EcoSpold 1/2; SimaPro CSV; openLCA JSON-LD; openLCA process XLSX,Cross-platform Rust CLI with deterministic JSON reports and optional mapping.csv.gz,Source-format classifications and TIDAS reference assets; exact flow-list versions are format/package dependent,Dataset and object identifiers are preserved or mapped by adapters; deterministic mapping.csv.gz can be emitted,"Versioned JSON report schemas, file/tree hashes, locked executable assets and issue JSONL",Tagged GitHub releases and synchronized Rust crate versions,"Public README, CLI contract, validation guide, JSON Schema contracts and source tests","Automated schema and semantic checks, actual eILCD projection and XSD validation, reverse semantic recovery, deterministic hashes and adapter fixtures","Public pull requests, release-request validation and cross-platform release workflow",Import issues and validation reports record warnings/errors; exact independent accuracy benchmarks are not yet published,TIDAS data-system rules and bundled eILCD validation assets,"Public Git history, tagged source, release checksums, SBOMs and attestations",GitHub repository or immutable release/tag URL,External adapters are one-way imports to TIDAS; exact supported source schema versions are not enumerated; .zolca and Windows ARM64 are unsupported,TIDAS (TianGong Data System); International Reference Life Cycle Data System data format; EcoSpold 1; ecoSpold2; SimaPro desktop edition; openLCA schema; openLCA,schema implementation; bidirectional package conversion; external-format import; validation,"The v0.2.0 CLI contract, import and conversion report schemas, adapters and automated tests name the supported directions and endpoints.","Bidirectional TIDAS/eILCD conversion; imports EcoSpold 1/2, SimaPro CSV, openLCA JSON-LD, openLCA process XLSX and ILCD; outputs validated TIDAS and optionally ILCD",Seven directional mapping records are registered: two TIDAS/eILCD directions and five external-format-to-TIDAS adapters,"Use deterministic mapping output, issue reports and tagged fixtures to build a public field-coverage and loss benchmark",Recovery of TIDAS-only content from eILCD depends on retaining sidecars; import support is not proof of complete or lossless source-format equivalence,https://github.com/tiangong-lca/tidas-tools ; https://github.com/tiangong-lca/tidas-tools/releases/tag/v0.2.0,https://github.com/tiangong-lca/tidas-tools/blob/v0.2.0/docs/agents/cli-contract.md ; https://github.com/tiangong-lca/tidas-tools/blob/v0.2.0/docs/agents/repo-validation.md,"The v0.2.0 repository publishes a single Rust executable with bidirectional TIDAS/eILCD conversion, six named import families, deterministic mapping output, typed reports and public tests.",2026-08-25,High,Independent conversion benchmarks; explicit source-schema version matrix; field-level preservation/loss rates for each import adapter,"Public source, contracts, tests, MIT licence and immutable v0.2.0 release verified"
LCA-DB-0051,JLCA Database,LCA Japan Forum Database; JLCAデータベース,Database / dataset,"Membership-access Japanese database combining LCI, LCIA and literature resources from national LCA projects and industry associations.",LCA Society of Japan / LCA Japan Forum,LCA Japan Forum,https://www.lca-forum.org/database/,Japan,Cross-sector industry data from more than 50 associations,"JLCA members, LCA practitioners and researchers","Japanese LCI, LCIA factors, literature and linked cradle-to-gate data",English public documentation,Not publicly confirmed,Live member database; current release identifier not public,Not publicly confirmed,Active member resource,Public overview; membership required for database use,Member-use terms,Membership-restricted,JLCA membership required; not used,LCA Japan Forum membership organisation,Not publicly confirmed,"Approximately 250 association gate-to-gate LCI items, 300 survey inventories, LIME factors, literature and about 100 IDEA-linked cradle-to-gate items",Not publicly confirmed,Member database; export formats not public,Not publicly confirmed,Not publicly confirmed,Not publicly confirmed,Not publicly confirmed,Not publicly confirmed,Public product or technical documentation,Industry-supplied data and specialist review are described; current protocol requires confirmation,Not publicly confirmed,Not publicly confirmed,Japanese LCI and LIME LCIA,Not publicly confirmed,Not publicly confirmed,Membership restriction and incomplete public version/licence/export metadata,AIST-IDEA; LIME,linked-data and method integration,Not publicly confirmed,Public page states linked JLCA–IDEA cradle-to-gate data,Not publicly confirmed,Adds long-running Japanese industry association inventories,"Membership access, legacy components and unclear machine-readable interfaces",https://www.lca-forum.org/database/,Not publicly confirmed,"JLCA describes a member database containing industrial-association and project LCI data, LIME impact factors, literature and IDEA-linked cradle-to-gate inventories.",2026-08-22,High,"Current release, licence, dataset status, export formats, identifiers, review and IDEA version","Public metadata verified; no registration, login, purchase or restricted-content access used"
LCA-DB-0052,MexiLCA,Mexican Life Cycle Database,Database / dataset,Open collaborative Mexican platform and repository for national life-cycle inventory datasets.,MexiLCA initiative,"Instituto de Ingeniería UNAM, Red Mexicana de Análisis de Ciclo de Vida and collaborators",https://ciclodevida.mx/,Mexico,"Construction, agri-food, energy, water, waste, transport and manufacturing","Industry, academia, public authorities and LCA practitioners","Mexican LCI, research, ecodesign and public-policy analysis",English public documentation,Not publicly confirmed,Live platform; around 250 connected datasets stated,Not publicly confirmed,Active/emerging,Public overview; account functions exist but were not used,Non-commercial use with attribution is stated; dataset-level licences are stated to be recorded,Open-access with non-commercial condition,Public overview does not require login; dataset access workflow requires confirmation,National academic/network collaboration,Not publicly confirmed,"Mexican or Mexico-adapted LCI datasets with metadata, versions and licences",Not publicly confirmed,ILCD and GLAD interoperability are stated; exact downloads not verified,Not publicly confirmed,Not publicly confirmed,Dataset versions and references are stated; exact identifier scheme not verified,Not publicly confirmed,Dataset-level versioning stated,Public product or technical documentation,"Specialist review, documentation and validation are stated",Not publicly confirmed,Not publicly confirmed,"ISO 14040/44, ILCD and GLAD guidance are stated",Not publicly confirmed,Not publicly confirmed,"Governance, dataset catalogue, licence text and technical conformance were not independently sampled",ILCD Data Format; GLAD; openLCA; SimaPro; Brightway,format/network alignment and software compatibility,Not publicly confirmed,"Compatibility with openLCA, SimaPro and Brightway is stated",Not publicly confirmed,Fills a major Latin American national-data gap with open collaborative LCI,New/emerging platform; claims require dataset-level verification,https://ciclodevida.mx/,Not publicly confirmed,"The official site presents MexiLCA as Mexico's first open collaborative life-cycle database, with around 250 datasets and stated ILCD, GLAD and major-software interoperability.",2026-08-22,Medium,"Legal owner, public catalogue/download, licences, format profiles, identifiers, review records and current dataset count","Public metadata verified; no registration, login, purchase or restricted-content access used"
LCA-REP-0011,EPDItaly EPD Database,EPDItaly,Platform / repository / network,Italian EPD programme repository publishing verified environmental product declarations and programme resources.,ICMQ S.p.A. Società Benefit / EPDItaly,EPDItaly,https://www.epditaly.it/,Italy with international programme activity,Construction and other products covered by programme PCRs,"Manufacturers, verifiers, designers, purchasers and LCA practitioners","EPD publication, discovery, verification and PCR/tool governance",English public documentation,Not publicly confirmed,Live programme/database,Not publicly confirmed,Active,Public EPD and programme pages,EPD/programme-specific terms,Public metadata/documents; programme services are fee-based,No for public pages; programme participation has formal conditions,Italian EPD programme operator,Not publicly confirmed,"Published EPDs, PCRs and qualified-tool information",Not publicly confirmed,EPD documents; digital export/API not publicly confirmed,Not publicly confirmed,Not publicly confirmed,Not publicly confirmed,Not publicly confirmed,"EPD registration, issue and expiry records",Public product or technical documentation,Third-party verification and qualified-tool procedures,Not publicly confirmed,Not publicly confirmed,ISO 14025 and EN 15804 where applicable,Not publicly confirmed,Not publicly confirmed,Machine-readable database/API and reuse rights require confirmation,EN 15804; ISO 14025; EPDItaly Qualified LCA Tool Scheme; ECO Platform,programme governance and repository,Not publicly confirmed,Not publicly confirmed,Not publicly confirmed,Italian EPD discovery and verification network,Document-centric delivery and programme-specific rules,https://www.epditaly.it/,Not publicly confirmed,"EPDItaly operates an Italian EPD programme with public declarations, PCR resources and a governed pathway for qualified LCA tools.",2026-08-22,High,"API/export, schema, identifiers, licence, record count and ECO Platform federation","Public metadata verified; no registration, login, purchase or restricted-content access used"
LCA-QA-0006,EPDItaly Qualified LCA Tool Scheme,EPDItaly Tool qualificati; qualified LCA tools,QA / validation system,Programme-level qualification of parameterized LCA calculation tools used to generate families of EPDs.,EPDItaly,EPDItaly,https://www.epditaly.it/epd-generate-da-tool/,Italy with international tool providers,Construction products and other EPD programme scopes,"Manufacturers, LCA tool developers, verifiers and programme operators",Pre-qualify reusable LCA models/algorithms and streamline verification of multiple product EPDs,English public documentation,Not publicly confirmed,Current programme procedure; identifier not captured,Not publicly confirmed,Active,Public scheme description and lists; qualification is a programme service,Programme rules,Public documentation; qualification service restricted,Formal programme engagement required for qualification; not used,EPDItaly programme rules and verification oversight,Not publicly confirmed,"Qualified LCA tool criteria, validation decisions and linked EPD workflows",Not publicly confirmed,Programme rules and tool records,Not applicable,Not publicly confirmed,Not publicly confirmed,Not publicly confirmed,Rule/procedure versions require capture,Public product or technical documentation,Verification of a common LCA calculation model before repeated product use,Not publicly confirmed,Not publicly confirmed,EPD/LCA calculation-model qualification,Not publicly confirmed,Not publicly confirmed,Qualification scope and transferability are programme-specific,EPDItaly EPD Database; EN 15804; ISO 14025,quality governance,Not publicly confirmed,Qualified tools feed EPDItaly publication workflows,Not publicly confirmed,Reusable conformance evidence for high-volume EPD generation,"Programme-specific rules, tool versions and input-data controls",https://www.epditaly.it/epd-generate-da-tool/,Not publicly confirmed,EPDItaly explains that a validated common LCA model can calculate impacts for multiple products and simplify subsequent EPD verification.,2026-08-22,High,"Current regulation/version, qualified-tool list, audit scope, revocation and cross-programme recognition","Public metadata verified; no registration, login, purchase or restricted-content access used"
LCA-DB-0053,EUROFER Stainless LCI Data,European Average Stainless Steel LCI data,Database / dataset,European-average life-cycle inventory data for stainless-steel flat coil and quarto plate products.,The European Steel Association (EUROFER),EUROFER Stainless,https://www.eurofer.eu/issues/eurofer-stainless-and-specialty-steel/life-cycle-inventory-lci-enquiries,Europe,Stainless steel flat coil and quarto plate,"LCA practitioners, steel customers and researchers",Stainless-steel product LCA and comparative studies,English public documentation,Not publicly confirmed,Current request-based dataset; page updated 2026-07-06,Public page updated 2026-07-06,Active request-based distribution,Public metadata; data supplied after an enquiry form and study review,Use conditions assigned through the request process,Restricted/request-based,Detailed enquiry and contact information required; not submitted,EUROFER Stainless industry-association dataset,Not publicly confirmed,European-average stainless-steel LCI,Not publicly confirmed,Not publicly confirmed,No public API,Not publicly confirmed,Not publicly confirmed,Not publicly confirmed,Not publicly confirmed,Public product or technical documentation,"Request asks for study boundary, standards, critical review and intended publication",Not publicly confirmed,Not publicly confirmed,ISO-aligned LCI use is expected,Not publicly confirmed,Not publicly confirmed,"Dataset, methodology report and rights were not accessed because a detailed request is required",worldstainless LCI data; worldsteel LCI Database,regional/sector variant,Not publicly confirmed,Not publicly confirmed,Not publicly confirmed,Adds current European stainless-steel industry-average LCI,"Request-based access, restricted rights and absent public schema/version",https://www.eurofer.eu/issues/eurofer-stainless-and-specialty-steel/life-cycle-inventory-lci-enquiries,Not publicly confirmed,EUROFER states that it provides European-average LCI data for stainless-steel flat coil and quarto plate and requires a study-specific enquiry.,2026-08-22,High,"Dataset year, products, methodology, format, licence, review, uncertainty and persistent identifiers","Public metadata verified; no registration, login, purchase or restricted-content access used"
LCA-NET-0012,Red Iberoamericana de Ciclo de Vida,RICV; Ibero-American Life Cycle Network,Platform / repository / network,International network coordinating national life-cycle assessment networks across Ibero-America.,Red Iberoamericana de Ciclo de Vida,RICV board and member networks,https://rediberoamericanacv.net/,"Ibero-America, including Latin America, the Caribbean, Spain and Portugal",Cross-sector life-cycle assessment and sustainability,"National LCA networks, researchers, practitioners, institutions and policymakers","Regional coordination, conferences, training, partnerships, directories and knowledge exchange",English public documentation,Not publicly confirmed,Active network founded in 2017; board renewed for 2026,Not publicly confirmed,Active,Public website and resources; participation conditions vary,Resource-specific terms,Public network information,No for public information,"International network with founding members, board and published financial/governance information",Not publicly confirmed,"Network directory, CILCA conference, training, alliances and publications",Not publicly confirmed,Web resources and publications,No,Not publicly confirmed,Not publicly confirmed,Not publicly confirmed,"Board terms, events and publications",Public product or technical documentation,Network governance and expert community; not a data-validation authority,Not publicly confirmed,Not publicly confirmed,Life-cycle thinking and LCA collaboration,Not publicly confirmed,Not publicly confirmed,"Collaboration network rather than a database, standard or technical interface",Life Cycle Initiative; FSLCI; national Latin American LCA networks; MexiLCA,regional coordination and knowledge exchange,Not publicly confirmed,Not applicable,Not publicly confirmed,"Supports regional discovery, expert validation and stewardship in underrepresented languages",Technical assets remain owned by member networks and require separate records,https://rediberoamericanacv.net/,Not publicly confirmed,RICV identifies itself as an international platform founded in 2017 to coordinate national LCA networks across the Ibero-American region.,2026-08-22,High,"Complete member-network directory, formal data initiatives, multilingual metadata and long-term archive","Public metadata verified; no registration, login, purchase or restricted-content access used"
LCA-DB-0054,SICV Brasil,Banco Brasileiro/Nacional de Inventários do Ciclo de Vida,Database / dataset,National LCI database identified through the multilingual country/sector omission search.,Instituto Brasileiro de Informação em Ciência e Tecnologia (Ibict/MCTI),Ibict — Coordenação de Tecnologias Aplicadas a Novos Produtos,https://sicv.acv.ibict.br/,Brazil,"Agriculture, transport, plastics, energy, water and other Brazilian products/processes; more than 200 public inventories","LCA practitioners, researchers, industry, policymakers and database/tool developers","Life-cycle inventory modelling, footprinting, EPD/PEF work and sector/national decision support",Provider language(s) and/or English public documentation,2016,Live soda4LCA node; more than 200 inventories,Platform modernization and content expansion documented in 2025,Active national database,Public and free web/download access,Public/open-science access stated; exact collection-wide reuse licence not captured,Public/free access; licence or redistribution unclear or mixed,No registration stated for public downloads,Instituto Brasileiro de Informação em Ciência e Tecnologia (Ibict/MCTI); Ibict — Coordenação de Tecnologias Aplicadas a Novos Produtos,Active national database,Life-cycle inventory datasets and supporting metadata/documentation,ILCD data model,ILCD/XML packages through a soda4LCA node,ILCD/XML packages through a soda4LCA node,Not publicly confirmed,Not publicly confirmed,Provider/national/sector documentation; dataset-level metadata varies,Live soda4LCA node; more than 200 inventories,Public official/provider documentation reviewed,Provider- or programme-specific review; exact per-dataset conformance requires release-level verification,Not publicly confirmed,Not publicly confirmed,ISO 14040/14044 or sector/programme methodology where stated by the provider,Brazil; official public evidence captured,Not publicly confirmed,"Public evidence does not establish a complete version history, lossless interoperability or unrestricted redistribution unless explicitly stated.",ILCD; ecoSpold2; GLAD; provider software and host databases as applicable,format distribution; software compatibility; national/sector content,https://www.gov.br/ibict/pt-br/central-de-conteudos/noticias/2025/dezembro/cotea-ibict-apresenta-retrospectiva-2025-com-avancos-na-gestao-da-informacao-para-sustentabilidade-e-economia-circular | https://www.gov.br/ibict/pt-br/central-de-conteudos/noticias/2023/maio/sicv-brasil-amplia-sua-base-de-inventarios-do-ciclo-de-vida | https://helpdesk.lifecycleinitiative.org/distribution/data-formats/,ILCD-supporting LCA software; exact release pairs not independently tested,Not publicly confirmed,"Publish versioned packages, licence identifiers, flow-list versions and conformance tests","Exact schema revision, elementary-flow list and tested software versions are often not public",https://www.gov.br/ibict/pt-br/central-de-conteudos/noticias/2025/dezembro/cotea-ibict-apresenta-retrospectiva-2025-com-avancos-na-gestao-da-informacao-para-sustentabilidade-e-economia-circular | https://www.gov.br/ibict/pt-br/central-de-conteudos/noticias/2023/maio/sicv-brasil-amplia-sua-base-de-inventarios-do-ciclo-de-vida | https://helpdesk.lifecycleinitiative.org/distribution/data-formats/,UNEP/Life Cycle Initiative database helpdesk where cited,"Ibict states that SICV Brasil was created in 2016, contains more than 200 public inventories and provides free public access; the UNEP database helpdesk identifies SICV as an ILCD-format national database.",2026-08-22,High,"Exact current release, licence identifier, redistribution rights, schema/profile revision, software-version pairs and independent import/round-trip tests",Public official/provider or authoritative programme evidence verified; restricted content not accessed
LCA-DB-0055,Chinese Life Cycle Database,CLCD; 中国生命周期基础数据库,Database / dataset,National background LCI database identified through the multilingual country/sector omission search.,IKE Environmental Technology / Sichuan University lineage,"IKE Environmental Technology Co., Ltd.",https://www.ike-global.com/,China,"Key materials and chemicals, energy carriers, transport and waste management; provider describes it as China's publicly obtainable comprehensive background LCA database","LCA practitioners, researchers, industry, policymakers and database/tool developers","Life-cycle inventory modelling, footprinting, EPD/PEF work and sector/national decision support",Provider language(s) and/or English public documentation,2010,Current CLCD service line,Current public service at 2026-08-22; exact database version not published,Active provider database,Available through provider LCA platforms; current package route and terms require account/product-level confirmation,Provider/platform terms; no open-data licence identified,"Free access with registration, use restrictions, or third-party dependency",Account/platform use may be required,"IKE Environmental Technology / Sichuan University lineage; IKE Environmental Technology Co., Ltd.",Active provider database,Life-cycle inventory datasets and supporting metadata/documentation,CLCD native model; current public provider page does not state the schema revision,Not publicly confirmed,Not publicly confirmed,Not publicly confirmed,Not publicly confirmed,Provider/national/sector documentation; dataset-level metadata varies,Current CLCD service line,Public official/provider documentation reviewed,Provider- or programme-specific review; exact per-dataset conformance requires release-level verification,Not publicly confirmed,Not publicly confirmed,ISO 14040/14044 or sector/programme methodology where stated by the provider,China; official public evidence captured,Not publicly confirmed,"Public evidence does not establish a complete version history, lossless interoperability or unrestricted redistribution unless explicitly stated.",ILCD; ecoSpold2; GLAD; provider software and host databases as applicable,format distribution; software compatibility; national/sector content,https://www.ike-global.com/ | https://v2.efootprint.net/,eBalance and eFootprint/WebLCA provider ecosystem,Not publicly confirmed,"Publish versioned packages, licence identifiers, flow-list versions and conformance tests","Exact schema revision, elementary-flow list and tested software versions are often not public",https://www.ike-global.com/ | https://v2.efootprint.net/,UNEP/Life Cycle Initiative database helpdesk where cited,"The provider states that CLCD won a UNEP/SETAC award in 2009, was publicly released in 2010 and is used through its LCA platform ecosystem.",2026-08-22,High,"Exact current release, licence identifier, redistribution rights, schema/profile revision, software-version pairs and independent import/round-trip tests",Public official/provider or authoritative programme evidence verified; restricted content not accessed
LCA-DB-0056,Korea National Life Cycle Inventory Database,Korea LCI DB; 국가 LCI DB,Database / dataset,National LCI database identified through the multilingual country/sector omission search.,"Ministry of Climate, Energy and Environment / Korea Environmental Industry & Technology Institute",Korea Environmental Industry & Technology Institute (KEITI),https://www.keiti.re.kr/site/keiti/02/10202100000002023101610.jsp,Republic of Korea,National product and process inventories recognized by the Korean government and private-sector contributors,"LCA practitioners, researchers, industry, policymakers and database/tool developers","Life-cycle inventory modelling, footprinting, EPD/PEF work and sector/national decision support",Provider language(s) and/or English public documentation,Not publicly confirmed,Current integrated national LCI database,Current public service at 2026-08-22,Active and under revision/expansion,Public programme information and EcoSquare access route; non-commercial-use restriction,Korean LCI DB and characterization factors may not be used commercially,"Free access with registration, use restrictions, or third-party dependency",EcoSquare account requirements not tested,"Ministry of Climate, Energy and Environment / Korea Environmental Industry & Technology Institute; Korea Environmental Industry & Technology Institute (KEITI)",Active and under revision/expansion,Life-cycle inventory datasets and supporting metadata/documentation,Not publicly confirmed,Not publicly confirmed,Not publicly confirmed,Not publicly confirmed,Not publicly confirmed,Provider/national/sector documentation; dataset-level metadata varies,Current integrated national LCI database,Public official/provider documentation reviewed,Provider- or programme-specific review; exact per-dataset conformance requires release-level verification,Not publicly confirmed,Not publicly confirmed,ISO 14040/14044 or sector/programme methodology where stated by the provider,Republic of Korea; government and participating industries; official public evidence captured,Not publicly confirmed,"Public evidence does not establish a complete version history, lossless interoperability or unrestricted redistribution unless explicitly stated.",ILCD; ecoSpold2; GLAD; provider software and host databases as applicable,format distribution; software compatibility; national/sector content,https://www.keiti.re.kr/site/keiti/02/10202100000002023101610.jsp,LCA software is used to link upstream/downstream flows; exact software and format pair not published on the reviewed official page,Not publicly confirmed,"Publish versioned packages, licence identifiers, flow-list versions and conformance tests","Exact schema revision, elementary-flow list and tested software versions are often not public",https://www.keiti.re.kr/site/keiti/02/10202100000002023101610.jsp,UNEP/Life Cycle Initiative database helpdesk where cited,KEITI states that it develops and manages the national LCI database under ISO 14044 and that Korean LCI data and factors may not be used commercially.,2026-08-22,High,"Exact current release, licence identifier, redistribution rights, schema/profile revision, software-version pairs and independent import/round-trip tests",Public official/provider or authoritative programme evidence verified; restricted content not accessed
LCA-DB-0057,Thai National Life Cycle Inventory Database,National LCI Database for Sustainable Development; ฐานข้อมูลวัฏจักรชีวิตแห่งชาติ,Database / dataset,National LCI database identified through the multilingual country/sector omission search.,National Science and Technology Development Agency (NSTDA) / MTEC-TIIS and national partners,"Technology and Informatics Institute for Sustainability (TIIS), NSTDA",https://www.nstda-tiis.or.th/,Thailand,"Natural gas, oil refining, petrochemicals, electricity, water, transport, agriculture, food, textiles, paper, plastics, construction materials, recycling and waste","LCA practitioners, researchers, industry, policymakers and database/tool developers","Life-cycle inventory modelling, footprinting, EPD/PEF work and sector/national decision support",Provider language(s) and/or English public documentation,2008,Current national database service,Current public service at 2026-08-22,Active national database,Public access stated since 2008; current dataset-level route/terms vary,No collection-wide open-data licence captured,Public/free access; licence or redistribution unclear or mixed,Not publicly confirmed,"National Science and Technology Development Agency (NSTDA) / MTEC-TIIS and national partners; Technology and Informatics Institute for Sustainability (TIIS), NSTDA",Active national database,Life-cycle inventory datasets and supporting metadata/documentation,ILCD data model,ILCD/XML; legacy ThaiLCD management system is also documented,ILCD/XML; legacy ThaiLCD management system is also documented,Not publicly confirmed,Not publicly confirmed,Provider/national/sector documentation; dataset-level metadata varies,Current national database service,Public official/provider documentation reviewed,Provider- or programme-specific review; exact per-dataset conformance requires release-level verification,Not publicly confirmed,Not publicly confirmed,ISO 14040/14044 or sector/programme methodology where stated by the provider,"Thailand; government, research and industry partners; official public evidence captured",Not publicly confirmed,"Public evidence does not establish a complete version history, lossless interoperability or unrestricted redistribution unless explicitly stated.",ILCD; ecoSpold2; GLAD; provider software and host databases as applicable,format distribution; software compatibility; national/sector content,https://www.nstda.or.th/en/news/news-years-2019/mtec-nstda-and-pollution-control-department-to-promote-green-public-procurement.html | https://www.nstda.or.th/home/knowledge_post/nstda-tiis/ | https://helpdesk.lifecycleinitiative.org/distribution/data-formats/,ILCD-supporting software; official sector documentation also references LCA software use without a public version matrix,Not publicly confirmed,"Publish versioned packages, licence identifiers, flow-list versions and conformance tests","Exact schema revision, elementary-flow list and tested software versions are often not public",https://www.nstda.or.th/en/news/news-years-2019/mtec-nstda-and-pollution-control-department-to-promote-green-public-procurement.html | https://www.nstda.or.th/home/knowledge_post/nstda-tiis/ | https://helpdesk.lifecycleinitiative.org/distribution/data-formats/,UNEP/Life Cycle Initiative database helpdesk where cited,NSTDA states that public access began in 2008 and lists the national sectors; the UNEP database helpdesk identifies the Thai national database as using ILCD.,2026-08-22,High,"Exact current release, licence identifier, redistribution rights, schema/profile revision, software-version pairs and independent import/round-trip tests",Public official/provider or authoritative programme evidence verified; restricted content not accessed
LCA-DB-0058,Malaysia Life Cycle Inventory Database,MYLCID; MY-LCID,Database / dataset,National LCI database identified through the multilingual country/sector omission search.,SIRIM Berhad,SIRIM Energy & Environment Centre,https://mylcid.sirim.my/,Malaysia,"Energy, power, solar, metals, livestock, logistics, palm oil, oil and gas, electricity and other Malaysian industrial systems","LCA practitioners, researchers, industry, policymakers and database/tool developers","Life-cycle inventory modelling, footprinting, EPD/PEF work and sector/national decision support",Provider language(s) and/or English public documentation,2015,Current MYLCID web service,Current public service at 2026-08-22,Active national database,Public metadata; complete LCI datasets must be purchased by contacting SIRIM,Commercial SIRIM terms,Commercial/proprietary,Contact/purchase required for complete data,SIRIM Berhad; SIRIM Energy & Environment Centre,Active national database,Life-cycle inventory datasets and supporting metadata/documentation,ILCD data model,ILCD/XML,ILCD/XML,Not publicly confirmed,Not publicly confirmed,Provider/national/sector documentation; dataset-level metadata varies,Current MYLCID web service,Public official/provider documentation reviewed,Provider- or programme-specific review; exact per-dataset conformance requires release-level verification,Not publicly confirmed,Not publicly confirmed,ISO 14040/14044 or sector/programme methodology where stated by the provider,Malaysia; official public evidence captured,Not publicly confirmed,"Public evidence does not establish a complete version history, lossless interoperability or unrestricted redistribution unless explicitly stated.",ILCD; ecoSpold2; GLAD; provider software and host databases as applicable,format distribution; software compatibility; national/sector content,https://mylcid.sirim.my/ | https://www.mosti.gov.my/berita/pengkalan-data-inventori-kitaran-hayat-kebangsaan-my-lcid-dibangunkan-bagi-menilai-kesan-kitaran-hayat-produk-dan-perkhidmatan/ | https://helpdesk.lifecycleinitiative.org/distribution/data-formats/,ILCD-supporting LCA software; exact current software-version pair not public,Not publicly confirmed,"Publish versioned packages, licence identifiers, flow-list versions and conformance tests","Exact schema revision, elementary-flow list and tested software versions are often not public",https://mylcid.sirim.my/ | https://www.mosti.gov.my/berita/pengkalan-data-inventori-kitaran-hayat-kebangsaan-my-lcid-dibangunkan-bagi-menilai-kesan-kitaran-hayat-produk-dan-perkhidmatan/ | https://helpdesk.lifecycleinitiative.org/distribution/data-formats/,UNEP/Life Cycle Initiative database helpdesk where cited,SIRIM identifies MYLCID as Malaysia's national LCI database and states that complete datasets can be purchased; the UNEP database helpdesk identifies its format as ILCD.,2026-08-22,High,"Exact current release, licence identifier, redistribution rights, schema/profile revision, software-version pairs and independent import/round-trip tests",Public official/provider or authoritative programme evidence verified; restricted content not accessed
LCA-DB-0059,PeruLCA,Perú LCA; National Life Cycle Database of Peru,Database / dataset,National LCI database identified through the multilingual country/sector omission search.,Peruvian Life Cycle Network / Pontificia Universidad Católica del Perú and project partners,Peruvian Life Cycle Network (PELCAN),https://perulca.com/,Peru,"Fisheries, aquaculture and other Peruvian products and processes developed through national/SRI projects","LCA practitioners, researchers, industry, policymakers and database/tool developers","Life-cycle inventory modelling, footprinting, EPD/PEF work and sector/national decision support",Provider language(s) and/or English public documentation,2019,Current public website and dataset packages,Official launch 2019-05-23; current public service at 2026-08-22,Active/retained national database,Public website and downloadable project datasets,ecoinvent Association SRI Open Data License applies to identified project datasets,Open licence confirmed for at least one official distribution,No registration stated for the public project files reviewed,Peruvian Life Cycle Network / Pontificia Universidad Católica del Perú and project partners; Peruvian Life Cycle Network (PELCAN),Active/retained national database,Life-cycle inventory datasets and supporting metadata/documentation,ecoSpold2 data model,ecoSpold2/XML and public reports,ecoSpold2/XML and public reports,Not publicly confirmed,Not publicly confirmed,Provider/national/sector documentation; dataset-level metadata varies,Current public website and dataset packages,Public official/provider documentation reviewed,Provider- or programme-specific review; exact per-dataset conformance requires release-level verification,Not publicly confirmed,Not publicly confirmed,ISO 14040/14044 or sector/programme methodology where stated by the provider,Peru; international project contributors; official public evidence captured,Not publicly confirmed,"Public evidence does not establish a complete version history, lossless interoperability or unrestricted redistribution unless explicitly stated.",ILCD; ecoSpold2; GLAD; provider software and host databases as applicable,format distribution; software compatibility; national/sector content,https://www.lifecycleinitiative.org/peru-lca-database-launched/ | https://perulca.com/ | https://helpdesk.lifecycleinitiative.org/distribution/data-formats/,Software supporting ecoSpold2; exact package/software version pair not tested,Not publicly confirmed,"Publish versioned packages, licence identifiers, flow-list versions and conformance tests","Exact schema revision, elementary-flow list and tested software versions are often not public",https://www.lifecycleinitiative.org/peru-lca-database-launched/ | https://perulca.com/ | https://helpdesk.lifecycleinitiative.org/distribution/data-formats/,UNEP/Life Cycle Initiative database helpdesk where cited,"The Life Cycle Initiative identifies PeruLCA as Peru's national LCA database, launched in May 2019; the UNEP database helpdesk identifies PeruLCA as using ecoSpold.",2026-08-22,High,"Exact current release, licence identifier, redistribution rights, schema/profile revision, software-version pairs and independent import/round-trip tests",Public official/provider or authoritative programme evidence verified; restricted content not accessed
LCA-DB-0060,CicloData,CicloData Chile,Database / dataset,Regional/national LCI database identified through the multilingual country/sector omission search.,Fundación InnovaCiclos,Fundación InnovaCiclos / EcoEd,https://ciclodata.cl/,"Chile, initially the Santiago Metropolitan Region","Construction, commerce, manufacturing, mining, electricity, waste, agriculture and forestry; 49 datasets shown on the current public page","LCA practitioners, researchers, industry, policymakers and database/tool developers","Life-cycle inventory modelling, footprinting, EPD/PEF work and sector/national decision support",Provider language(s) and/or English public documentation,2023 project award; public platform current by 2026,Live public platform; 49 datasets,Current at 2026-08-22,Active public platform,"Public/open/free description, but registration form is required for download and was not submitted",Terms page is still under preparation; no operative open-data licence text captured,"Free access with registration, use restrictions, or third-party dependency",Required for download; not performed,Fundación InnovaCiclos; Fundación InnovaCiclos / EcoEd,Active public platform,Life-cycle inventory datasets and supporting metadata/documentation,Not publicly confirmed,Not publicly confirmed,Not publicly confirmed,Not publicly confirmed,Not publicly confirmed,Provider/national/sector documentation; dataset-level metadata varies,Live public platform; 49 datasets,Public official/provider documentation reviewed,Provider- or programme-specific review; exact per-dataset conformance requires release-level verification,Not publicly confirmed,Not publicly confirmed,ISO 14040/14044 or sector/programme methodology where stated by the provider,Chile; technical collaboration with ecoinvent and Ibict; official public evidence captured,Not publicly confirmed,"Public evidence does not establish a complete version history, lossless interoperability or unrestricted redistribution unless explicitly stated.",ILCD; ecoSpold2; GLAD; provider software and host databases as applicable,format distribution; software compatibility; national/sector content,https://ciclodata.cl/ | https://ciclodata.cl/historia/ | https://ciclodata.cl/terminos-de-uso/,Not publicly confirmed,Not publicly confirmed,"Publish versioned packages, licence identifiers, flow-list versions and conformance tests","Exact schema revision, elementary-flow list and tested software versions are often not public",https://ciclodata.cl/ | https://ciclodata.cl/historia/ | https://ciclodata.cl/terminos-de-uso/,UNEP/Life Cycle Initiative database helpdesk where cited,"CicloData describes a free public Chilean life-cycle database with 49 datasets across seven sectors, while its download route requires registration and its terms page remains under preparation.",2026-08-22,High,"Exact current release, licence identifier, redistribution rights, schema/profile revision, software-version pairs and independent import/round-trip tests",Public official/provider or authoritative programme evidence verified; restricted content not accessed
LCA-DB-0061,Quebec Life Cycle Inventory Database,Quebec LCI Database; BD-ICV québécoise,Database / dataset,Subnational LCI database integrated into ecoinvent identified through the multilingual country/sector omission search.,Government of Quebec / CIRAIG,CIRAIG with ecoinvent,https://ciraig.org/index.php/project/quebec-life-cycle-inventory-database/,Quebec and Canada,"Energy, mines and metals, pulp and paper and additional Quebec sectors; 400+ Quebec-specific datasets reported at launch","LCA practitioners, researchers, industry, policymakers and database/tool developers","Life-cycle inventory modelling, footprinting, EPD/PEF work and sector/national decision support",Provider language(s) and/or English public documentation,2010 project; 2014 launch,Quebec datasets distributed within ecoinvent,Current distribution depends on ecoinvent releases,Integrated content/database programme,Individual entries or the whole database are purchased through ecoinvent,ecoinvent licence,Commercial/proprietary,ecoinvent account/licence required,Government of Quebec / CIRAIG; CIRAIG with ecoinvent,Integrated content/database programme,Life-cycle inventory datasets and supporting metadata/documentation,ecoinvent / ecoSpold2 data model,ecoSpold2/XML as identified by the UNEP database helpdesk,ecoSpold2/XML as identified by the UNEP database helpdesk,Not publicly confirmed,Not publicly confirmed,Provider/national/sector documentation; dataset-level metadata varies,Quebec datasets distributed within ecoinvent,Public official/provider documentation reviewed,Provider- or programme-specific review; exact per-dataset conformance requires release-level verification,Not publicly confirmed,Not publicly confirmed,ISO 14040/14044 or sector/programme methodology where stated by the provider,Canada (Quebec); Switzerland (ecoinvent partnership); official public evidence captured,Not publicly confirmed,"Public evidence does not establish a complete version history, lossless interoperability or unrestricted redistribution unless explicitly stated.",ILCD; ecoSpold2; GLAD; provider software and host databases as applicable,format distribution; software compatibility; national/sector content,https://ciraig.org/index.php/project/quebec-life-cycle-inventory-database/ | https://www.environnement.gouv.qc.ca/infuseur/communique.asp?no=3037 | https://helpdesk.lifecycleinitiative.org/distribution/data-formats/,Software supporting licensed ecoinvent distributions,Not publicly confirmed,"Publish versioned packages, licence identifiers, flow-list versions and conformance tests","Exact schema revision, elementary-flow list and tested software versions are often not public",https://ciraig.org/index.php/project/quebec-life-cycle-inventory-database/ | https://www.environnement.gouv.qc.ca/infuseur/communique.asp?no=3037 | https://helpdesk.lifecycleinitiative.org/distribution/data-formats/,UNEP/Life Cycle Initiative database helpdesk where cited,"CIRAIG and the Quebec government document the 2010 project and 2014 launch; the datasets are distributed through ecoinvent, and the UNEP helpdesk identifies the Quebec database as using ecoSpold.",2026-08-22,High,"Exact current release, licence identifier, redistribution rights, schema/profile revision, software-version pairs and independent import/round-trip tests",Public official/provider or authoritative programme evidence verified; restricted content not accessed
LCA-DB-0062,International Aluminium Institute Life Cycle Inventory Data,IAI LCI Data and Environmental Metrics,Database / dataset,Sector LCI dataset family identified through the multilingual country/sector omission search.,International Aluminium Institute,International Aluminium Institute,https://international-aluminium.org/resources/2019-life-cycle-inventory-lci-data-and-environmental-metrics/,Global and regional,"Bauxite mining, alumina refining, primary aluminium and related production stages; more than 200 sites represented in the 2019 dataset","LCA practitioners, researchers, industry, policymakers and database/tool developers","Life-cycle inventory modelling, footprinting, EPD/PEF work and sector/national decision support",Provider language(s) and/or English public documentation,1998,2019 LCI data v3,Published 2022,Active sector dataset family,Public report and downloadable data attachments,Publication/data terms not explicitly captured,Public/free access; licence or redistribution unclear or mixed,No registration stated for the public attachments,International Aluminium Institute; International Aluminium Institute,Active sector dataset family,Life-cycle inventory datasets and supporting metadata/documentation,Provider spreadsheet inventory and GaBi-based modelling; no public standard exchange schema stated,XLSX/data attachments and PDF report,XLSX/data attachments and PDF report,Not publicly confirmed,Not publicly confirmed,Provider/national/sector documentation; dataset-level metadata varies,2019 LCI data v3,Public official/provider documentation reviewed,Provider- or programme-specific review; exact per-dataset conformance requires release-level verification,Not publicly confirmed,Not publicly confirmed,ISO 14040/14044 or sector/programme methodology where stated by the provider,International aluminium producers and IAI; official public evidence captured,Not publicly confirmed,"Public evidence does not establish a complete version history, lossless interoperability or unrestricted redistribution unless explicitly stated.",ILCD; ecoSpold2; GLAD; provider software and host databases as applicable,format distribution; software compatibility; national/sector content,https://international-aluminium.org/resources/2019-life-cycle-inventory-lci-data-and-environmental-metrics/,Spreadsheet use; provider states GaBi background data/model was used,Not publicly confirmed,"Publish versioned packages, licence identifiers, flow-list versions and conformance tests","Exact schema revision, elementary-flow list and tested software versions are often not public",https://international-aluminium.org/resources/2019-life-cycle-inventory-lci-data-and-environmental-metrics/,UNEP/Life Cycle Initiative database helpdesk where cited,IAI states that it has published five LCI datasets since 1998 and that the 2019 data cover more than 200 sites worldwide; data attachments are publicly listed.,2026-08-22,High,"Exact current release, licence identifier, redistribution rights, schema/profile revision, software-version pairs and independent import/round-trip tests",Public official/provider or authoritative programme evidence verified; restricted content not accessed
LCA-DB-0063,Nickel Institute Life Cycle Data,Nickel life cycle inventory datasets,Database / dataset,Sector LCI dataset family identified through the multilingual country/sector omission search.,Nickel Institute,Nickel Institute,https://nickelinstitute.org/en/sustainability/nickel-life-cycle-management/nickel-life-cycle-data,Participating producer regions worldwide,"Class 1 nickel, ferronickel and nickel sulphate hexahydrate","LCA practitioners, researchers, industry, policymakers and database/tool developers","Life-cycle inventory modelling, footprinting, EPD/PEF work and sector/national decision support",Provider language(s) and/or English public documentation,2000,2024 report / 2021 reference-year datasets,2024 publication,Active sector dataset family,Latest dataset and executive summary publicly offered; full report available on request,Reuse and redistribution terms not publicly confirmed,Public/free access; licence or redistribution unclear or mixed,No registration stated for public files; contact required for full report,Nickel Institute; Nickel Institute,Active sector dataset family,Life-cycle inventory datasets and supporting metadata/documentation,Not publicly confirmed,Public report/download files; exact machine-readable schema not stated,Not publicly confirmed,Not publicly confirmed,Not publicly confirmed,Provider/national/sector documentation; dataset-level metadata varies,2024 report / 2021 reference-year datasets,Public official/provider documentation reviewed,Provider- or programme-specific review; exact per-dataset conformance requires release-level verification,Not publicly confirmed,Not publicly confirmed,ISO 14040/14044 or sector/programme methodology where stated by the provider,International member companies and commissioned LCA practitioners; official public evidence captured,Not publicly confirmed,"Public evidence does not establish a complete version history, lossless interoperability or unrestricted redistribution unless explicitly stated.",ILCD; ecoSpold2; GLAD; provider software and host databases as applicable,format distribution; software compatibility; national/sector content,https://nickelinstitute.org/en/sustainability/nickel-life-cycle-management/nickel-life-cycle-data,Nickel Institute states that its data appear in major databases including GaBi and ELCD,Not publicly confirmed,"Publish versioned packages, licence identifiers, flow-list versions and conformance tests","Exact schema revision, elementary-flow list and tested software versions are often not public",https://nickelinstitute.org/en/sustainability/nickel-life-cycle-management/nickel-life-cycle-data,UNEP/Life Cycle Initiative database helpdesk where cited,"Nickel Institute states that it has collected life-cycle data since 2000 for reference years 1999, 2007, 2011, 2017 and 2021, covering three nickel products.",2026-08-22,High,"Exact current release, licence identifier, redistribution rights, schema/profile revision, software-version pairs and independent import/round-trip tests",Public official/provider or authoritative programme evidence verified; restricted content not accessed
LCA-DB-0064,International Zinc Association Life Cycle Inventory Data,IZA Global Zinc LCA/LCI,Database / dataset,Sector LCI dataset family identified through the multilingual country/sector omission search.,International Zinc Association,International Zinc Association,https://www.zinc.org/life-cycle-assessment/,Global,"Zinc concentrate, special high-grade zinc and related production/recycling routes","LCA practitioners, researchers, industry, policymakers and database/tool developers","Life-cycle inventory modelling, footprinting, EPD/PEF work and sector/national decision support",Provider language(s) and/or English public documentation,1998,2023 LCA update based on 2021 industry data,2023,Active sector dataset family,"Public report and data dissemination through ecoinvent, GaBi and EU PEF databases",Host-database and publication-specific terms,Public/free access; licence or redistribution unclear or mixed,Host-database conditions vary,International Zinc Association; International Zinc Association,Active sector dataset family,Life-cycle inventory datasets and supporting metadata/documentation,Host-database-specific,Host-database formats; public report,Not publicly confirmed,Not publicly confirmed,Not publicly confirmed,Provider/national/sector documentation; dataset-level metadata varies,2023 LCA update based on 2021 industry data,Public official/provider documentation reviewed,Provider- or programme-specific review; exact per-dataset conformance requires release-level verification,Not publicly confirmed,Not publicly confirmed,ISO 14040/14044 or sector/programme methodology where stated by the provider,International zinc producers with commissioned LCA experts; official public evidence captured,Not publicly confirmed,"Public evidence does not establish a complete version history, lossless interoperability or unrestricted redistribution unless explicitly stated.",ILCD; ecoSpold2; GLAD; provider software and host databases as applicable,format distribution; software compatibility; national/sector content,https://www.zinc.org/life-cycle-assessment/,"ecoinvent-, GaBi- and EU PEF-compatible through host distributions",Not publicly confirmed,"Publish versioned packages, licence identifiers, flow-list versions and conformance tests","Exact schema revision, elementary-flow list and tested software versions are often not public",https://www.zinc.org/life-cycle-assessment/,UNEP/Life Cycle Initiative database helpdesk where cited,"IZA documents global zinc LCA updates in 1998, 2007, 2014 and 2022/2023 and states that data are submitted to ecoinvent, GaBi and EU PEF.",2026-08-22,High,"Exact current release, licence identifier, redistribution rights, schema/profile revision, software-version pairs and independent import/round-trip tests",Public official/provider or authoritative programme evidence verified; restricted content not accessed
LCA-DB-0065,FEVE Container Glass Life Cycle Inventories,FEVE LCI datasets,Database / dataset,Sector LCI dataset family identified through the multilingual country/sector omission search.,European Container Glass Federation (FEVE),FEVE,https://feve.org/glass-industry-positions/life-cycle-assessment/,European Union,"Container glass for food and beverage applications; three cradle-to-gate inventories for average, 100% recycled and 0% recycled content","LCA practitioners, researchers, industry, policymakers and database/tool developers","Life-cycle inventory modelling, footprinting, EPD/PEF work and sector/national decision support",Provider language(s) and/or English public documentation,2009 study line,2019 production-data LCI set,Independent review completed 2024; current official page at 2026-08-22,Active sector dataset family,Public methodology/results; full LCI access through a request form,Use and redistribution terms assigned through the request route,Request/membership-mediated,Request form required for full LCI,European Container Glass Federation (FEVE); FEVE,Active sector dataset family,Life-cycle inventory datasets and supporting metadata/documentation,PEF-methodology inventory; exact exchange schema not stated publicly,Not publicly confirmed,Not publicly confirmed,Not publicly confirmed,Not publicly confirmed,Provider/national/sector documentation; dataset-level metadata varies,2019 production-data LCI set,Public official/provider documentation reviewed,Provider- or programme-specific review; exact per-dataset conformance requires release-level verification,Not publicly confirmed,Not publicly confirmed,ISO 14040/14044 or sector/programme methodology where stated by the provider,Belgium/European member companies; RDC Environment; independent reviewers; official public evidence captured,Not publicly confirmed,"Public evidence does not establish a complete version history, lossless interoperability or unrestricted redistribution unless explicitly stated.",ILCD; ecoSpold2; GLAD; provider software and host databases as applicable,format distribution; software compatibility; national/sector content,https://feve.org/glass-industry-positions/life-cycle-assessment/ | https://feve.org/new-life-cycle-assessment-proves-industry-success-reducing-environmental-footprint/,General LCA use stated; exact software/version pair not public,Not publicly confirmed,"Publish versioned packages, licence identifiers, flow-list versions and conformance tests","Exact schema revision, elementary-flow list and tested software versions are often not public",https://feve.org/glass-industry-positions/life-cycle-assessment/ | https://feve.org/new-life-cycle-assessment-proves-industry-success-reducing-environmental-footprint/,UNEP/Life Cycle Initiative database helpdesk where cited,"FEVE offers three full container-glass LCIs through a request route and documents updates based on 2007, 2012 and 2019 production data.",2026-08-22,High,"Exact current release, licence identifier, redistribution rights, schema/profile revision, software-version pairs and independent import/round-trip tests",Public official/provider or authoritative programme evidence verified; restricted content not accessed
LCA-DB-0066,Eurobitume Life Cycle Inventory,Eurobitume LCI; Bitumen LCA,Database / dataset,Sector LCI dataset family identified through the multilingual country/sector omission search.,Eurobitume,Eurobitume,https://eurobitume.eu/bitumen-life-cycle-assessment/,Europe,Paving-grade and oxidised bitumen from crude production through refinery storage,"LCA practitioners, researchers, industry, policymakers and database/tool developers","Life-cycle inventory modelling, footprinting, EPD/PEF work and sector/national decision support",Provider language(s) and/or English public documentation,2020 documented v3 line,LCA 4.0,2024-05-27 public page,Active sector dataset family,Public report; complete ILCD dataset through a request form,Use terms not publicly confirmed before request,Request/membership-mediated,Request form required for the complete LCI,Eurobitume; Eurobitume,Active sector dataset family,Life-cycle inventory datasets and supporting metadata/documentation,ILCD data model,ILCD/XML ZIP through request; PDF report,ILCD/XML ZIP through request; PDF report,Not publicly confirmed,Not publicly confirmed,Provider/national/sector documentation; dataset-level metadata varies,LCA 4.0,Public official/provider documentation reviewed,Provider- or programme-specific review; exact per-dataset conformance requires release-level verification,Not publicly confirmed,Not publicly confirmed,ISO 14040/14044 or sector/programme methodology where stated by the provider,European bitumen producers; Sphera; independent reviewer; official public evidence captured,Not publicly confirmed,"Public evidence does not establish a complete version history, lossless interoperability or unrestricted redistribution unless explicitly stated.",ILCD; ecoSpold2; GLAD; provider software and host databases as applicable,format distribution; software compatibility; national/sector content,https://eurobitume.eu/bitumen-life-cycle-assessment/,Software supporting ILCD; model built in Sphera LCA for Experts with MLC 2024.1,Not publicly confirmed,"Publish versioned packages, licence identifiers, flow-list versions and conformance tests","Exact schema revision, elementary-flow list and tested software versions are often not public",https://eurobitume.eu/bitumen-life-cycle-assessment/,UNEP/Life Cycle Initiative database helpdesk where cited,"Eurobitume states that LCA 4.0 replaces LCI 3.0 (2020) and 3.1 (2021), and that a complete ILCD dataset is available through a request form.",2026-08-22,High,"Exact current release, licence identifier, redistribution rights, schema/profile revision, software-version pairs and independent import/round-trip tests",Public official/provider or authoritative programme evidence verified; restricted content not accessed
LCA-DB-0067,CORRIM Forestry and Forest Products LCI,CORRIM LCI database/library,Database / dataset,Sector LCI database/library identified through the multilingual country/sector omission search.,Consortium for Research on Renewable Industrial Materials (CORRIM),CORRIM and Federal LCA Commons,https://corrim.org/lcas-on-wood-products-library/,United States and North America,"Forestry, lumber, plywood, OSB, glulam, LVL, I-joists, panels, flooring, resins and other wood products","LCA practitioners, researchers, industry, policymakers and database/tool developers","Life-cycle inventory modelling, footprinting, EPD/PEF work and sector/national decision support",Provider language(s) and/or English public documentation,2001 programme guidelines; reports from 2004/2005,Current library and Federal LCA Commons repository,2025 report/library entries,Active research/database family,Public reports and public Federal LCA Commons repository downloads,Federal LCA Commons states public/not restricted; dataset intended-use fields apply,Public/free access; licence or redistribution unclear or mixed,No registration for public repository downloads,Consortium for Research on Renewable Industrial Materials (CORRIM); CORRIM and Federal LCA Commons,Active research/database family,Life-cycle inventory datasets and supporting metadata/documentation,openLCA/Federal LCA Commons data model,JSON-LD for openLCA 1.x and 2.x; reports/PDF,JSON-LD for openLCA 1.x and 2.x; reports/PDF,Not publicly confirmed,Not publicly confirmed,Provider/national/sector documentation; dataset-level metadata varies,Current library and Federal LCA Commons repository,Public official/provider documentation reviewed,Provider- or programme-specific review; exact per-dataset conformance requires release-level verification,Not publicly confirmed,Not publicly confirmed,ISO 14040/14044 or sector/programme methodology where stated by the provider,United States research institutions and forest-product industry partners; official public evidence captured,Not publicly confirmed,"Public evidence does not establish a complete version history, lossless interoperability or unrestricted redistribution unless explicitly stated.",ILCD; ecoSpold2; GLAD; provider software and host databases as applicable,format distribution; software compatibility; national/sector content,https://corrim.org/lcas-on-wood-products-library/ | https://www.lcacommons.gov/lca-collaboration/CORRIM/Forestry_and_forest_products,openLCA 1.x/2.x; other JSON-LD consumers require validation,Not publicly confirmed,"Publish versioned packages, licence identifiers, flow-list versions and conformance tests","Exact schema revision, elementary-flow list and tested software versions are often not public",https://corrim.org/lcas-on-wood-products-library/ | https://www.lcacommons.gov/lca-collaboration/CORRIM/Forestry_and_forest_products,UNEP/Life Cycle Initiative database helpdesk where cited,"CORRIM publishes a long-running wood-product LCA library, and the Federal LCA Commons provides a CORRIM repository in openLCA JSON-LD formats.",2026-08-22,High,"Exact current release, licence identifier, redistribution rights, schema/profile revision, software-version pairs and independent import/round-trip tests",Public official/provider or authoritative programme evidence verified; restricted content not accessed
LCA-DB-0068,International Copper Association Life Cycle Inventory Data,ICA Copper Environmental Profile LCI,Database / dataset,Sector LCI dataset family identified through the multilingual country/sector omission search.,International Copper Association,International Copper Association,https://copperalliance.org/wp-content/uploads/2021/08/ICA-EnvironmentalProfileHESD-201803-FINAL-LOWRES-1.pdf,Global; four continents represented in the 2013 reference dataset,Copper concentrate and copper cathode,"LCA practitioners, researchers, industry, policymakers and database/tool developers","Life-cycle inventory modelling, footprinting, EPD/PEF work and sector/national decision support",Provider language(s) and/or English public documentation,2013 reference-year dataset,2018 Copper Environmental Profile publication,2018 publication; current public file retained,Retained sector dataset family,Public environmental-profile report with LCI excerpt; full machine-readable dataset route not publicly confirmed,Publication rights; standalone dataset rights not confirmed,Public/free access; licence or redistribution unclear or mixed,No registration for the public report,International Copper Association; International Copper Association,Retained sector dataset family,Life-cycle inventory datasets and supporting metadata/documentation,GaBi-modelled inventory; no public exchange schema stated,PDF report and LCI tables,Not publicly confirmed,Not publicly confirmed,Not publicly confirmed,Provider/national/sector documentation; dataset-level metadata varies,2018 Copper Environmental Profile publication,Public official/provider documentation reviewed,Provider- or programme-specific review; exact per-dataset conformance requires release-level verification,Not publicly confirmed,Not publicly confirmed,ISO 14040/14044 or sector/programme methodology where stated by the provider,International member companies and commissioned LCA practitioners; official public evidence captured,Not publicly confirmed,"Public evidence does not establish a complete version history, lossless interoperability or unrestricted redistribution unless explicitly stated.",ILCD; ecoSpold2; GLAD; provider software and host databases as applicable,format distribution; software compatibility; national/sector content,https://copperalliance.org/wp-content/uploads/2021/08/ICA-EnvironmentalProfileHESD-201803-FINAL-LOWRES-1.pdf,Provider states GaBi 2014 background databases were used,Not publicly confirmed,"Publish versioned packages, licence identifiers, flow-list versions and conformance tests","Exact schema revision, elementary-flow list and tested software versions are often not public",https://copperalliance.org/wp-content/uploads/2021/08/ICA-EnvironmentalProfileHESD-201803-FINAL-LOWRES-1.pdf,UNEP/Life Cycle Initiative database helpdesk where cited,ICA's profile reports a global LCI for copper concentrate and cathode using 2013 primary data from four continents and GaBi 2014 background data.,2026-08-22,High,"Exact current release, licence identifier, redistribution rights, schema/profile revision, software-version pairs and independent import/round-trip tests",Public official/provider or authoritative programme evidence verified; restricted content not accessed
LCA-DB-0069,GEMIS Model and Database,Global Emission Model for Integrated Systems,Database / dataset,Integrated LCI model/database identified through the multilingual country/sector omission search.,International Institute for Sustainability Analysis and Strategy (IINAS),IINAS,https://iinas.org/downloads/gemis-downloads/,"Global with country/region-specific energy, material and transport systems","Energy, materials, transport, emissions, costs and employment effects","LCA practitioners, researchers, industry, policymakers and database/tool developers","Life-cycle inventory modelling, footprinting, EPD/PEF work and sector/national decision support",Provider language(s) and/or English public documentation,1987,GEMIS 5.2,2026-07,Active integrated model/database,Free public download and web access through related ProBas routes,Creative Commons terms stated by IINAS; exact CC variant should be captured from the package,Open licence confirmed for at least one official distribution,No registration required; optional email registration for update notices,International Institute for Sustainability Analysis and Strategy (IINAS); IINAS,Active integrated model/database,Life-cycle inventory datasets and supporting metadata/documentation,Native GEMIS relational/process-chain model,Downloadable GEMIS package/ZIP; PDF and Excel export routes,Downloadable GEMIS package/ZIP; PDF and Excel export routes,Not publicly confirmed,Not publicly confirmed,Provider/national/sector documentation; dataset-level metadata varies,GEMIS 5.2,Public official/provider documentation reviewed,Provider- or programme-specific review; exact per-dataset conformance requires release-level verification,Not publicly confirmed,Not publicly confirmed,ISO 14040/14044 or sector/programme methodology where stated by the provider,Germany; international model/database contributors; official public evidence captured,Not publicly confirmed,"Public evidence does not establish a complete version history, lossless interoperability or unrestricted redistribution unless explicitly stated.",ILCD; ecoSpold2; GLAD; provider software and host databases as applicable,format distribution; software compatibility; national/sector content,https://iinas.org/downloads/gemis-downloads/ | https://iinas.org/en/work/gemis/,Native GEMIS software; data may be viewed/exported through GEMIS and related ProBas web routes,Not publicly confirmed,"Publish versioned packages, licence identifiers, flow-list versions and conformance tests","Exact schema revision, elementary-flow list and tested software versions are often not public",https://iinas.org/downloads/gemis-downloads/ | https://iinas.org/en/work/gemis/,UNEP/Life Cycle Initiative database helpdesk where cited,"IINAS describes GEMIS as a free integrated life-cycle model and database, first developed in 1987; version 5.2 was released in July 2026 under Creative Commons terms.",2026-08-22,High,"Exact current release, licence identifier, redistribution rights, schema/profile revision, software-version pairs and independent import/round-trip tests",Public official/provider or authoritative programme evidence verified; restricted content not accessed
LCA-DB-0070,EN15804 add-on,EN15804 add-on for ecoinvent,Database / dataset,"Database extension for ecoinvent that supports Environmental Product Declaration calculations under EN 15804, including resource, output and waste indicators.",GreenDelta GmbH,GreenDelta GmbH,https://nexus.openlca.org/ws/dataproviders/9901,Primarily European EN 15804 applications; underlying ecoinvent coverage is global,Construction products and Environmental Product Declarations,"LCA practitioners, researchers and database/software users",Life-cycle inventory modelling and assessment in openLCA,English public Nexus metadata; provider documentation may include other languages,Public Nexus history includes versions based on ecoinvent 3.8 and later,EN15804 add-on to ecoinvent v3.12,2025-12-18,Active; updated with current ecoinvent releases,Commercial package; public metadata and review documents,Commercial package; ecoinvent licence/dependency terms apply,Commercial / restricted,Nexus account and licence/order required for package access; not used,Developed/maintained by GreenDelta GmbH; distributed through openLCA Nexus,Active; updated with current ecoinvent releases,"Life-cycle inventory datasets, model extensions and supporting metadata",openLCA database package and openLCA JSON-LD,openLCA zolca; openLCA library; JSON-LD,Public catalog metadata API; package access conditions are separate,Provider- and dependency-specific; not fully harmonized in public metadata,openLCA package identifiers; exact dataset identifiers require package-level review,"Public Nexus provider, database-group and datapack metadata",Named/numbered Nexus database groups and package releases,Public catalog metadata; public documents where marked; package content not accessed,Provider claims and review documents recorded where public; no independent package test in this review,Not publicly confirmed unless stated in the provider record,Provider-specific public documentation; completeness varies,"Database extension for ecoinvent that supports Environmental Product Declaration calculations under EN 15804, including resource, output and waste indicators.",GreenDelta GmbH; public openLCA Nexus catalog record,Provider citation where stated; otherwise not publicly confirmed,"Package files were not downloaded because Nexus package access can require an account, licence or order; catalog claims were not independently tested.",openLCA Nexus; openLCA,public catalog distribution; software compatibility,"https://nexus.openlca.org/ws/dataproviders/9901 lists the asset, its database groups, formats and dependency information in the public openLCA Nexus catalog.; Public openLCA Nexus metadata lists EN15804 add-on with openLCA-oriented groups/packages and formats (https://nexus.openlca.org/ws/dataproviders/9901)",openLCA zolca; openLCA library; JSON-LD; provider-listed for openLCA; exact version-pair and round-trip behavior not independently tested,Nexus/openLCA adaptation is provider-listed; field-level mapping artifact not publicly identified unless noted separately,Use the public package and dependency metadata to select explicit version/format pairs for conformance tests,"Licence/dependency terms and provider-specific adaptations can restrict reuse, redistribution and cross-software equivalence",https://nexus.openlca.org/ws/dataproviders/9901,https://nexus.openlca.org/databases; https://nexus.openlca.org/ws/dataproviders/9901,"GreenDelta describes the add-on as EN 15804-compliant background data and methods for EPD modelling, with current packages based on ecoinvent 3.12.",2026-08-25,High for public catalog identity and package metadata; moderate for untested interoperability,Exact package licence/redistribution terms where unclear; independent import and round-trip tests; field-level schema mapping and loss assessment,Public Nexus metadata verified; restricted or account-gated package content not accessed
LCA-DB-0071,Circularity Package,Circularity Package for openLCA,Database / dataset,ecoinvent-based database package enhanced with circularity indicators and an accompanying calculation workflow for circular-economy assessment.,GreenDelta GmbH,GreenDelta GmbH,https://nexus.openlca.org/ws/dataproviders/10202,Global background coverage through ecoinvent,Cross-sector circular economy and material circularity,"LCA practitioners, researchers and database/software users",Life-cycle inventory modelling and assessment in openLCA,English public Nexus metadata; provider documentation may include other languages,First version developed through TRIPLELINK; exact year not stated in the catalog,3.1,2026-08-12,Active,Commercial package; public metadata and review statement,Commercial package; ecoinvent licence/dependency terms apply,Commercial / restricted,Nexus account and licence/order required for package access; not used,Developed/maintained by GreenDelta GmbH; distributed through openLCA Nexus,Active,"Life-cycle inventory datasets, model extensions and supporting metadata",openLCA database package,openLCA zolca,Public catalog metadata API; package access conditions are separate,Provider- and dependency-specific; not fully harmonized in public metadata,openLCA package identifiers; exact dataset identifiers require package-level review,"Public Nexus provider, database-group and datapack metadata",Named/numbered Nexus database groups and package releases,Public catalog metadata; public documents where marked; package content not accessed,Provider claims and review documents recorded where public; no independent package test in this review,Not publicly confirmed unless stated in the provider record,Provider-specific public documentation; completeness varies,ecoinvent-based database package enhanced with circularity indicators and an accompanying calculation workflow for circular-economy assessment.,GreenDelta GmbH; public openLCA Nexus catalog record,Provider citation where stated; otherwise not publicly confirmed,"Package files were not downloaded because Nexus package access can require an account, licence or order; catalog claims were not independently tested.",openLCA Nexus; openLCA,public catalog distribution; software compatibility,"https://nexus.openlca.org/ws/dataproviders/10202 lists the asset, its database groups, formats and dependency information in the public openLCA Nexus catalog.; Public openLCA Nexus metadata lists Circularity Package with openLCA-oriented groups/packages and formats (https://nexus.openlca.org/ws/dataproviders/10202)",openLCA zolca; provider-listed for openLCA; exact version-pair and round-trip behavior not independently tested,Nexus/openLCA adaptation is provider-listed; field-level mapping artifact not publicly identified unless noted separately,Use the public package and dependency metadata to select explicit version/format pairs for conformance tests,"Licence/dependency terms and provider-specific adaptations can restrict reuse, redistribution and cross-software equivalence",https://nexus.openlca.org/ws/dataproviders/10202,https://nexus.openlca.org/databases; https://nexus.openlca.org/ws/dataproviders/10202,The public catalog describes an ecoinvent 3.12 package with ISO 59020 and Material Circularity Indicator support and third-party review.,2026-08-25,High for public catalog identity and package metadata; moderate for untested interoperability,Exact package licence/redistribution terms where unclear; independent import and round-trip tests; field-level schema mapping and loss assessment,Public Nexus metadata verified; restricted or account-gated package content not accessed
LCA-DB-0072,PLEX,Plastic Litter Extension database,Database / dataset,"ecoinvent APOS extension for estimating plastic litter from product systems, distributed with a plastic-litter LCIA method.",GreenDelta GmbH,GreenDelta GmbH,https://nexus.openlca.org/ws/dataproviders/10451,Global background coverage through ecoinvent,Plastics and plastic litter,"LCA practitioners, researchers and database/software users",Life-cycle inventory modelling and assessment in openLCA,English public Nexus metadata; provider documentation may include other languages,Not publicly confirmed,4,2026-07-31,Active,Commercial package; public metadata and documentation,Commercial package; ecoinvent licence/dependency terms apply,Commercial / restricted,Nexus account and licence/order required for package access; not used,Developed/maintained by GreenDelta GmbH; distributed through openLCA Nexus,Active,"Life-cycle inventory datasets, model extensions and supporting metadata",openLCA database package,openLCA zolca,Public catalog metadata API; package access conditions are separate,Provider- and dependency-specific; not fully harmonized in public metadata,openLCA package identifiers; exact dataset identifiers require package-level review,"Public Nexus provider, database-group and datapack metadata",Named/numbered Nexus database groups and package releases,Public catalog metadata; public documents where marked; package content not accessed,Provider claims and review documents recorded where public; no independent package test in this review,Not publicly confirmed unless stated in the provider record,Provider-specific public documentation; completeness varies,"ecoinvent APOS extension for estimating plastic litter from product systems, distributed with a plastic-litter LCIA method.",GreenDelta GmbH; public openLCA Nexus catalog record,Provider citation where stated; otherwise not publicly confirmed,"Package files were not downloaded because Nexus package access can require an account, licence or order; catalog claims were not independently tested.",openLCA Nexus; openLCA,public catalog distribution; software compatibility,"https://nexus.openlca.org/ws/dataproviders/10451 lists the asset, its database groups, formats and dependency information in the public openLCA Nexus catalog.; Public openLCA Nexus metadata lists PLEX with openLCA-oriented groups/packages and formats (https://nexus.openlca.org/ws/dataproviders/10451)",openLCA zolca; provider-listed for openLCA; exact version-pair and round-trip behavior not independently tested,Nexus/openLCA adaptation is provider-listed; field-level mapping artifact not publicly identified unless noted separately,Use the public package and dependency metadata to select explicit version/format pairs for conformance tests,"Licence/dependency terms and provider-specific adaptations can restrict reuse, redistribution and cross-software equivalence",https://nexus.openlca.org/ws/dataproviders/10451,https://nexus.openlca.org/databases; https://nexus.openlca.org/ws/dataproviders/10451,The public catalog identifies PLEX v4 as an ecoinvent 3.12 APOS extension for estimating plastic litter.,2026-08-25,High for public catalog identity and package metadata; moderate for untested interoperability,Exact package licence/redistribution terms where unclear; independent import and round-trip tests; field-level schema mapping and loss assessment,Public Nexus metadata verified; restricted or account-gated package content not accessed
LCA-DB-0073,UVEK LCI Data,UVEK Ökobilanzdatenbestand DQRv2:2018,Database / dataset,"Swiss federal LCI database based on ecoinvent 2.2 with updates for energy, transport, waste treatment, forestry and wood systems.",Swiss Federal Offices,Swiss Federal Offices,https://nexus.openlca.org/ws/dataproviders/8951,Switzerland with relevant international background data,"Energy, transport, waste, forestry and wood","LCA practitioners, researchers and database/software users",Life-cycle inventory modelling and assessment in openLCA,English public Nexus metadata; provider documentation may include other languages,2018 data-quality-reference version,DQRv2:2018,2023-10-31 Nexus package date,Retained public package,Public metadata and background reports; usable package requires an eligible ecoinvent licence,Use requires a valid ecoinvent licence,Free catalog listing with restricted third-party dependency,Nexus/ecoinvent licensed access required for package use; not used,Developed/maintained by Swiss Federal Offices; distributed through openLCA Nexus,Retained public package,"Life-cycle inventory datasets, model extensions and supporting metadata",openLCA database package,openLCA zolca,Public catalog metadata API; package access conditions are separate,Provider- and dependency-specific; not fully harmonized in public metadata,openLCA package identifiers; exact dataset identifiers require package-level review,"Public Nexus provider, database-group and datapack metadata",Named/numbered Nexus database groups and package releases,Public catalog metadata; public documents where marked; package content not accessed,Provider claims and review documents recorded where public; no independent package test in this review,Not publicly confirmed unless stated in the provider record,Provider-specific public documentation; completeness varies,"Swiss federal LCI database based on ecoinvent 2.2 with updates for energy, transport, waste treatment, forestry and wood systems.",Swiss Federal Offices; public openLCA Nexus catalog record,Provider citation where stated; otherwise not publicly confirmed,"Package files were not downloaded because Nexus package access can require an account, licence or order; catalog claims were not independently tested.",openLCA Nexus; openLCA,public catalog distribution; software compatibility,"https://nexus.openlca.org/ws/dataproviders/8951 lists the asset, its database groups, formats and dependency information in the public openLCA Nexus catalog.; Public openLCA Nexus metadata lists UVEK LCI Data with openLCA-oriented groups/packages and formats (https://nexus.openlca.org/ws/dataproviders/8951)",openLCA zolca; provider-listed for openLCA; exact version-pair and round-trip behavior not independently tested,Nexus/openLCA adaptation is provider-listed; field-level mapping artifact not publicly identified unless noted separately,Use the public package and dependency metadata to select explicit version/format pairs for conformance tests,"Licence/dependency terms and provider-specific adaptations can restrict reuse, redistribution and cross-software equivalence",https://nexus.openlca.org/ws/dataproviders/8951,https://nexus.openlca.org/databases; https://nexus.openlca.org/ws/dataproviders/8951,The public record states that DQRv2:2018 is based on ecoinvent 2.2 and can only be accessed and used with a valid ecoinvent licence.,2026-08-25,High for public catalog identity and package metadata; moderate for untested interoperability,Exact package licence/redistribution terms where unclear; independent import and round-trip tests; field-level schema mapping and loss assessment,Public Nexus metadata verified; restricted or account-gated package content not accessed
LCA-DB-0074,ARVI database,ARVI Material Value Chains database,Database / dataset,Parameterized value-chain model for wood-polymer composite production developed within the Finnish ARVI Material Value Chains programme.,CLIC Innovation / ARVI research programme,CLIC Innovation / ARVI research programme,https://nexus.openlca.org/ws/dataproviders/8351,Finland with global and local parameters,Wood-polymer composites and material value chains,"LCA practitioners, researchers and database/software users",Life-cycle inventory modelling and assessment in openLCA,English public Nexus metadata; provider documentation may include other languages,2017,ARVI database for ecoinvent 3.01–3.3,2017-02-15,Legacy public package,Catalog lists a free package; ecoinvent background data are separately licensed,Package terms and ecoinvent dependency rights apply; redistribution not confirmed,Public/free access; licence or redistribution unclear or mixed,Nexus account may be required for package download; not used,Developed/maintained by CLIC Innovation / ARVI research programme; distributed through openLCA Nexus,Legacy public package,"Life-cycle inventory datasets, model extensions and supporting metadata",openLCA database package,openLCA zolca,Public catalog metadata API; package access conditions are separate,Provider- and dependency-specific; not fully harmonized in public metadata,openLCA package identifiers; exact dataset identifiers require package-level review,"Public Nexus provider, database-group and datapack metadata",Named/numbered Nexus database groups and package releases,Public catalog metadata; public documents where marked; package content not accessed,Provider claims and review documents recorded where public; no independent package test in this review,Not publicly confirmed unless stated in the provider record,Provider-specific public documentation; completeness varies,Parameterized value-chain model for wood-polymer composite production developed within the Finnish ARVI Material Value Chains programme.,CLIC Innovation / ARVI research programme; public openLCA Nexus catalog record,Provider citation where stated; otherwise not publicly confirmed,"Package files were not downloaded because Nexus package access can require an account, licence or order; catalog claims were not independently tested.",openLCA Nexus; openLCA,public catalog distribution; software compatibility,"https://nexus.openlca.org/ws/dataproviders/8351 lists the asset, its database groups, formats and dependency information in the public openLCA Nexus catalog.; Public openLCA Nexus metadata lists ARVI with openLCA-oriented groups/packages and formats (https://nexus.openlca.org/ws/dataproviders/8351)",openLCA zolca; provider-listed for openLCA; exact version-pair and round-trip behavior not independently tested,Nexus/openLCA adaptation is provider-listed; field-level mapping artifact not publicly identified unless noted separately,Use the public package and dependency metadata to select explicit version/format pairs for conformance tests,"Licence/dependency terms and provider-specific adaptations can restrict reuse, redistribution and cross-software equivalence",https://nexus.openlca.org/ws/dataproviders/8351,https://nexus.openlca.org/databases; https://nexus.openlca.org/ws/dataproviders/8351,The public catalog describes a parameterized wood-polymer composite value-chain model prepared for several ecoinvent 3 releases.,2026-08-25,High for public catalog identity and package metadata; moderate for untested interoperability,Exact package licence/redistribution terms where unclear; independent import and round-trip tests; field-level schema mapping and loss assessment,Public Nexus metadata verified; restricted or account-gated package content not accessed
LCA-DB-0075,OzLCI2019,Evah OzLCI2019 Free Database,Database / dataset,"Australasian regional life-cycle inventory database covering regional supply and imports, developed with openLCA.",The Evah Institute,The Evah Institute,https://nexus.openlca.org/ws/dataproviders/9401,"Australasia, including imports",Multi-sector regional supply chains,"LCA practitioners, researchers and database/software users",Life-cycle inventory modelling and assessment in openLCA,English public Nexus metadata; provider documentation may include other languages,2019/2020,OzLCI2019,2020-02-04,Retained public package,Free Nexus package according to the public catalog,Licence and redistribution terms not identified in the public metadata,Public/free access; licence or redistribution unclear or mixed,Nexus account may be required for package download; not used,Developed/maintained by The Evah Institute; distributed through openLCA Nexus,Retained public package,"Life-cycle inventory datasets, model extensions and supporting metadata",openLCA database package,openLCA zolca,Public catalog metadata API; package access conditions are separate,Provider- and dependency-specific; not fully harmonized in public metadata,openLCA package identifiers; exact dataset identifiers require package-level review,"Public Nexus provider, database-group and datapack metadata",Named/numbered Nexus database groups and package releases,Public catalog metadata; public documents where marked; package content not accessed,Provider claims and review documents recorded where public; no independent package test in this review,Not publicly confirmed unless stated in the provider record,Provider-specific public documentation; completeness varies,"Australasian regional life-cycle inventory database covering regional supply and imports, developed with openLCA.",The Evah Institute; public openLCA Nexus catalog record,Provider citation where stated; otherwise not publicly confirmed,"Package files were not downloaded because Nexus package access can require an account, licence or order; catalog claims were not independently tested.",openLCA Nexus; openLCA,public catalog distribution; software compatibility,"https://nexus.openlca.org/ws/dataproviders/9401 lists the asset, its database groups, formats and dependency information in the public openLCA Nexus catalog.; Public openLCA Nexus metadata lists OzLCI2019 with openLCA-oriented groups/packages and formats (https://nexus.openlca.org/ws/dataproviders/9401)",openLCA zolca; provider-listed for openLCA; exact version-pair and round-trip behavior not independently tested,Nexus/openLCA adaptation is provider-listed; field-level mapping artifact not publicly identified unless noted separately,Use the public package and dependency metadata to select explicit version/format pairs for conformance tests,"Licence/dependency terms and provider-specific adaptations can restrict reuse, redistribution and cross-software equivalence",https://nexus.openlca.org/ws/dataproviders/9401,https://nexus.openlca.org/databases; https://nexus.openlca.org/ws/dataproviders/9401,The public catalog identifies an Australasian database developed by The Evah Institute using openLCA.,2026-08-25,High for public catalog identity and package metadata; moderate for untested interoperability,Exact package licence/redistribution terms where unclear; independent import and round-trip tests; field-level schema mapping and loss assessment,Public Nexus metadata verified; restricted or account-gated package content not accessed
LCA-DB-0076,Circularity Food Package,Circularity Food Package for openLCA,Database / dataset,"Agribalyse-based agri-food database package enhanced with circularity indicators, an LCIA method and a supporting calculation script.",GreenDelta GmbH / TRIPLELINK,GreenDelta GmbH / TRIPLELINK,https://nexus.openlca.org/ws/dataproviders/10201,France-focused agri-food data with broader background variants,Food and agriculture; circular economy,"LCA practitioners, researchers and database/software users",Life-cycle inventory modelling and assessment in openLCA,English public Nexus metadata; provider documentation may include other languages,2023,Circularity Food Package,2023-07-12,Retained public package,Commercial package; public metadata and manual,Commercial package; Agribalyse and any ecoinvent dependency terms apply,Commercial / restricted,Nexus account and licence/order required for package access; not used,Developed/maintained by GreenDelta GmbH / TRIPLELINK; distributed through openLCA Nexus,Retained public package,"Life-cycle inventory datasets, model extensions and supporting metadata",openLCA database package,openLCA zolca,Public catalog metadata API; package access conditions are separate,Provider- and dependency-specific; not fully harmonized in public metadata,openLCA package identifiers; exact dataset identifiers require package-level review,"Public Nexus provider, database-group and datapack metadata",Named/numbered Nexus database groups and package releases,Public catalog metadata; public documents where marked; package content not accessed,Provider claims and review documents recorded where public; no independent package test in this review,Not publicly confirmed unless stated in the provider record,Provider-specific public documentation; completeness varies,"Agribalyse-based agri-food database package enhanced with circularity indicators, an LCIA method and a supporting calculation script.",GreenDelta GmbH / TRIPLELINK; public openLCA Nexus catalog record,Provider citation where stated; otherwise not publicly confirmed,"Package files were not downloaded because Nexus package access can require an account, licence or order; catalog claims were not independently tested.",openLCA Nexus; openLCA,public catalog distribution; software compatibility,"https://nexus.openlca.org/ws/dataproviders/10201 lists the asset, its database groups, formats and dependency information in the public openLCA Nexus catalog.; Public openLCA Nexus metadata lists Circularity Food Package with openLCA-oriented groups/packages and formats (https://nexus.openlca.org/ws/dataproviders/10201)",openLCA zolca; provider-listed for openLCA; exact version-pair and round-trip behavior not independently tested,Nexus/openLCA adaptation is provider-listed; field-level mapping artifact not publicly identified unless noted separately,Use the public package and dependency metadata to select explicit version/format pairs for conformance tests,"Licence/dependency terms and provider-specific adaptations can restrict reuse, redistribution and cross-software equivalence",https://nexus.openlca.org/ws/dataproviders/10201,https://nexus.openlca.org/databases; https://nexus.openlca.org/ws/dataproviders/10201,The public catalog describes an Agribalyse 3.1-based food package for Material Circularity Indicator and Circularity Index calculations.,2026-08-25,High for public catalog identity and package metadata; moderate for untested interoperability,Exact package licence/redistribution terms where unclear; independent import and round-trip tests; field-level schema mapping and loss assessment,Public Nexus metadata verified; restricted or account-gated package content not accessed
LCA-DB-0077,soca,soca social LCA add-on,Database / dataset,Social LCA add-on for ecoinvent with social risk indicators and supporting documentary information.,GreenDelta GmbH,GreenDelta GmbH,https://nexus.openlca.org/ws/dataproviders/8253,Global supply chains through ecoinvent and social data sources,Cross-sector social LCA,"LCA practitioners, researchers and database/software users",Life-cycle inventory modelling and assessment in openLCA,English public Nexus metadata; provider documentation may include other languages,Not publicly confirmed,5,2026-07-14,Active,Commercial package; public metadata and documentation,Commercial package; ecoinvent licence/dependency terms apply,Commercial / restricted,Nexus account and licence/order required for package access; not used,Developed/maintained by GreenDelta GmbH; distributed through openLCA Nexus,Active,"Life-cycle inventory datasets, model extensions and supporting metadata",openLCA database package,openLCA zolca; openLCA library,Public catalog metadata API; package access conditions are separate,Provider- and dependency-specific; not fully harmonized in public metadata,openLCA package identifiers; exact dataset identifiers require package-level review,"Public Nexus provider, database-group and datapack metadata",Named/numbered Nexus database groups and package releases,Public catalog metadata; public documents where marked; package content not accessed,Provider claims and review documents recorded where public; no independent package test in this review,Not publicly confirmed unless stated in the provider record,Provider-specific public documentation; completeness varies,Social LCA add-on for ecoinvent with social risk indicators and supporting documentary information.,GreenDelta GmbH; public openLCA Nexus catalog record,Provider citation where stated; otherwise not publicly confirmed,"Package files were not downloaded because Nexus package access can require an account, licence or order; catalog claims were not independently tested.",openLCA Nexus; openLCA,public catalog distribution; software compatibility,"https://nexus.openlca.org/ws/dataproviders/8253 lists the asset, its database groups, formats and dependency information in the public openLCA Nexus catalog.; Public openLCA Nexus metadata lists soca with openLCA-oriented groups/packages and formats (https://nexus.openlca.org/ws/dataproviders/8253)",openLCA zolca; openLCA library; provider-listed for openLCA; exact version-pair and round-trip behavior not independently tested,Nexus/openLCA adaptation is provider-listed; field-level mapping artifact not publicly identified unless noted separately,Use the public package and dependency metadata to select explicit version/format pairs for conformance tests,"Licence/dependency terms and provider-specific adaptations can restrict reuse, redistribution and cross-software equivalence",https://nexus.openlca.org/ws/dataproviders/8253,https://nexus.openlca.org/databases; https://nexus.openlca.org/ws/dataproviders/8253,"The public catalog describes soca v5 as an ecoinvent 3.12 add-on for social LCA, distributed as openLCA database and library packages.",2026-08-25,High for public catalog identity and package metadata; moderate for untested interoperability,Exact package licence/redistribution terms where unclear; independent import and round-trip tests; field-level schema mapping and loss assessment,Public Nexus metadata verified; restricted or account-gated package content not accessed
LCA-DB-0078,EcoProfiles Recycled Plastics,European Recycled Plastics EcoProfiles,Database / dataset,European average life-cycle inventory datasets for nine recycled plastics based on direct data collection from recyclers.,PRIMUS project / Plastics Recyclers Europe,PRIMUS project / Plastics Recyclers Europe,https://nexus.openlca.org/ws/dataproviders/10463,Europe,Recycled plastics,"LCA practitioners, researchers and database/software users",Life-cycle inventory modelling and assessment in openLCA,English public Nexus metadata; provider documentation may include other languages,2025,1.0,2025-09-03,Current public release,Publicly licensed datasets and documentation,Creative Commons Attribution 4.0 International (CC BY 4.0),Open licence confirmed for the listed datasets,Nexus account may be required for package download; public metadata did not require login,Developed/maintained by PRIMUS project / Plastics Recyclers Europe; distributed through openLCA Nexus,Current public release,"Life-cycle inventory datasets, model extensions and supporting metadata",ILCD and openLCA JSON-LD,ILCD; JSON-LD; PDF,Public catalog metadata API; package access conditions are separate,Provider- and dependency-specific; not fully harmonized in public metadata,openLCA package identifiers; exact dataset identifiers require package-level review,"Public Nexus provider, database-group and datapack metadata",Named/numbered Nexus database groups and package releases,Public catalog metadata; public documents where marked; package content not accessed,Provider claims and review documents recorded where public; no independent package test in this review,Not publicly confirmed unless stated in the provider record,Provider-specific public documentation; completeness varies,European average life-cycle inventory datasets for nine recycled plastics based on direct data collection from recyclers.,PRIMUS project / Plastics Recyclers Europe; public openLCA Nexus catalog record,Provider citation where stated; otherwise not publicly confirmed,"Package files were not downloaded because Nexus package access can require an account, licence or order; catalog claims were not independently tested.",openLCA Nexus; openLCA,public catalog distribution; software compatibility,"https://nexus.openlca.org/ws/dataproviders/10463 lists the asset, its database groups, formats and dependency information in the public openLCA Nexus catalog.; Public openLCA Nexus metadata lists EcoProfiles Recycled Plastics with openLCA-oriented groups/packages and formats (https://nexus.openlca.org/ws/dataproviders/10463)",ILCD; JSON-LD; PDF; provider-listed for openLCA; exact version-pair and round-trip behavior not independently tested,Nexus/openLCA adaptation is provider-listed; field-level mapping artifact not publicly identified unless noted separately,Use the public package and dependency metadata to select explicit version/format pairs for conformance tests,"Licence/dependency terms and provider-specific adaptations can restrict reuse, redistribution and cross-software equivalence",https://nexus.openlca.org/ws/dataproviders/10463,https://nexus.openlca.org/databases; https://nexus.openlca.org/ws/dataproviders/10463,"The public catalog lists European average recycled-plastics datasets created in 2024, published in 2025 and licensed CC BY 4.0.",2026-08-25,High for public catalog identity and package metadata; moderate for untested interoperability,Exact package licence/redistribution terms where unclear; independent import and round-trip tests; field-level schema mapping and loss assessment,Public Nexus metadata verified; restricted or account-gated package content not accessed
LCA-DB-0079,LC-Inventories.ch,LC-Inventories.ch database collections,Database / dataset,"Collection of corrections, updates and extensions to ecoinvent 2.2 prepared by ESU-services and other authors.",ESU-services and contributing authors,ESU-services and contributing authors,https://nexus.openlca.org/ws/dataproviders/301,Switzerland and international background systems,"Energy, fuels, materials, recycling, buildings and other sector modules","LCA practitioners, researchers and database/software users",Life-cycle inventory modelling and assessment in openLCA,English public Nexus metadata; provider documentation may include other languages,2014 Nexus package dates,15 public Nexus database groups,2014-01-23 latest listed group date,Legacy catalog collection,Commercial catalog packages; public metadata,Commercial ESU/provider terms; underlying ecoinvent-related rights may apply,Commercial / restricted,Nexus account and licence/order required for package access; not used,Developed/maintained by ESU-services and contributing authors; distributed through openLCA Nexus,Legacy catalog collection,"Life-cycle inventory datasets, model extensions and supporting metadata",openLCA database package,openLCA zolca,Public catalog metadata API; package access conditions are separate,Provider- and dependency-specific; not fully harmonized in public metadata,openLCA package identifiers; exact dataset identifiers require package-level review,"Public Nexus provider, database-group and datapack metadata",Named/numbered Nexus database groups and package releases,Public catalog metadata; public documents where marked; package content not accessed,Provider claims and review documents recorded where public; no independent package test in this review,Not publicly confirmed unless stated in the provider record,Provider-specific public documentation; completeness varies,"Collection of corrections, updates and extensions to ecoinvent 2.2 prepared by ESU-services and other authors.",ESU-services and contributing authors; public openLCA Nexus catalog record,Provider citation where stated; otherwise not publicly confirmed,"Package files were not downloaded because Nexus package access can require an account, licence or order; catalog claims were not independently tested.",openLCA Nexus; openLCA,public catalog distribution; software compatibility,"https://nexus.openlca.org/ws/dataproviders/301 lists the asset, its database groups, formats and dependency information in the public openLCA Nexus catalog.; Public openLCA Nexus metadata lists LC-Inventories.ch with openLCA-oriented groups/packages and formats (https://nexus.openlca.org/ws/dataproviders/301)",openLCA zolca; provider-listed for openLCA; exact version-pair and round-trip behavior not independently tested,Nexus/openLCA adaptation is provider-listed; field-level mapping artifact not publicly identified unless noted separately,Use the public package and dependency metadata to select explicit version/format pairs for conformance tests,"Licence/dependency terms and provider-specific adaptations can restrict reuse, redistribution and cross-software equivalence",https://nexus.openlca.org/ws/dataproviders/301,https://nexus.openlca.org/databases; https://nexus.openlca.org/ws/dataproviders/301,"The public catalog groups ESU-services corrections, updates and extensions to ecoinvent 2.2 into fifteen database packages.",2026-08-25,High for public catalog identity and package metadata; moderate for untested interoperability,Exact package licence/redistribution terms where unclear; independent import and round-trip tests; field-level schema mapping and loss assessment,Public Nexus metadata verified; restricted or account-gated package content not accessed
LCA-DB-0080,My-Wood LCI,Malaysian Timber Life Cycle Inventory Database,Database / dataset,Life-cycle inventory data for Malaysian timber products reflecting local forestry and primary wood-processing conditions.,Forest Research Institute Malaysia (FRIM) and Malaysian Timber Industry Board (MTIB),Forest Research Institute Malaysia (FRIM) and Malaysian Timber Industry Board (MTIB),https://nexus.openlca.org/ws/dataproviders/10466,Malaysia,Forestry and primary timber processing,"LCA practitioners, researchers and database/software users",Life-cycle inventory modelling and assessment in openLCA,English public Nexus metadata; provider documentation may include other languages,2025,My-Wood LCI public Nexus release,2025-12-31,Evolving database,Free of charge subject to stated terms of use,Acknowledgement required; datasets must not be sold or redistributed for commercial purposes,Free access with non-commercial redistribution restriction,Nexus account may be required for package download; not used,Developed/maintained by Forest Research Institute Malaysia (FRIM) and Malaysian Timber Industry Board (MTIB); distributed through openLCA Nexus,Evolving database,"Life-cycle inventory datasets, model extensions and supporting metadata",openLCA JSON-LD,JSON-LD,Public catalog metadata API; package access conditions are separate,Provider- and dependency-specific; not fully harmonized in public metadata,openLCA package identifiers; exact dataset identifiers require package-level review,"Public Nexus provider, database-group and datapack metadata",Named/numbered Nexus database groups and package releases,Public catalog metadata; public documents where marked; package content not accessed,Provider claims and review documents recorded where public; no independent package test in this review,Not publicly confirmed unless stated in the provider record,Provider-specific public documentation; completeness varies,Life-cycle inventory data for Malaysian timber products reflecting local forestry and primary wood-processing conditions.,Forest Research Institute Malaysia (FRIM) and Malaysian Timber Industry Board (MTIB); public openLCA Nexus catalog record,Provider citation where stated; otherwise not publicly confirmed,"Package files were not downloaded because Nexus package access can require an account, licence or order; catalog claims were not independently tested.",openLCA Nexus; openLCA,public catalog distribution; software compatibility,"https://nexus.openlca.org/ws/dataproviders/10466 lists the asset, its database groups, formats and dependency information in the public openLCA Nexus catalog.; Public openLCA Nexus metadata lists My-Wood LCI with openLCA-oriented groups/packages and formats (https://nexus.openlca.org/ws/dataproviders/10466)",JSON-LD; provider-listed for openLCA; exact version-pair and round-trip behavior not independently tested,Nexus/openLCA adaptation is provider-listed; field-level mapping artifact not publicly identified unless noted separately,Use the public package and dependency metadata to select explicit version/format pairs for conformance tests,"Licence/dependency terms and provider-specific adaptations can restrict reuse, redistribution and cross-software equivalence",https://nexus.openlca.org/ws/dataproviders/10466,https://nexus.openlca.org/databases; https://nexus.openlca.org/ws/dataproviders/10466,"The public catalog describes Malaysian timber LCI data, free subject to terms, but notes that the datasets omit elementary flows and are therefore typically incomplete.",2026-08-25,High for public catalog identity and package metadata; moderate for untested interoperability,Exact package licence/redistribution terms where unclear; independent import and round-trip tests; field-level schema mapping and loss assessment,Public Nexus metadata verified; restricted or account-gated package content not accessed
LCA-MTH-0021,HILCSA,Holistic and Integrated Life Cycle Sustainability Assessment,Method / guidance (incl. LCIA),"Integrated life-cycle sustainability assessment method combining environmental, social and economic indicators linked to the UN Sustainable Development Goals.",Helmholtz Centre for Environmental Research (UFZ),Helmholtz Centre for Environmental Research (UFZ),https://nexus.openlca.org/ws/dataproviders/10468,Global application,Cross-sector sustainability assessment,"LCA practitioners, researchers and sustainability analysts",Life-cycle impact or sustainability assessment in openLCA,English public Nexus metadata; provider documentation may include other languages,Not publicly confirmed,2.3,2026-03-23,Active,Commercial method package; public metadata and documentation,Commercial package terms,Commercial / restricted,Nexus account and licence/order required for package access; not used,Developed/maintained by Helmholtz Centre for Environmental Research (UFZ); distributed through openLCA Nexus,Active,"LCIA/sustainability indicators, characterization factors and supporting method files",openLCA JSON-LD plus Excel documentation,Excel; JSON-LD,Public catalog metadata API; package access conditions are separate,Provider- and dependency-specific; not fully harmonized in public metadata,openLCA package identifiers; exact dataset identifiers require package-level review,"Public Nexus provider, database-group and datapack metadata",Named/numbered Nexus database groups and package releases,Public catalog metadata; public documents where marked; package content not accessed,Provider claims and review documents recorded where public; no independent package test in this review,Not publicly confirmed unless stated in the provider record,Provider-specific public documentation; completeness varies,"Integrated life-cycle sustainability assessment method combining environmental, social and economic indicators linked to the UN Sustainable Development Goals.",Helmholtz Centre for Environmental Research (UFZ); public openLCA Nexus catalog record,Provider citation where stated; otherwise not publicly confirmed,"Package files were not downloaded because Nexus package access can require an account, licence or order; catalog claims were not independently tested.",openLCA Nexus; openLCA,public catalog distribution; software compatibility,"https://nexus.openlca.org/ws/dataproviders/10468 lists the asset, its database groups, formats and dependency information in the public openLCA Nexus catalog.; Public openLCA Nexus metadata lists HILCSA with openLCA-oriented groups/packages and formats (https://nexus.openlca.org/ws/dataproviders/10468)",Excel; JSON-LD; provider-listed for openLCA; exact version-pair and round-trip behavior not independently tested,Nexus/openLCA adaptation is provider-listed; field-level mapping artifact not publicly identified unless noted separately,Use the public package and dependency metadata to select explicit version/format pairs for conformance tests,"Licence/dependency terms and provider-specific adaptations can restrict reuse, redistribution and cross-software equivalence",https://nexus.openlca.org/ws/dataproviders/10468,https://nexus.openlca.org/databases; https://nexus.openlca.org/ws/dataproviders/10468,UFZ HILCSA uses about 80 indicators linked to the SDGs; the public Nexus advice pairs version 2.3 with soca v3.,2026-08-25,High for public catalog identity and package metadata; moderate for untested interoperability,Exact package licence/redistribution terms where unclear; independent import and round-trip tests; field-level schema mapping and loss assessment,Public Nexus metadata verified; restricted or account-gated package content not accessed
LCA-MTH-0022,LC-Impact LCIA Method,LC-IMPACT method for openLCA,Method / guidance (incl. LCIA),"Global and regionalized endpoint life-cycle impact assessment method covering human health, ecosystem quality and resources.",LC-IMPACT project; openLCA adaptation by GreenDelta GmbH,LC-IMPACT project; openLCA adaptation by GreenDelta GmbH,https://nexus.openlca.org/ws/dataproviders/10454,Global with regionalized categories,Cross-sector LCIA,"LCA practitioners, researchers and sustainability analysts",Life-cycle impact or sustainability assessment in openLCA,English public Nexus metadata; provider documentation may include other languages,Adapted for openLCA in 2024,1.3,2025-04-15,Active openLCA adaptation,Commercial package; public metadata and setup guidance,Commercial package terms,Commercial / restricted,Nexus account and licence/order required for package access; not used,Developed/maintained by LC-IMPACT project; openLCA adaptation by GreenDelta GmbH; distributed through openLCA Nexus,Active openLCA adaptation,"LCIA/sustainability indicators, characterization factors and supporting method files",openLCA JSON-LD,JSON-LD,Public catalog metadata API; package access conditions are separate,Provider- and dependency-specific; not fully harmonized in public metadata,openLCA package identifiers; exact dataset identifiers require package-level review,"Public Nexus provider, database-group and datapack metadata",Named/numbered Nexus database groups and package releases,Public catalog metadata; public documents where marked; package content not accessed,Provider claims and review documents recorded where public; no independent package test in this review,Not publicly confirmed unless stated in the provider record,Provider-specific public documentation; completeness varies,"Global and regionalized endpoint life-cycle impact assessment method covering human health, ecosystem quality and resources.",LC-IMPACT project; openLCA adaptation by GreenDelta GmbH; public openLCA Nexus catalog record,Provider citation where stated; otherwise not publicly confirmed,"Package files were not downloaded because Nexus package access can require an account, licence or order; catalog claims were not independently tested.",openLCA Nexus; openLCA,public catalog distribution; software compatibility,"https://nexus.openlca.org/ws/dataproviders/10454 lists the asset, its database groups, formats and dependency information in the public openLCA Nexus catalog.; Public openLCA Nexus metadata lists LC-Impact LCIA Method with openLCA-oriented groups/packages and formats (https://nexus.openlca.org/ws/dataproviders/10454)",JSON-LD; provider-listed for openLCA; exact version-pair and round-trip behavior not independently tested,Nexus/openLCA adaptation is provider-listed; field-level mapping artifact not publicly identified unless noted separately,Use the public package and dependency metadata to select explicit version/format pairs for conformance tests,"Licence/dependency terms and provider-specific adaptations can restrict reuse, redistribution and cross-software equivalence",https://nexus.openlca.org/ws/dataproviders/10454,https://nexus.openlca.org/databases; https://nexus.openlca.org/ws/dataproviders/10454,"The public catalog describes LC-Impact v1.3 as a global endpoint LCIA method with regionalized data, adapted for openLCA by GreenDelta.",2026-08-25,High for public catalog identity and package metadata; moderate for untested interoperability,Exact package licence/redistribution terms where unclear; independent import and round-trip tests; field-level schema mapping and loss assessment,Public Nexus metadata verified; restricted or account-gated package content not accessed
LCA-MTH-0023,openLCA LCIA Methods,openLCA LCIA method package,Method / guidance (incl. LCIA),Curated package of life-cycle impact assessment methods prepared for use with databases distributed through openLCA Nexus.,GreenDelta GmbH,GreenDelta GmbH,https://nexus.openlca.org/ws/dataproviders/10456,Global and method-specific regional coverage,Cross-sector LCIA,"LCA practitioners, researchers and sustainability analysts",Life-cycle impact or sustainability assessment in openLCA,English public Nexus metadata; provider documentation may include other languages,Not publicly confirmed,2.8.2,2026-06-30,Active,Free Nexus package according to the public catalog,Method-specific rights and package terms; redistribution status not fully consolidated,Public/free access; method-specific rights vary,Nexus account may be required for package download; not used,Developed/maintained by GreenDelta GmbH; distributed through openLCA Nexus,Active,"LCIA/sustainability indicators, characterization factors and supporting method files",openLCA JSON-LD and openLCA database package,JSON-LD; openLCA zolca; JSON extension files,Public catalog metadata API; package access conditions are separate,Provider- and dependency-specific; not fully harmonized in public metadata,openLCA package identifiers; exact dataset identifiers require package-level review,"Public Nexus provider, database-group and datapack metadata",Named/numbered Nexus database groups and package releases,Public catalog metadata; public documents where marked; package content not accessed,Provider claims and review documents recorded where public; no independent package test in this review,Not publicly confirmed unless stated in the provider record,Provider-specific public documentation; completeness varies,Curated package of life-cycle impact assessment methods prepared for use with databases distributed through openLCA Nexus.,GreenDelta GmbH; public openLCA Nexus catalog record,Provider citation where stated; otherwise not publicly confirmed,"Package files were not downloaded because Nexus package access can require an account, licence or order; catalog claims were not independently tested.",openLCA Nexus; openLCA,public catalog distribution; software compatibility,"https://nexus.openlca.org/ws/dataproviders/10456 lists the asset, its database groups, formats and dependency information in the public openLCA Nexus catalog.; Public openLCA Nexus metadata lists openLCA LCIA Methods with openLCA-oriented groups/packages and formats (https://nexus.openlca.org/ws/dataproviders/10456)",JSON-LD; openLCA zolca; JSON extension files; provider-listed for openLCA; exact version-pair and round-trip behavior not independently tested,Nexus/openLCA adaptation is provider-listed; field-level mapping artifact not publicly identified unless noted separately,Use the public package and dependency metadata to select explicit version/format pairs for conformance tests,"Licence/dependency terms and provider-specific adaptations can restrict reuse, redistribution and cross-software equivalence",https://nexus.openlca.org/ws/dataproviders/10456,https://nexus.openlca.org/databases; https://nexus.openlca.org/ws/dataproviders/10456,The public catalog lists version 2.8.2 with 45 LCIA methods and compatibility claims for recent Nexus database releases.,2026-08-25,High for public catalog identity and package metadata; moderate for untested interoperability,Exact package licence/redistribution terms where unclear; independent import and round-trip tests; field-level schema mapping and loss assessment,Public Nexus metadata verified; restricted or account-gated package content not accessed
