evidence_id,asset_id,source_title,publisher_maintainer,url_or_file,source_type,access_date,supported_fields,evidence_excerpt,source_reliability,access_restriction,publicly_accessed,notes
E-0001,LCA-DB-0001,Database,ecoinvent Association,https://ecoinvent.org/database/,Official product page,2026-08-22,identity; maintenance; access; licence,The provider states annual updates and licence-based access to the database.,Primary / high,Full database restricted,Yes,Public metadata only
E-0002,LCA-DB-0001,ecoinvent Version 3.12,ecoinvent Association,https://support.ecoinvent.org/ecoinvent-version-3.12,Official release page,2026-08-22,version; release date; sectors,Version 3.12 was released 5 November 2025 with multi-sector updates and supporting reports.,Primary / high,Some detailed files restricted,Yes,No login used
E-0003,LCA-FMT-0001,ecoSpold2,ecoinvent Association,https://support.ecoinvent.org/ecospold2,Official technical page,2026-08-22,format; schema; identifiers; relations,"The XML format covers UPR, LCI and LCIA and publishes XSD, XSL and documentation.",Primary / high,None observed for documentation,Yes,
E-0004,LCA-SW-0001,SimaPro desktop edition,SimaPro,https://simapro.com/software/desktop/,Official product page,2026-08-22,identity; users; features; languages; data relations,"The provider describes commercial desktop LCA software, advanced analysis and included LCI libraries.",Primary / high,Software requires licence,Yes,Metadata only
E-0005,LCA-SW-0001,Release notes — SimaPro desktop,SimaPro,https://support.simapro.com/en/articles/504757-release-notes-simapro-desktop,Official release notes,2026-08-22,version; date; maintenance; authentication,SimaPro 10.5 was released 30 June 2026; current releases use integrated login.,Primary / high,Software access restricted,Yes,
E-0006,LCA-SW-0002,Brightway LCA Software Framework,Brightway developers,https://docs.brightway.dev/en/latest/,Official documentation,2026-08-22,identity; access; technology; use cases,Brightway is described as open-source Python LCA software for large datasets and fast calculations.,Primary / high,None observed,Yes,
E-0007,LCA-SW-0003,About openLCA,GreenDelta GmbH,https://www.openlca.org/about/,Official product page,2026-08-22,licence; owner; access,openLCA is free and licensed under MPL 2.0 for code written by GreenDelta.,Primary / high,Database rights vary,Yes,
E-0008,LCA-SW-0003,openLCA Features,GreenDelta GmbH,https://www.openlca.org/features/,Official technical page,2026-08-22,formats; API; validation; features,"The page lists ILCD, JSON-LD, EcoSpold 1, zolca, REST/gRPC and database validation.",Primary / high,None for documentation,Yes,
E-0009,LCA-REP-0001,About openLCA Nexus,GreenDelta GmbH,https://nexus.openlca.org/about,Official repository page,2026-08-22,identity; access; harmonization; relations,Nexus offers free and commercial datasets; free downloads require registration and packages use shared references.,Primary / high,Registration or purchase for downloads,Yes,Metadata only
E-0010,LCA-NET-0001,Global LCA Data Access network,Life Cycle Initiative,https://www.lifecycleinitiative.org/activities/life-cycle-assessment-in-high-impact-sectors/global-life-cycle-assessment-data-access-network-glad/,Official project page,2026-08-22,identity; scope; governance; services,GLAD is a distributed network offering dataset search with agreed metadata and conversion for access.,Primary / high,Node conditions vary,Yes,
E-0011,LCA-NET-0002,LCDN Developer tools,European Commission JRC,https://eplca.jrc.ec.europa.eu/LCDN/developerILCDDataFormat.html,Official technical page,2026-08-22,identity; launch; tools; schema,LCDN launched in 2014 and supports publication of quality-assured LCI and LCIA datasets.,Primary / high,None observed,Yes,
E-0012,LCA-FMT-0002,LCDN Developer tools,European Commission JRC,https://eplca.jrc.ec.europa.eu/LCDN/developerILCDDataFormat.html,Official technical page,2026-08-22,format; schema; SDK; version,"The page provides eILCD SDK 2.1.1, schemas, samples and a life cycle model dataset type.",Primary / high,None observed,Yes,
E-0013,LCA-REP-0002,Welcome to the Federal LCA Commons,USDA National Agricultural Library,https://www.lcacommons.gov/,Official portal,2026-08-22,identity; operators; releases; API restriction,The portal is a central point for federal LCA repositories and shows active 2026 releases.,Primary / high,API key required; website public,Yes,No API key requested
E-0014,LCA-REP-0002,FLCAC Resources,USDA National Agricultural Library,https://www.lcacommons.gov/flcac-resources,Official documentation hub,2026-08-22,relations; FEDEFL; platform technology,"The hub links USLCI, FEDEFL, openLCA schema and Collaboration Server resources.",Primary / high,None observed,Yes,
E-0015,LCA-DB-0002,USLCI Database Public,National Laboratory of the Rockies,https://www.lcacommons.gov/lca-collaboration/National_Renewable_Energy_Laboratory/USLCI_Database_Public/datasets,Official repository,2026-08-22,identity; history; coverage; format,The repository describes more than 600 process LCIs and public JSON-LD download options.,Primary / high,None observed for browsing,Yes,
E-0016,LCA-NOM-0001,FLCAC Resources — FEDEFL,USDA National Agricultural Library,https://www.lcacommons.gov/flcac-resources,Official documentation hub,2026-08-22,identity; purpose; mappings,FEDEFL is identified as the standardized elementary-flow list supporting FLCAC data harmonization.,Primary / high,None observed,Yes,
E-0017,LCA-MTH-0001,GLAM — Global Guidance for LCIA Indicators and Methods,Life Cycle Initiative,https://www.lifecycleinitiative.org/activities/life-cycle-assessment-data-and-methods/global-guidance-for-life-cycle-impact-assessment-indicators-and-methods-glam/,Official method page,2026-08-22,identity; version; scope; governance; relation,GLAM 1.0.2024.10 is a consensus LCIA method with public files and GLAD nomenclature linkage.,Primary / high,None observed,Yes,
E-0018,LCA-STD-0001,ISO 14044:2006,International Organization for Standardization,https://www.iso.org/standard/38498.html,Official standards catalogue,2026-08-22,identity; scope; status; amendments; access,"ISO confirms the standard's LCA scope, published status and two amendments; full text is paid.",Primary / high,Full text paid,Yes,Metadata and abstract only
EVD-0019,LCA-DB-0003,Agri-footprint product and methodology page,Mérieux NutriSciences | Blonk,https://blonksustainability.nl/tools-and-databases/agri-footprint,Official product page,2026-08-22,Identity; owner; version; scope; formats; licence; methodology,"Version 7 is described with 4,800+ datasets, 63+ countries, structured formats, public methodology and annual commercial licence types.",A — owner/maintainer official page,Underlying database requires a licence,Yes,"No registration, login, purchase or restricted-content download was used."
EVD-0020,LCA-DB-0004,AGRIBALYSE data access and terms,ADEME,https://doc.agribalyse.fr/documentation-en/agribalyse-data/data-access,Official programme documentation,2026-08-22,Identity; owner; scope; version; access; formats; software compatibility,"Official documentation describes simplified public results, full LCI data in LCA software, version 3.2 implementation and ecoinvent-related conditions.",A — owner/maintainer official page,Full disaggregated LCI use can require ecoinvent and software rights,Yes,"No registration, login, purchase or restricted-content download was used."
EVD-0021,LCA-DB-0005,FOEN economy and consumption studies — BAFU:2025 resources,Swiss Federal Office for the Environment,https://www.bafu.admin.ch/en/studies-economy-and-consumption,Government programme page,2026-08-22,Identity; owner; version; release; QA documentation,The official page lists BAFU20XY data-quality requirements and 2025 inventory update reports; FOEN publications cite the BAFU:2025 database released in December 2025.,B — government official page,Nexus registration is required for package download,Yes,"No registration, login, purchase or restricted-content download was used."
EVD-0022,LCA-DB-0006,cm.chemicals database and methodology versions,Carbon Minds,https://www.carbon-minds.com/products/data/carbon-footprint-and-lca-data/database-and-methodology-versions/,Official product/version page,2026-08-22,Identity; owner; scope; current methodology; access restriction,Carbon Minds identifies cm.chemicals as a regionalized chemicals/plastics LCI database and lists methodology v2.03 dated June 2026.,A — owner/maintainer official page,Some downloads require signup; database is commercial,Yes,"No registration, login, purchase or restricted-content download was used."
EVD-0023,LCA-DB-0007,EXIOBASE official site,EXIOBASE consortium,https://exiobase.eu/,Official project page,2026-08-22,Identity; scope; geography; classification; licence; release channel,"EXIOBASE 3 is described as a global environmentally extended MR-SUT/MR-IOT system with 44 countries, five RoW regions, 200 products and 163 industries.",A — project official page,None observed for public releases,Yes,"No registration, login, purchase or restricted-content download was used."
EVD-0024,LCA-DB-0008,AIST-IDEA v4 features,AIST-IDEA programme,https://idea-lca.com/en/features/,Official product page,2026-08-22,Identity; owner; current version; scope; formats; geography,"The official page describes v4 as covering almost all Japanese business activities with 10,000+ processes and delivery in Excel and major LCA software.",A — owner/programme official page,Commercial licence required for database use,Yes,"No registration, login, purchase or restricted-content download was used."
EVD-0025,LCA-DB-0009,Italian LCA Database node,ENEA,https://bancadatiitalianalca.enea.it/Node/index.xhtml?stock=BDILCA,Government database node,2026-08-22,Identity; owner; stocks; sectors; access; schema; licence context,"The ENEA node names BDI-LCA and lists ARCADIA, EFFIGE and LIFE MAGIS LCI data stocks; public metadata are visible and full access requires registration.",B — government official infrastructure,Registration required for full dataset access,Yes,"No registration, login, purchase or restricted-content download was used."
EVD-0026,LCA-DB-0010,USEEIO models,US Environmental Protection Agency,https://www.epa.gov/land-research/us-environmentally-extended-input-output-useeio-models,Government programme page,2026-08-22,Identity; owner; scope; sector coverage; uses; maintenance,EPA describes USEEIO as a family of models combining 389-sector economic transactions with environmental and economic information.,B — government official page,None observed for public documentation and repositories,Yes,"No registration, login, purchase or restricted-content download was used."
EVD-0027,LCA-STD-0002,ISO 14040:2006 catalogue record,International Organization for Standardization,https://www.iso.org/standard/37456.html,Standards catalogue,2026-08-22,Identity; title; version; status; scope; committee; access restriction,"ISO identifies the current second edition, confirmed in 2022, with one amendment and a public abstract defining the LCA framework.",B — standards body official page,Full standard requires purchase,Yes,"No registration, login, purchase or restricted-content download was used."
EVD-0028,LCA-STD-0003,ISO 14067:2018 catalogue record,International Organization for Standardization,https://www.iso.org/standard/71206.html,Standards catalogue,2026-08-22,Identity; title; version; status; scope; predecessor; revision stage,"ISO lists the 2018 edition as published and to be revised, with a scope limited to quantification/reporting of product climate-change footprints.",B — standards body official page,Full standard requires purchase,Yes,"No registration, login, purchase or restricted-content download was used."
EVD-0029,LCA-SW-0004,One Click LCA platform and company overview,One Click LCA,https://oneclicklca.com/en-us/company/about-us,Official product/company page,2026-08-22,Identity; owner; sectors; functions; geographic reach; integrations,"The provider describes a cloud LCA and EPD platform for construction and manufacturing with BIM integrations, APIs and commercial access.",A — owner/maintainer official page,Account and commercial plan required for use,Yes,"No registration, login, purchase or restricted-content download was used."
EVD-0030,LCA-MTH-0002,RIVM LCA downloads — ReCiPe 2016,RIVM,https://www.rivm.nl/en/life-cycle-assessment-lca/downloads,Government method distribution page,2026-08-22,Identity; version; method level; files; update history,RIVM lists ReCiPe 2016 at midpoint and endpoint level with a corrected 2017 report and public characterization and normalization files.,B — government official page,No registration observed,Yes,"No registration, login, purchase or restricted-content download was used."
EVD-0031,LCA-MTH-0003,Recommendation on the use of Environmental Footprint methods,"European Commission, DG Environment",https://environment.ec.europa.eu/publications/recommendation-use-environmental-footprint-methods_en,Government method publication,2026-08-22,Identity; owner; purpose; release; public files,The Commission publishes its 2021 recommendation and annexes for measuring and communicating life-cycle environmental performance of products and organisations.,B — government official page,None for public documents,Yes,"No registration, login, purchase or restricted-content download was used."
EVD-0032,LCA-MTH-0004,Safe and Sustainable by Design framework,"European Commission, DG Research and Innovation",https://research-and-innovation.ec.europa.eu/research-area/industrial-research-and-innovation/chemicals-and-advanced-materials/safe-and-sustainable-design_en,Government framework page,2026-08-22,Identity; owner; current revision; users; scope; public documents,The official page describes the revised March 2026 voluntary SSbD recommendation and its whole-life-cycle assessment and innovation scope.,B — government official page,None for public documents,Yes,"No registration, login, purchase or restricted-content download was used."
EVD-0033,LCA-SW-0005,Sphera LCA software and data,Sphera,https://sphera.com/solutions/product-stewardship/life-cycle-assessment-software-and-data/,Official product page,2026-08-22,Identity; owner; software function; access; relationship to managed content,Sphera presents LCA for Experts as its expert modelling software and separately presents Managed LCA Content.,A — owner/maintainer official page,Commercial access,Yes,"No registration, login, purchase or restricted-content download was used."
EVD-0034,LCA-DB-0011,Sphera Managed LCA Content,Sphera,https://sphera.com/solutions/product-stewardship/life-cycle-assessment-software-and-data/managed-lca-content/,Official database portfolio page,2026-08-22,Identity; owner; scope; bundles; dataset count; access,"Sphera describes a managed commercial LCI portfolio with 20,000 datasets across standard and premium industry bundles.",A — owner/maintainer official page,Commercial database access,Yes,"No registration, login, purchase or restricted-content download was used."
EVD-0035,LCA-DB-0012,TianGong Data Platform,TianGong,https://www.tiangong.earth/data,Official project page,2026-08-22,Identity; scope; coverage claims; access channels; governance,"The official page describes TianGong LCA data, a Soda4LCA node, revision records and live statistics for processes, sectors, products and contributors.",A — project official page,Some platform actions may require an account; not used,Yes,"No registration, login, purchase or restricted-content download was used."
EVD-0036,LCA-PLT-0001,TianGong LCA introduction,TianGong,https://docs.tiangong.earth/en/,Official software documentation,2026-08-22,Identity; open-source status; functions; deployment; registration boundary,The documentation describes an open-source TIDAS-based LCA data platform with online/local deployment and multi-user collaboration.,A — project official documentation,Online use can require registration; not used,Yes,"No registration, login, purchase or restricted-content download was used."
EVD-0037,LCA-SYS-0001,TIDAS introduction,TianGong,https://tidas.tiangong.earth/en/docs/intro,Official technical documentation,2026-08-25,Identity; architecture; schema; tools; interoperability; access,"The official site brands the system as TIDAS — TianGong Data System and expands TIDAS as TIangong DAta System; it is an open-source JSON/JSON Schema system with methodology, format, data-resource, validation and eILCD conversion components.",A — project official documentation,None for public documentation,Yes,"No registration, login, purchase or restricted-content download was used."
EVD-0038,LCA-NOM-0002,BONSAI ontology and project,BONSAI,https://bonsai.uno/,Official project page and persistent ontology URI,2026-08-22,Identity; owner/community; open access; purpose,BONSAI provides open sustainability data/software and a published core ontology used for semantic life-cycle sustainability assessment.,A — project official page,None observed,Yes,"No registration, login, purchase or restricted-content download was used."
EVD-0039,LCA-NOM-0003,Life Cycle Assessment Ontology repository,Repository maintainer,https://github.com/tishchungoora/lca-ontology,Official source repository,2026-08-22,Identity; scope; format; licence; maintenance evidence,"The public repository contains an OWL LCA-methodology ontology, README and MIT licence, with no numbered releases.",A — source repository,None for public files,Yes,"No registration, login, purchase or restricted-content download was used."
EVD-0040,LCA-NOM-0004,LCABIM ontology stack,LCA to BIM Workflow project,https://design-computation-rwth.github.io/lcabim-ontology/,Official project documentation,2026-08-22,Identity; modules; scope; formats; identifiers; status,"The project publishes modular RDF/OWL resources for ILCD, construction classifications, indicators and BIM mappings under persistent w3id URIs.",A — project official page,None observed for public documentation,Yes,"No registration, login, purchase or restricted-content download was used."
EVD-0041,LCA-DB-0013,Base Empreinte presentation and access FAQ,ADEME,https://base-empreinte.ademe.fr/,Official government database page,2026-08-22,Identity; owner; lineage; scope; versions; access; restrictions,ADEME presents Base Empreinte as the official public emission-factor and LCI database merging Base Carbone and Base IMPACTS; consultation and download require a free account.,A — owner/maintainer official page,Registration required for dataset access; not used,Yes,"No registration, login, purchase or restricted-content download was used."
EVD-0042,LCA-NOM-0005,"AGROVOC about, access and maintenance",FAO,https://www.fao.org/agrovoc/about,Official UN vocabulary documentation,2026-08-22,Identity; ownership; scope; formats; API; licence; maintenance,"AGROVOC is a FAO-coordinated multilingual controlled vocabulary published as linked open data with RDF downloads, SPARQL and REST access.",A — owner/coordinator official page,None for public access; language-specific copyright applies,Yes,"No registration, login, purchase or restricted-content download was used."
EVD-0043,LCA-MTH-0005,What is AWARE?,WULCA,https://wulca-waterlca.org/what-is-aware/,Official method page,2026-08-22,Identity; purpose; calculation; spatial/temporal scale; factors; recommendations,"AWARE is a consensus water-scarcity LCIA method based on available water remaining, with sub-watershed/monthly factors and documented aggregation cautions.",A — method working-group official page,None observed for public documentation,Yes,"No registration, login, purchase or restricted-content download was used."
EVD-0044,LCA-DB-0014,About AusLCI,Australian Life Cycle Assessment Society,https://www.auslci.com.au/,Official national-database page,2026-08-22,Identity; owner; national scope; governance; public-access intent; methodology,AusLCI is presented as an ALCAS-led national publicly accessible database for standardized Australian product and service life-cycle data.,A — owner/initiative official page,Current download and licence details not clearly exposed,Yes,"No registration, login, purchase or restricted-content download was used."
EVD-0045,LCA-DB-0015,ÖKOBAUDAT downloads and technical resources,BMWSB/BBSR,https://www.oekobaudat.de/service/downloads,Official government database page,2026-08-22,Identity; owner; release; formats; access; validation; standards,"ÖKOBAUDAT publishes a downloadable 2024-II database, ILCD+EPD v1.2 specifications, validation tools and a 2026 conformance profile.",A — owner/maintainer official page,Dataset-specific rights require review,Yes,"No registration, login, purchase or restricted-content download was used."
EVD-0046,LCA-NET-0003,ECO Platform home and standards,ECO Platform AISBL,https://www.eco-platform.org/home.html,Official network page,2026-08-22,Identity; governance; members; scope; QA role; relation to portal,"ECO Platform coordinates EPD programme operators, harmonizes rules and quality requirements, and provides digital data through the separate ECO Portal.",A — owner/maintainer official page,None for public network metadata,Yes,"No registration, login, purchase or restricted-content download was used."
EVD-0047,LCA-REP-0003,ECO Portal access and API information,ECO Platform AISBL,https://www.eco-platform.org/epd-data.html,Official portal page,2026-08-22,Identity; access; API; fees; registration; transition,ECO Platform states that general EPD access remains free after registration while professional API categories can have annual fees; the portal federates programme nodes.,A — owner/maintainer official page,Registration required; professional API may require fees,Yes,"No registration, login, purchase or restricted-content download was used."
EVD-0048,LCA-FMT-0003,ILCD+EPD format and validation resources,BMWSB/BBSR — ÖKOBAUDAT,https://www.oekobaudat.de/service/downloads,Official technical documentation,2026-08-22,Identity; lineage; version; schema; validation; standards conformance,"ILCD+EPD v1.2 is documented as an ILCD extension for EN 15804, with definitions, developer documentation and downloadable validation profiles.",A — government technical page,None for public technical resources,Yes,"No registration, login, purchase or restricted-content download was used."
EVD-0049,LCA-DB-0016,LCDN developer resources — ELCD status,European Commission Joint Research Centre,https://eplca.jrc.ec.europa.eu/LCDN/developerILCD.html,Official government technical page,2026-08-22,Identity; owner; format; discontinued status; surviving components,"JRC states that ELCD process data were discontinued in 2018 because they were obsolete, while flow lists and LCIA methods remain valid for ILCD entry-level use.",A — owner/maintainer official page,None for public legacy resources,Yes,"No registration, login, purchase or restricted-content download was used."
EVD-0050,LCA-MTH-0006,ILCD Handbook umbrella report,European Commission Joint Research Centre,https://publications.jrc.ec.europa.eu/repository/handle/JRC66506,Official government reference report,2026-08-22,Identity; owner; scope; components; users; ISO basis,"The ILCD Handbook provides a common basis and detailed technical guidance for quality-assured life-cycle data, methods, assessments and reviews.",A — publisher/owner official repository,None for public publication,Yes,"No registration, login, purchase or restricted-content download was used."
EVD-0051,LCA-STD-0004,DIN EN 15804 consolidated catalogue record,DIN Media / CEN national member,https://www.dinmedia.de/en/standard/din-en-15804/344735627,Official standards catalogue,2026-08-22,Identity; current consolidated version; publication status; title; access restriction,The catalogue records EN 15804:2012+A2:2019+AC:2021 as the current construction-EPD core-rule standard.,A — national standards-body catalogue,Full text requires purchase; not accessed,Yes,"No registration, login, purchase or restricted-content download was used."
EVD-0052,LCA-FMT-0004,openLCA schema repository,GreenDelta,https://github.com/GreenDelta/olca-schema,Official source/specification repository,2026-08-22,Identity; purpose; serialization; generated bindings; licence; maintenance,"GreenDelta defines openLCA schema as the application's data-exchange format, with JSON packages, generated bindings and CC0 1.0 dedication.",A — owner/maintainer official repository,None for public specification,Yes,"No registration, login, purchase or restricted-content download was used."
EVD-0053,LCA-STD-0005,ISO 14025:2026 catalogue record,ISO,https://www.iso.org/cms/live/live/en/sites/isoorg/contents/data/standard/08/76/87610.html,Official standards catalogue,2026-08-22,Identity; edition; publication date; current status; predecessor; scope; dependencies,"ISO 14025:2026 edition 2 was published in June 2026, replacing the withdrawn 2006 edition and specifying EPD programme/declaration requirements.",A — standards owner official catalogue,Full standard requires purchase; not accessed,Yes,"No registration, login, purchase or restricted-content download was used."
EVD-0054,LCA-STD-0006,ISO/TS 14048:2002 catalogue record,ISO,https://www.iso.org/standard/29872.html,Official standards catalogue,2026-08-22,Identity; current status; confirmation date; scope; limitations,ISO/TS 14048:2002 specifies data-field structures for transparent LCA/LCI documentation and exchange and was confirmed current in 2025.,A — standards owner official catalogue,Full specification requires purchase; not accessed,Yes,"No registration, login, purchase or restricted-content download was used."
EVD-0055,LCA-MTH-0007,TRACI official method page,US EPA,https://www.epa.gov/chemical-research/tool-reduction-and-assessment-chemicals-and-other-environmental-impacts-traci,Official government method page,2026-08-22,Identity; owner; purpose; categories; current factors; access; maintenance,"EPA provides TRACI 2.2 characterization factors for LCIA and documents its impact categories, manual and ongoing spatial-method work.",A — owner/maintainer official page,None observed for public factors,Yes,"No registration, login, purchase or restricted-content download was used."
EVD-0056,LCA-SW-0007,R&D GREET Life Cycle Assessment Model,U.S. Department of Energy,https://www.energy.gov/cmei/rd-greet-life-cycle-assessment-model,Official government model page,2026-08-22,Identity; owner; maintainer; scope; users; versions; formats,"DOE identifies R&D GREET as an Argonne-developed life-cycle model covering vehicles, fuels, chemicals and materials, available in Excel and .NET forms with annual releases.",A — owner/sponsor official page,Public download terms apply,Yes,"No registration, login, purchase or restricted-content download was used."
EVD-0057,LCA-DB-0017,GFLI Database version 3.0 and access,Global Feed LCA Institute,https://globalfeedlca.org/the-gfli-database-update-version-3-0-is-here/,Official database release page,2026-08-22,Identity; owner; version; release date; ingredient count; access; QA changes,"GFLI database v3.0 was released in January 2026 with 1,920 ingredients; all database levels require a signed licence.",A — owner/maintainer official page,Licence and login required; not used,Yes,"No registration, login, purchase or restricted-content download was used."
EVD-0058,LCA-MTH-0008,GFLI v3.0 Methodology and Procedures,Global Feed LCA Institute,https://globalfeedlca.org/wp-content/uploads/2026/01/GFLI-V3.0-Methodology-n-Procedures-for-data-projects-January-2026.pdf,Official methodology document,2026-08-22,Identity; version; release; scope; data requirements; QA; relationship to database,GFLI methodology v3.0 is the current January 2026 guidance and is explicitly versioned with database v3.0.,A — owner/maintainer official document,None for public document; database separately licensed,Yes,"No registration, login, purchase or restricted-content download was used."
EVD-0059,LCA-PLT-0002,HESTIA platform and public data access,HESTIA / University of Oxford,https://www.hestia.earth/guide/guide-accessing-data/,Official platform documentation,2026-08-22,Identity; governance; scope; access; formats; API; licence; releases,"HESTIA public data are freely accessible without an account via explorer, downloads and API, under CC BY 4.0 and in versioned releases.",A — owner/maintainer official documentation,Newest and preview releases have time-delayed priority access,Yes,"No registration, login, purchase or restricted-content download was used."
EVD-0060,LCA-FMT-0005,The HESTIA Data Standard,HESTIA / University of Oxford,https://www.hestia.earth/guide/guide-data-standard,Official technical documentation,2026-08-22,Identity; entities; identifiers; JSON-LD; validation; converters,"The HESTIA standard structures Sites, Cycles, Sources, ImpactAssessments and Terms with linked identifiers and converter support.",A — owner/maintainer official documentation,None for public documentation,Yes,"No registration, login, purchase or restricted-content download was used."
EVD-0061,LCA-SW-0008,HESTIA Calculation Models and Community Edition,HESTIA / University of Oxford,https://www.hestia.earth/docs,Official software documentation,2026-08-22,Identity; function; open-source status; local deployment; model coverage; versions,HESTIA provides open-source calculation modules and a self-hosted Community Edition for structured agricultural LCA calculations.,A — owner/maintainer official documentation,None for public documentation/source; component licences need release-level capture,Yes,"No registration, login, purchase or restricted-content download was used."
EVD-0062,LCA-NOM-0006,FoodOn ontology and source repository,FoodOn / OBO Foundry community,https://github.com/FoodOntology/foodon,Official ontology repository,2026-08-22,Identity; scope; files; identifiers; releases; governance; licence,"FoodOn is an open farm-to-fork OWL ontology with persistent releases, community maintenance and CC BY 4.0 licensing.",A — official source repository,None for public ontology,Yes,"No registration, login, purchase or restricted-content download was used."
EVD-0063,LCA-NET-0004,GHG Protocol about and governance,WRI and WBCSD,https://ghgprotocol.org/about-us,Official initiative page,2026-08-22,Identity; owners; mission; governance; standards scope; maintenance,"GHG Protocol is managed by WRI and WBCSD and uses steering, standards-board and technical-working-group governance for global GHG accounting standards.",A — owner/maintainer official page,None for public programme metadata,Yes,"No registration, login, purchase or restricted-content download was used."
EVD-0064,LCA-MTH-0009,GHG Protocol Product Standard,WRI and WBCSD,https://ghgprotocol.org/product-standard,Official standard page,2026-08-22,Identity; owners; scope; access; governance; current revision status,The Product Standard covers full product life-cycle GHG emissions and is publicly downloadable; a joint ISO harmonization effort was announced in 2026.,A — standards owner official page,None for public standard download,Yes,"No registration, login, purchase or restricted-content download was used."
EVD-0065,LCA-MTH-0010,IMPACT World+ methodology and versions,IMPACT World+ consortium,https://www.impactworldplus.org/methodology/,Official method page,2026-08-22,Identity; scope; versions; regionalization; indicators; maintenance; access,"IMPACT World+ is an actively maintained globally regionalized LCIA method; v2.2.1 was released in March 2026 with Expert, Midpoint and Footprint variants.",A — method owner/maintainer official page,None observed for public method resources,Yes,"No registration, login, purchase or restricted-content download was used."
EVD-0066,LCA-SW-0009,Ecochain LCA automation software,Ecochain Technologies,https://ecochain.com/product/,Official software product page,2026-08-22,Identity; owner; current branding; functions; standards; access; integrations,"Ecochain describes one unified commercial LCA automation solution, with Mobius and Helix retained as earlier application names.",A — owner/maintainer official page,Account/subscription required; not used,Yes,"No registration, login, purchase or restricted-content download was used."
EVD-0067,LCA-QA-0001,ecoinvent Data Quality Guidelines and uncertainties,ecoinvent Association,https://support.ecoinvent.org/introduction-to-the-database,Official database methodology page,2026-08-22,Identity; owner; role; review; pedigree indicators; uncertainty; access,ecoinvent describes its Data Quality Guidelines as the cornerstone of version 3 modelling and documents a five-indicator pedigree matrix used in uncertainty calculations.,A — owner/maintainer official page,Underlying database remains licensed,Yes,"No registration, login, purchase or restricted-content download was used."
EVD-0068,LCA-FMT-0006,ecoinvent data formats overview — EcoSpold 1 legacy,ecoinvent Association,https://support.ecoinvent.org/data-formats-overview,Official format overview,2026-08-22,Identity; lineage; legacy status; relation to ecoSpold2,EcoSpold 1 is the predecessor of ecoSpold2 and remains a legacy exchange format rather than a current ecoinvent format.,A — successor-owner official overview,Historical schema/licence details incomplete,Yes,"No registration, login, purchase or restricted-content download was used."
EVD-0069,LCA-DB-0018,WFLDB official overview,Quantis,https://quantis.com/services-solutions/consortium-building-and-management/wfldb/,Official database page,2026-08-22,Identity; owner; scope; coverage; access; review,The official page describes an international food LCI database with thousands of datasets and access through eQosphere.,A — owner/maintainer official page,Commercial access; not used,Yes,"No registration, login, purchase or restricted-content download was used."
EVD-0070,LCA-DB-0019,Environmental impact of food products,RIVM,https://www.rivm.nl/en/food-and-nutrition/sustainable-food/environmental-impact-of-food-products,Government database page,2026-08-22,Identity; owner; scope; version; download; licence; method; limitations,RIVM offers a free CC BY 4.0 XLSX database for about 400 generic foods and warns that individual-product comparisons require external review.,A — government owner official page,None for public download,Yes,"No registration, login, purchase or restricted-content download was used."
EVD-0071,LCA-DB-0020,ProBas and ProBas2 public database,German Environment Agency,https://www.probas.umweltbundesamt.de/,Government database page,2026-08-22,Identity; owner; scope; dataset count; public access; exports,"UBA states that ProBas has supplied free process data since the 1990s and offers over 20,000 datasets with standard export functions.",A — government owner official page,Rights and quality vary by source dataset,Yes,"No registration, login, purchase or restricted-content download was used."
EVD-0072,LCA-DB-0021,INIES reference database and consultation guide,INIES,https://www.inies.fr/en/accueil/,Official database page,2026-08-22,Identity; scope; governance; contents; access; verification; web service,"INIES is the French reference database for building environmental and health data, with free online consultation and governed verification programmes.",A — operator official page,Submission and some services require accounts/contracts,Yes,"No registration, login, purchase or restricted-content download was used."
EVD-0073,LCA-DB-0022,PlasticsEurope Eco-profiles set,Plastics Europe,https://plasticseurope.org/sustainability/circularity/life-cycle-thinking/eco-profiles-set/,Official sector database page,2026-08-22,Identity; owner; scope; formats; updates; distribution; methodology,"The official collection comprises plastics LCI datasets and EPDs, downloadable in multiple formats with product-level dates and update notes.",A — owner/maintainer official page,Some obsolete datasets supplied only on request,Yes,"No registration, login, purchase or restricted-content download was used."
EVD-0074,LCA-DB-0023,worldsteel LCI data and eco-profiles,World Steel Association,https://worldsteel.org/wider-sustainability/life-cycle-thinking/life-cycle-inventory-data-and-eco-profiles/,Official industry database page,2026-08-22,Identity; owner; current release; products; geography; access; methodology,worldsteel released its current 2024 global/regional LCI dataset in May 2026 for 16 steel products and provides public eco-profiles.,A — owner/maintainer official page,Full LCI data require a request form; not used,Yes,"No registration, login, purchase or restricted-content download was used."
EVD-0075,LCA-FMT-0007,openEPD format principles and specification,openEPD Forum,https://docs.open-epd-forum.org/en/open-epd-format/,Official specification,2026-08-22,Identity; openness; schema; compatibility; versioning; security; extensions,"The specification describes a free JSON/OpenAPI-compatible, versioned EPD interchange format with mandatory fields and sector extensions.",A — format owner official documentation,None for public specification,Yes,"No registration, login, purchase or restricted-content download was used."
EVD-0076,LCA-FMT-0008,PACT Technical Specifications,WBCSD / PACT,https://wbcsd.github.io/data-exchange-protocol/,Official technical specification index,2026-08-22,Identity; owner; versions; data model; API; methodology relationship; releases,"PACT publishes current and archived product-carbon-footprint data models, OpenAPI schemas and REST exchange specifications.",A — standards owner official repository,None for public specification,Yes,"No registration, login, purchase or restricted-content download was used."
EVD-0077,LCA-STD-0007,ISO 14044:2006 catalogue record,International Organization for Standardization,https://www.iso.org/standard/38498.html,Official standards catalogue,2026-08-22,Identity; status; edition; confirmation; amendments; scope; governance,"ISO lists the first 2006 edition as published and current after 2022 confirmation, with amendments from 2017 and 2020.",A — standards owner official catalogue,Full standard requires purchase; not accessed,Yes,"No registration, login, purchase or restricted-content download was used."
EVD-0078,LCA-MTH-0011,LCA resources at CML-IE,Leiden University / CML,https://web.universiteitleiden.nl/cml/ssp/projects/lca2/,Official archival method page,2026-08-22,Identity; owner; factors; guide; review; access,CML's official archival site provides LCA guide and characterisation-factor resources and notes internal and external review.,B — owner archival page,Current release/licence metadata incomplete,Yes,"No registration, login, purchase or restricted-content download was used."
EVD-0079,LCA-MTH-0012,GLAM — Global LCIA Method,UNEP-hosted Life Cycle Initiative,https://www.lifecycleinitiative.org/activities/life-cycle-assessment-data-and-methods/global-guidance-for-life-cycle-impact-assessment-indicators-and-methods-glam/,Official programme/method page,2026-08-22,Identity; owner; version; scope; factors; governance; access; maintenance,"GLAM 1.0.2024.10 is a public consensus-based global LCIA method with midpoint/damage factors, normalization and weighting, now under stewardship.",A — programme owner official page,File-level licence to be confirmed,Yes,"No registration, login, purchase or restricted-content download was used."
EVD-0080,LCA-QA-0002,Guidance on Data Quality Assessment for Life Cycle Inventory Data,US EPA,https://cfpub.epa.gov/si/si_public_record_report.cfm?Lab=NRMRL&dirEntryId=321834,Official government report record,2026-08-22,Identity; owner; report number; date; indicators; scope; purpose; access,EPA/600/R-16/096 defines flow- and unit-process-level pedigree indicators to support reproducible LCI data-quality assessment.,A — government owner official record,None for public report,Yes,"No registration, login, purchase or restricted-content download was used."
EVD-0081,LCA-QA-0003,Commission Recommendation (EU) 2021/2279 on Environmental Footprint methods,European Commission,https://op.europa.eu/en/publication-detail/-/publication/867f763f-01d7-11ed-acce-01aa75ed71a1,Official EU publication,2026-08-22,Identity; owner; date; method basis; access; DQR framework,The public Commission Recommendation establishes the Environmental Footprint methods and their data-quality requirements for products and organisations.,A — government/owner official publication,None for public publication,Yes,"No registration, login, purchase or restricted-content download was used."
EVD-0082,LCA-NET-0005,"Life Cycle Initiative mission, vision and approach",UNEP-hosted Life Cycle Initiative,https://www.lifecycleinitiative.org/about/our-mission-vision-and-approach/,Official programme page,2026-08-22,Identity; owner; history; governance; mission; scope; strategy,The initiative is a UNEP-hosted global partnership launched with SETAC in 2002 to advance and disseminate life-cycle knowledge.,A — programme owner official page,None for public programme metadata,Yes,"No registration, login, purchase or restricted-content download was used."
EVD-0083,LCA-SW-0010,LCA as Code product and download page,LCA as Code,https://lca-as-code.com/,Official software page,2026-08-22,Identity; purpose; version; access; features; formats; users,LCA as Code provides a domain-specific language and IDE for parameterized LCA models and lists version 1.7.12 with major import/export formats.,A — owner/maintainer official page,Full licence and commercial deployment terms unclear,Yes,"No registration, login, purchase or restricted-content download was used."
EVD-0084,LCA-FMT-0009,LCAx schema and source repository,LCAx contributors,https://github.com/ocni-dtu/lcax,Official source repository,2026-08-22,Identity; purpose; schema; licence; tests; language implementations,"The repository defines an Apache-2.0 open LCA exchange format with JSON schema, validation schema and tests.",A — official source repository,None for public schema/source,Yes,"No registration, login, purchase or restricted-content download was used."
EVD-0085,LCA-SW-0011,LCAx documentation,LCAx contributors,https://docs.lcax.org/,Official software documentation,2026-08-22,Identity; toolkit functions; languages; conversion; validation; calculation,"The documentation presents a multi-language toolkit implementing common-format exchange, conversion, validation, impact analysis and EPD support.",A — official project documentation,None for public source/docs,Yes,"No registration, login, purchase or restricted-content download was used."
EVD-0086,LCA-SW-0012,LCIA Formatter source and paper,Federal LCA Commons / US EPA-supported team,https://github.com/FLCAC-admin/LCIAformatter,Official source repository,2026-08-22,Identity; purpose; source; mappings; outputs; governance; QA,"LCIA Formatter transparently acquires source methods, maps them to FEDEFL and exports interoperable LCIA datasets for the federal LCA ecosystem.",A — official government ecosystem repository,None for public source,Yes,"No registration, login, purchase or restricted-content download was used."
EVD-0087,LCA-SW-0013,soda4LCA project overview,soda4LCA maintainers,https://soda4lca.io/,Official software page,2026-08-22,Identity; purpose; format; API; federation; open-source status; maintenance,The project describes a web database and REST service for ILCD LCI/LCIA data whose nodes can be federated for search.,A — maintainer official page,Node-specific credentials and terms vary,Yes,"No registration, login, purchase or restricted-content download was used."
EVD-0088,LCA-SW-0014,premise source and current documentation,premise contributors,https://github.com/polca/premise,Official source repository,2026-08-22,Identity; purpose; dependencies; versions; scenarios; limits; reproducibility,"premise is a Python tool that transforms ecoinvent with IAM scenarios; the project documents supported versions, sector scope and reproducibility dependencies.",A — official source repository,ecoinvent licence and some IAM scenario keys are separate; not accessed,Yes,"No registration, login, purchase or restricted-content download was used."
EVD-0089,LCA-DB-0024,OpenIO-Canada project and repository,CIRAIG,https://github.com/CIRAIG/OpenIO-Canada,Official source repository,2026-08-22,Identity; owner; purpose; geography; classifications; versions; access,The repository builds Canadian symmetric environmentally extended input-output tables and lists OpenIO v2.11 as the latest release.,A — project official repository,None for public source; source-data terms require review,Yes,"No registration, login, purchase or restricted-content download was used."
EVD-0090,LCA-DB-0025,PSILCA official database overview,GreenDelta,https://psilca.net/,Official database page,2026-08-22,Identity; owner; version; geography; sectors; indicators; variants; access; QA,The provider describes PSILCA 4.0 as a global Social-LCA database with 189-country MRIO coverage and three commercial variants.,A — owner/maintainer official page,Commercial licence; not accessed,Yes,"No registration, login, purchase or restricted-content download was used."
EVD-0091,LCA-DB-0026,Social Hotspots Database official site,Social Hotspots Database,https://www.socialhotspot.org/,Official database page,2026-08-22,Identity; purpose; users; software access; commercial model,"SHDB is presented as a global social-risk database used with LCA software for social footprints, due diligence and hotspot analysis.",A — owner/maintainer official page,Commercial licence; detailed public metadata incomplete,Yes,"No registration, login, purchase or restricted-content download was used."
EVD-0092,LCA-MTH-0013,PACT Methodology Version 3.0,WBCSD / PACT,https://wbcsd.github.io/tr/methodology/3.0/pact-methodology-v3.0.pdf,Official methodology,2026-08-22,Identity; owner; version; scope; standards basis; access; governance,Version 3 is public cross-sector guidance for accurate and transparent product-carbon calculations and underpins the PACT exchange specification.,A — method owner official release,None for public document,Yes,"No registration, login, purchase or restricted-content download was used."
EVD-0093,LCA-PLT-0003,BONSAI platform and foundation,BONSAI association,https://bonsai.uno/,Official platform page,2026-08-22,Identity; governance; scope; access; data/software licences; API; mission,"BONSAI provides open product footprints, data downloads, public API and MIT-licensed software under a not-for-profit association.",A — owner/maintainer official page,None for public platform and downloads,Yes,"No registration, login, purchase or restricted-content download was used."
EVD-0094,LCA-DB-0027,BONSAI database download,BONSAI association,https://www.bonsai.uno/download,Official database download page,2026-08-22,Identity; access; release status; scope; features; licence context,"The BONSAI download page presents the first open database release with supply-use, production-function and waste-modelling features.",A — owner/maintainer official page,None for public download,Yes,"No registration, login, purchase or restricted-content download was used."
EVD-0095,LCA-MTH-0014,Catena-X further guidance documents for PCF,Catena-X Automotive Network,https://catena-x.net/further-guidance-documents-for-pcf/,Official standards/guidance library,2026-08-22,Identity; owner; current release; scope; supporting modules; access,"The library publishes current PCF calculation guidance and related DQR, data-model, allocation, recycling and logistics documents dated July 2026.",A — owner/maintainer official page,None for public downloads,Yes,"No registration, login, purchase or restricted-content download was used."
EVD-0096,LCA-QA-0004,Catena-X Data Quality Rating Guidance,Catena-X Automotive Network,https://catena-x.net/further-guidance-documents-for-pcf/,Official guidance library,2026-08-22,Identity; indicators; scope; release date; access,"The official library describes DQR guidance using technological, geographical and temporal representativeness indicators for PCF data.",A — owner/maintainer official page,None for public download,Yes,"No registration, login, purchase or restricted-content download was used."
EVD-0097,LCA-FMT-0010,Catena-X PCF Data Model Guidance,Catena-X Automotive Network,https://catena-x.net/further-guidance-documents-for-pcf/,Official data-model guidance,2026-08-22,Identity; purpose; attributes; lifecycle; release; access,The guidance defines the functional PCF data model and lifecycle/time-period attributes for Catena-X exchange.,A — owner/maintainer official page,None for public guidance,Yes,"No registration, login, purchase or restricted-content download was used."
EVD-0098,LCA-MTH-0015,TfS PCF Guideline,Together for Sustainability,https://www.tfs-initiative.com/pcf-guideline,Official programme/guideline page,2026-08-22,Identity; owner; version; sector; languages; access; governance; related assets,TfS publishes an open chemical-sector Product Carbon Footprint Guideline v3.0 and linked reporting and verification resources.,A — owner/maintainer official page,None for public downloads,Yes,"No registration, login, purchase or restricted-content download was used."
EVD-0099,LCA-FMT-0011,TfS PCF Data Model,Together for Sustainability,https://www.tfs-initiative.com/pcf-guideline,Official data-model page,2026-08-22,Identity; owner; purpose; fields; nomenclature; access; relation to method,"TfS publishes a separate technical model describing how chemical PCFs are reported through data fields, nomenclature and formatting.",A — owner/maintainer official page,None for public download,Yes,"No registration, login, purchase or restricted-content download was used."
EVD-0100,LCA-QA-0005,TfS PCF Verification and Program Certification Framework,Together for Sustainability,https://www.tfs-initiative.com/pcf-guideline,Official verification-framework page,2026-08-22,Identity; owner; version; scope; roles; purpose; access,"Framework v2 defines a scalable system for PCF verification, programme certification and appointment of trusted verifiers and certifiers.",A — owner/maintainer official page,Operational appointment/certification is controlled,Yes,"No registration, login, purchase or restricted-content download was used."
EVD-0101,LCA-NET-0006,About the Plastic Footprint Network,Plastic Footprint Network,https://www.plasticfootprint.earth/about/,Official network page,2026-08-22,Identity; convener; history; purpose; scope; relationship to method,PFN emerged to harmonize plastic-pollution assessment and mitigation methods and is convened by EA – Earth Action.,A — network official page,None for public metadata,Yes,"No registration, login, purchase or restricted-content download was used."
EVD-0102,LCA-MTH-0016,PFN Assessment Methodology,Plastic Footprint Network,https://www.plasticfootprint.earth/assessment-methodology/,Official methodology library,2026-08-22,Identity; scope; modules; users; governance; access; maturity,"The library provides strategic and technical modules for plastic leakage and impact assessment, including downloadable calculation spreadsheets.",A — method owner official page,Some modules remain under consultation,Yes,"No registration, login, purchase or restricted-content download was used."
EVD-0103,LCA-MTH-0017,IPCC AR6 WGI Chapter 7 and supplementary emission metrics,Intergovernmental Panel on Climate Change,https://www.ipcc.ch/report/ar6/wg1/chapter/chapter-7/,Official scientific assessment,2026-08-22,Identity; owner; metric definitions; current report; factors; review; access,AR6 Working Group I documents GWP and GTP metrics and provides current gas-specific characterization values and time horizons.,A — authoritative assessment owner,None for public report,Yes,"No registration, login, purchase or restricted-content download was used."
EVD-0104,LCA-SW-0006,Lavoisier source repository,Lavoisier project maintainers,https://github.com/JosePauloSavioli/Lavoisier,Official source repository,2026-08-22,Identity; purpose; formats; installation; API; licence; maintenance statement; governance support,"The repository describes a GPL-3.0 Python library for bidirectional EcoSpold 2 and ILCD 1 conversion, including tests, documentation and optional API dependencies.",A — official source repository,None observed for public source and documentation,Yes,"No registration, login, purchase or restricted-content download was used."
EVD-0105,LCA-DB-0028,European Commission Environmental Footprint Data Node,European Commission Joint Research Centre,https://eplca.jrc.ec.europa.eu/EF-node/index.xhtml,Government data node,2026-08-22,Identity; owner; stocks; versions; data types; formats; public access; method linkage,"The official node publishes EF 2.0 and EF 3.1 representative-product and background-process stocks with public browse, ZIP and XML access.",A — owner/operator official data node,Dataset-level rights and validity conditions vary,Yes,"No registration, login, purchase or restricted-content download was used."
EVD-0106,LCA-REP-0004,International EPD System Data Hub,EPD International AB,https://data.environdec.com/index.xhtml,Official programme data node,2026-08-22,Identity; operator; stocks; node software; public access; content type,The public International EPD System hub lists five digital-EPD/reference data stocks and identifies its soda4LCA deployment.,A — operator official data node,Programme and declaration-level terms apply,Yes,"No registration, login, purchase or restricted-content download was used."
EVD-0107,LCA-DB-0029,Embodied Carbon — the ICE Database,Circular Ecology,https://circularecology.com/embodied-carbon-footprint-database.html,Official database page,2026-08-22,Identity; owner; current version; scope; access; licence; transition; version history,"ICE Educational v5.0 was released in June 2026 for educational use, covers more than 200 construction materials and replaces professional ICE use with the licensed IC+ route.",A — owner/maintainer official page,Download form required; educational-only use; form not submitted,Yes,"No registration, login, purchase or restricted-content download was used."
EVD-0108,LCA-DB-0030,ESU World Food Database,ESU-services Ltd.,https://esu-services.ch/data/fooddata/,Official database page,2026-08-22,Identity; owner; scope; dataset count; background; formats; uncertainty; access; price,"The official page describes more than 2,600 transparent food LCIs using BAFU:2025+ESU backgrounds, distributed commercially in EcoSpold v1 and SimaPro forms.",A — owner/maintainer official page,Commercial purchase or request required; not used,Yes,"No registration, login, purchase or restricted-content download was used."
EVD-0109,LCA-DB-0031,Open Source LCA Database for Footwear & Apparel,"Carbonfact / Kanso, Inc.",https://www.carbonfact.com/database,Official database page,2026-08-22,Identity; owner; scope; dataset counts; indicators; licence; format; QA; geography; updates,"The first release offers 300+ disaggregated LCIs and 4,800+ PEFCR impact scores as CSV under CC BY-SA 4.0, initially using a global energy mix.",A — owner/maintainer official page,None stated for public database; share-alike licence applies,Yes,"No registration, login, purchase or restricted-content download was used."
EVD-0110,LCA-DB-0032,CEPE LCI Project,CEPE,https://cepe.org/sustainability/lci-project/,Official industry database page,2026-08-22,Identity; owner; scope; dataset count; geography; formats; maintenance; access,"CEPE's second database version covers 323 European-average raw materials, is regularly updated and is distributed in GaBi, SimaPro and Excel under member access controls.",A — owner/maintainer official page,"CEPE membership, valid ecoinvent licence and NDA/access process required",Yes,"No registration, login, purchase or restricted-content download was used."
EVD-0111,LCA-DB-0033,Open CEDA by Watershed,AWS Registry of Open Data / Watershed Technology,https://registry.opendata.aws/open-ceda/,Official public-data registry record,2026-08-22,Identity; owner; version; coverage; base year; licence; format; access; update frequency,"Open CEDA 2025 is a CC BY-SA global MR-EEIO model with 148-country and 400-sector coverage, distributed as XLSX through a no-account public S3 bucket.",A — maintainer-managed public-data registry,None for public download; CC BY-SA applies,Yes,"No registration, login, purchase or restricted-content download was used."
EVD-0112,LCA-DB-0034,NEEDS in openLCA,GreenDelta,https://nexus.openlca.org/ws/files/9971,Official distributor technical note,2026-08-22,Identity; scope; scenarios; process counts; formats; conversion; QA issues; distribution,"The 2017 note documents NEEDS version 2 with 794 system and 139 unit processes for future electricity, materials and transport scenarios, plus openLCA conversion corrections.",B — official distributor technical documentation,Nexus registration required for database download; current licence not publicly confirmed,Yes,"No registration, login, purchase or restricted-content download was used."
EVD-0113,LCA-REP-0005,Life Cycle Inventory Library,Textile Exchange,https://textileexchange.org/lci-library/,Official sector repository page,2026-08-22,Identity; owner; partner; scope; access; update frequency; QA; limitations; use cases,"The library provides open textile-sector LCI inputs for raw-material production and initial processing, with biannual updates and completeness checks but no data verification.",A — owner/operator official page,Dataset-level source permissions and terms require checking,Yes,"No registration, login, purchase or restricted-content download was used."
EVD-0114,LCA-SW-0015,2050 Materials Sustainability Data API,2050 Materials,https://2050-materials.com/sustainability-data-api/,Official product or technical page,2026-08-22,Identity; owner; scope; access; functions; version/maintenance,"The provider documents an API aggregating construction EPDs, declarations and factors, with product/material/matching endpoints and plan-specific access.",A — owner/maintainer or authoritative public source,API access requires account and plan,Yes,"No registration, login, purchase or restricted-content download was used."
EVD-0115,LCA-SW-0016,Climatiq Carbon Intelligence Platform,Climatiq,https://www.climatiq.io/,Official product or technical page,2026-08-22,Identity; owner; scope; access; functions; version/maintenance,"Climatiq publicly documents PCF Studio, Data Studio and a REST API backed by a large multi-source emission-factor catalogue.",A — owner/maintainer or authoritative public source,Use requires an account or commercial plan,Yes,"No registration, login, purchase or restricted-content download was used."
EVD-0116,LCA-SW-0017,Higg Index,Cascale; exclusively delivered on Worldly,https://cascale.org/tools-programs/higg-index-tools/,Official product or technical page,2026-08-22,Identity; owner; scope; access; functions; version/maintenance,Cascale identifies five Higg tools and distinguishes the Higg PM/MSI product modules; access is exclusively through Worldly.,A — owner/maintainer or authoritative public source,Subscription/account required for tool use,Yes,"No registration, login, purchase or restricted-content download was used."
EVD-0117,LCA-SW-0018,Makersite,Makersite GmbH,https://makersite.io/,Official product or technical page,2026-08-22,Identity; owner; scope; access; functions; version/maintenance,"The provider presents Makersite as product-lifecycle intelligence software for automated LCA, PCF, EPD, Scope 3 and design decisions.",A — owner/maintainer or authoritative public source,Commercial use requires agreement,Yes,"No registration, login, purchase or restricted-content download was used."
EVD-0118,LCA-SW-0019,EOS — Environmental Operating System,Eaternity,https://eaternity.org/,Official product or technical page,2026-08-22,Identity; owner; scope; access; functions; version/maintenance,"Eaternity describes EOS as an open-source platform for reproducible LCA of ingredients, meals, food systems and diets, with public documentation and repository links.",A — owner/maintainer or authoritative public source,Commercial products and hosted functions have separate terms,Yes,"No registration, login, purchase or restricted-content download was used."
EVD-0119,LCA-SW-0020,Matter PD,EarthShift Global,https://earthshiftglobal.com/matter-pd/,Official product or technical page,2026-08-22,Identity; owner; scope; access; functions; version/maintenance,"EarthShift Global documents cloud product-design LCA with ecoinvent, multiple impact categories, Monte Carlo analysis and a paid account model.",A — owner/maintainer or authoritative public source,Account and subscription required,Yes,"No registration, login, purchase or restricted-content download was used."
EVD-0120,LCA-SW-0021,PackageSmart,EarthShift Global,https://earthshiftglobal.com/packagesmart,Official product or technical page,2026-08-22,Identity; owner; scope; access; functions; version/maintenance,"The provider describes a cloud packaging LCA tool with scenario/comparative analysis and more than 8,000 internationally verified datasets.",A — owner/maintainer or authoritative public source,Commercial/account access,Yes,"No registration, login, purchase or restricted-content download was used."
EVD-0121,LCA-SW-0022,PIQET,PIQET service team,https://piqet.com/,Official product or technical page,2026-08-22,Identity; owner; scope; access; functions; version/maintenance,PIQET's public site identifies a cloud packaging LCA service using ecoinvent and updated data to compare environmental impacts.,A — owner/maintainer or authoritative public source,Account/licence required,Yes,"No registration, login, purchase or restricted-content download was used."
EVD-0122,LCA-SW-0023,Real-Time LCA,Real-Time LCA,https://docs.realtimelca.com/,Official product or technical page,2026-08-22,Identity; owner; scope; access; functions; version/maintenance,"Public documentation defines Real-Time LCA as a platform for embodied and operational carbon with projects, libraries and integrations.",B — authoritative distributor/project documentation,Account activation required for tool use,Yes,"No registration, login, purchase or restricted-content download was used."
EVD-0123,LCA-SW-0024,VoLCA,VoLCA maintainers,https://www.volca.run/,Official product or technical page,2026-08-22,Identity; owner; scope; access; functions; version/maintenance,"VoLCA publicly documents imports, LCIA, checked exports and browser/desktop/self-host/API/Python/CLI/MCP access with an open-source engine.",A — owner/maintainer or authoritative public source,None for public metadata,Yes,"No registration, login, purchase or restricted-content download was used."
EVD-0124,LCA-SW-0025,Capillar Sustainable Cloud,Capillar,https://www.lcapillar.com/,Official product or technical page,2026-08-22,Identity; owner; scope; access; functions; version/maintenance,"The official site describes Capillar as a one-stop cloud service for product LCA/PCF from data collection and modelling through analysis, scenarios, audit and reports.",A — owner/maintainer or authoritative public source,Trial/account required,Yes,"No registration, login, purchase or restricted-content download was used."
EVD-0125,LCA-SW-0026,EcoSemantic,EcoSemantic,https://docs.ecosemantic.com/,Official product or technical page,2026-08-22,Identity; owner; scope; access; functions; version/maintenance,"Public docs identify an MCP server and visual LCA workspace with search, calculation, validation, graph and hotspot tools backed by ecoinvent.",A — owner/maintainer or authoritative public source,Account/credits and eligible client plan required,Yes,"No registration, login, purchase or restricted-content download was used."
EVD-0126,LCA-SW-0027,LCA CARE Tool,EU project 101139959 consortium,https://lca-care.eu/lca-care-tool/,Official product or technical page,2026-08-22,Identity; owner; scope; access; functions; version/maintenance,"The project describes a free cloud tool for agri-food SMEs covering life-cycle assessment, process flowcharts, benchmarks and scenarios.",B — authoritative distributor/project documentation,Hosted tool requires account,Yes,"No registration, login, purchase or restricted-content download was used."
EVD-0127,LCA-FMT-0012,IDTA Carbon Footprint Submodel Template,IDTA office and admin-shell-io repository,https://github.com/admin-shell-io/submodel-templates,Official product or technical page,2026-08-22,Identity; owner; scope; access; functions; version/maintenance,IDTA's official repository lists Carbon Footprint v1.0.1 as a published submodel template and documents maintenance/deprecation rules.,A — owner/maintainer or authoritative public source,None for public metadata,Yes,"No registration, login, purchase or restricted-content download was used."
EVD-0128,LCA-PLT-0004,Digital Product Passport Vocabulary Hub,Vocabulary Hub / Semantic Treehouse maintainers,https://dpp.vocabulary-hub.eu/,Official product or technical page,2026-08-22,Identity; owner; scope; access; functions; version/maintenance,"The hub publicly lists versioned, licensed DPP ontologies with graph/tree views and TTL exports, including an LCA module.",A — owner/maintainer or authoritative public source,None for public metadata,Yes,"No registration, login, purchase or restricted-content download was used."
EVD-0129,LCA-NOM-0008,EUDPP Core Ontology Life Cycle Assessment Module,EUDPP ontology contributors via DPP Vocabulary Hub,https://dpp.vocabulary-hub.eu/,Official product or technical page,2026-08-22,Identity; owner; scope; access; functions; version/maintenance,The public hub lists an EUDPP LCA module v2.0.maki dated 2026-06-03 under Apache 2.0 with graph/tree and TTL export.,A — owner/maintainer or authoritative public source,None for public metadata,Yes,"No registration, login, purchase or restricted-content download was used."
EVD-0130,LCA-PLT-0005,GBDI Open Building Data Platform,GBDI consortium,https://www.gbdi.io/platform,Official product or technical page,2026-08-22,Identity; owner; scope; access; functions; version/maintenance,"GBDI describes an open platform for global building whole-life carbon data, prospective LCA, benchmarking, openBDF exchange and API integration.",A — owner/maintainer or authoritative public source,Platform use requires sign-up,Yes,"No registration, login, purchase or restricted-content download was used."
EVD-0131,LCA-FMT-0013,open Building Data Format,GBDI technical community,https://www.gbdi.io/open-data-format,Official product or technical page,2026-08-22,Identity; owner; scope; access; functions; version/maintenance,"GBDI defines openBDF as an open, global, documented building-data protocol using the LCAx schema and providing protocol, schema and Python/JSON integrations.",A — owner/maintainer or authoritative public source,None for public metadata,Yes,"No registration, login, purchase or restricted-content download was used."
EVD-0132,LCA-DB-0035,BATTERS Battery Recycling Inventory Database,BATTERS / WELOOP experts,https://www.batters.fr/en/battery-recycling-inventory/,Official product or technical page,2026-08-22,Identity; owner; scope; access; functions; version/maintenance,"The provider documents purchasable system/unit inventories for five battery-recycling processes with configurable black-mass composition, electricity and allocation.",A — owner/maintainer or authoritative public source,Purchase/contact required,Yes,"No registration, login, purchase or restricted-content download was used."
EVD-0133,LCA-DB-0036,BioEnergieDat,Legacy project portal; dataset owners include KIT and partners,https://www.bioenergiedat.de/software.html,Official product or technical page,2026-08-22,Identity; owner; scope; access; functions; version/maintenance,"The legacy project publicly documents its bioenergy database, ILCD ZIP/node distribution, openLCA integration and parameterized modelling functions.",B — authoritative distributor/project documentation,None for public metadata,Yes,"No registration, login, purchase or restricted-content download was used."
EVD-0134,LCA-DB-0037,CPM LCA Database,"Chalmers University of Technology, Environmental Systems Analysis",https://cpmdatabase.cpm.chalmers.se/AboutDatabase.htm,Official product or technical page,2026-08-22,Identity; owner; scope; access; functions; version/maintenance,"Chalmers documents an open/free reviewed LCA database owned by the Swedish Life Cycle Center with SPINE, ISO/TS 14048-compatible and ILCD representations.",A — owner/maintainer or authoritative public source,None for public metadata,Yes,"No registration, login, purchase or restricted-content download was used."
EVD-0135,LCA-DB-0038,ERASM Surfactant Life Cycle and Ecofootprinting Inventory,ERASM member-company collaboration,https://www.erasm.org/wp-content/uploads/2017/08/170727-SLE-Summary-Paper-IJLCA-1.pdf,Official product or technical page,2026-08-22,Identity; owner; scope; access; functions; version/maintenance,"ERASM's public paper and fact sheets document 15 surfactants and 17 precursors, 2011 European production data, ISO/ILCD methods and external review.",A — owner/maintainer or authoritative public source,None for public metadata,Yes,"No registration, login, purchase or restricted-content download was used."
EVD-0136,LCA-DB-0039,CODDE Database,Bureau Veritas CODDE,https://codde.fr/evenement/eime-nouvelle-base-codde-2026-04,Official product or technical page,2026-08-22,Identity; owner; scope; access; functions; version/maintenance,"Bureau Veritas announces CODDE 2026-04 with more than 2,000 updates, 352 new records and new microelectronics/digital sector databases in EIME.",A — owner/maintainer or authoritative public source,EIME licence required,Yes,"No registration, login, purchase or restricted-content download was used."
EVD-0137,LCA-DB-0040,IDEMAT Database,eco-costs/value maintainers,https://www.ecocostsvalue.com/data-tools-books/,Official product or technical page,2026-08-22,Identity; owner; scope; access; functions; version/maintenance,The maintainer publishes a 2026 revision of Idemat data in Excel and LCA-software forms with multiple impact and engineering indicators.,B — authoritative distributor/project documentation,None for public metadata,Yes,"No registration, login, purchase or restricted-content download was used."
EVD-0138,LCA-DB-0041,POLARIIS+,CIRAIG / POLARIIS+ collaboration,https://ciraig.org/index.php/project/polariis-en/,Official product or technical page,2026-08-22,Identity; owner; scope; access; functions; version/maintenance,"CIRAIG describes POLARIIS+ as a 2026 Canadian reference database/infrastructure building on public food, housing and hygiene datasets and expanding to all major sectors.",A — owner/maintainer or authoritative public source,None for public metadata,Yes,"No registration, login, purchase or restricted-content download was used."
EVD-0139,LCA-DB-0042,Evah Pigments and Dyes LCI Databases,Evah Associates,https://evah.institute/services,Official product or technical page,2026-08-22,Identity; owner; scope; access; functions; version/maintenance,"Evah publicly lists inorganic and organic pigment/dye LCI databases, free-for-study and commercial distribution, and plug-ins for major LCA software.",B — authoritative distributor/project documentation,None for public metadata,Yes,"No registration, login, purchase or restricted-content download was used."
EVD-0140,LCA-DB-0043,EuGeos 15804-IA Database,Distributed historically through openLCA Nexus,https://nexus.openlca.org/ws/files/19559,Official product or technical page,2026-08-22,Identity; owner; scope; access; functions; version/maintenance,Public distributor documentation identifies EuGeos 15804-IA as an ecoinvent extension for EN 15804 indicators and records its later comparison/succession by GreenDelta's add-on.,B — authoritative distributor/project documentation,Package requires ecoinvent/Nexus rights,Yes,"No registration, login, purchase or restricted-content download was used."
EVD-0141,LCA-NOM-0007,IUPAC International Chemical Identifier,InChI Trust,https://www.inchi-trust.org/about-the-inchi-standard/,Official product or technical page,2026-08-22,Identity; owner; scope; access; functions; version/maintenance,"InChI Trust defines InChI and InChIKey as open, machine-readable chemical identifiers developed with IUPAC for interoperable database linking.",A — owner/maintainer or authoritative public source,None for public metadata,Yes,"No registration, login, purchase or restricted-content download was used."
EVD-0142,LCA-NOM-0009,PubChem Chemical Identifier System and Identifier Exchange Service,PubChem,https://pubchem.ncbi.nlm.nih.gov/docs/identifier-exchange-service,Official product or technical page,2026-08-22,Identity; owner; scope; access; functions; version/maintenance,"PubChem documents public conversion among CID, SID, InChI, InChIKey, SMILES, registry IDs and synonyms, with REST/RDF services.",A — owner/maintainer or authoritative public source,None for public metadata,Yes,"No registration, login, purchase or restricted-content download was used."
EVD-0143,LCA-NOM-0010,SMILES Chemical Line Notation,Daylight for original specification; distributed implementer community,https://www.daylight.com/smiles/,Official product or technical page,2026-08-22,Identity; owner; scope; access; functions; version/maintenance,Daylight publicly documents SMILES as a character-string language for molecular and reaction structure; interoperability depends on dialect and canonicalization rules.,B — authoritative distributor/project documentation,None for public metadata,Yes,"No registration, login, purchase or restricted-content download was used."
EVD-0144,LCA-SW-0028,Brightway Firefly,Eaternity open-source team,https://brightway.eaternity.ch/,Official product or technical page,2026-08-22,Identity; owner; scope; access; functions; version/maintenance,"The public Firefly site presents a modern open-source LCA interface with activity search, exchange editing, multiple impact methods and Brightway-based calculations.",A — owner/maintainer or authoritative public source,None for public web application and source metadata,Yes,"No registration, login, purchase or restricted-content download was used."
EVD-0145,LCA-SW-0029,Agent Net Zero,Agent Net Zero team,https://sheffield.ac.uk/mps/news/agent-net-zero-manchester-prize-finalist,Official product or technical page,2026-08-22,Identity; owner; scope; access; functions; version/maintenance,"The University of Sheffield describes an AI agent that conducts LCA, identifies hotspots and suggests improvements; an Imperial demonstration showed automated reasoning and database matching.",B — authoritative distributor/project documentation,Application registration required; only public metadata reviewed,Yes,"No registration, login, purchase or restricted-content download was used."
EVD-0146,LCA-NET-0007,Climate Farm Demo,Horizon Europe consortium,https://climatefarmdemo.eu/,Official product or technical page,2026-08-22,Identity; owner; scope; access; functions; version/maintenance,"The project documents 1,500 demo farms, 4,500 events, ten Living Labs and a searchable repository of climate-smart farming solutions and tools.",A — owner/maintainer or authoritative public source,None for public metadata,Yes,"No registration, login, purchase or restricted-content download was used."
EVD-0147,LCA-REP-0006,Cornerstone Sustainability Data Hub,"ERG, Stanford and Watershed-supported initiative",https://cornerstonedata.org/,Official product or technical page,2026-08-22,Identity; owner; scope; access; functions; version/maintenance,"Cornerstone publicly stewards the EF Hub, eGRID, CEDA and USEEIO and is developing a unified open global MRIO model.",A — owner/maintainer or authoritative public source,None for public metadata,Yes,"No registration, login, purchase or restricted-content download was used."
EVD-0148,LCA-SW-0030,DECiDE,CRA-W,https://www.decide.cra.wallonie.be/fr/about,Official product or technical page,2026-08-22,Identity; owner; scope; access; functions; version/maintenance,"CRA-W states that DECiDE applies LCA from raw-material extraction to the farm gate and reports carbon, ammonia and energy indicators with farm benchmarking.",A — owner/maintainer or authoritative public source,Application login required,Yes,"No registration, login, purchase or restricted-content download was used."
EVD-0149,LCA-DB-0044,DeforestationFootprint.earth dataset and dashboard,DeDuCE research team and partners,https://deforestationfootprint.earth/about,Official product or technical page,2026-08-22,Identity; owner; scope; access; functions; version/maintenance,"The public site documents version 2.1, 180+ commodities, 180+ countries, 2001–2023 coverage, 9,300+ footprints, an IQI quality measure and a Zenodo DOI.",A — owner/maintainer or authoritative public source,None for public metadata,Yes,"No registration, login, purchase or restricted-content download was used."
EVD-0150,LCA-NET-0008,Départ de Sentier,DdS board and staff,https://www.d-d-s.ch/about/,Official product or technical page,2026-08-22,Identity; owner; scope; access; functions; version/maintenance,"DdS identifies itself as a Swiss nonprofit advancing LCA-based assessment through open-source tools, data and transparent governance.",A — owner/maintainer or authoritative public source,None for public metadata,Yes,"No registration, login, purchase or restricted-content download was used."
EVD-0151,LCA-PLT-0006,Sentier Platform,DdS platform and data engineering team,https://www.d-d-s.ch/about/sentier-platform.html,Official product or technical page,2026-08-22,Identity; owner; scope; access; functions; version/maintenance,"DdS describes Sentier as open infrastructure for findable, traceable, maintainable and interoperable LCI data, with separate data/models and shared vocabularies.",B — authoritative distributor/project documentation,None for public metadata,Yes,"No registration, login, purchase or restricted-content download was used."
EVD-0152,LCA-DB-0045,FOODTURE European Food LCI Database,WP1 led by ADEME within the FOODTURE consortium,https://foodture-project.eu/work-packages/,Official product or technical page,2026-08-22,Identity; owner; scope; access; functions; version/maintenance,"FOODTURE states that WP1 will build about 8,000 harmonized food LCIs covering at least 80% of the European food market and align them with PEF.",B — authoritative distributor/project documentation,None for public metadata,Yes,"No registration, login, purchase or restricted-content download was used."
EVD-0153,LCA-NET-0009,Forum for Sustainability through Life Cycle Innovation,FSLCI secretariat and member community,https://fslci.org/,Official product or technical page,2026-08-22,Identity; owner; scope; access; functions; version/maintenance,"FSLCI describes a global life-cycle community with an online platform, interactive map, working groups, conferences, training and a knowledge hub.",A — owner/maintainer or authoritative public source,None for public metadata,Yes,"No registration, login, purchase or restricted-content download was used."
EVD-0154,LCA-REP-0007,AssessCCUS,"Global CO2 Initiative, University of Michigan",https://assessccus.globalco2initiative.org/,Official product or technical page,2026-08-22,Identity; owner; scope; access; functions; version/maintenance,"AssessCCUS identifies itself as a leading repository for CCUS LCA and TEA resources, created by the international harmonization group and maintained by the University of Michigan initiative.",A — owner/maintainer or authoritative public source,None for public metadata,Yes,"No registration, login, purchase or restricted-content download was used."
EVD-0155,LCA-SW-0031,ESTIMATe,Institute of Technical Thermodynamics at RWTH Aachen University and collaborators,https://assessccus.globalco2initiative.org/lca/templates-and-videos/,Official product or technical page,2026-08-22,Identity; owner; scope; access; functions; version/maintenance,"AssessCCUS describes ESTIMATe as an open-source Excel tool that starts from a basic reaction equation, fills early data gaps and uses licensed ecoinvent data for impacts.",B — authoritative distributor/project documentation,ecoinvent data require a separate licence,Yes,"No registration, login, purchase or restricted-content download was used."
EVD-0156,LCA-MTH-0018,Green Carbon Cycle conceptual framework,Scientific publication and author community,https://doi.org/10.1007/s11367-025-02469-0,Peer-reviewed open-access source publication,2026-08-22,Identity; owner; scope; access; functions; version/maintenance,The 2025 open-access paper introduces the Green Carbon Cycle as a conceptual framework and decision aid for comparing biogenic-carbon accounting methods in LCA.,B — authoritative distributor/project documentation,None for public metadata,Yes,"No registration, login, purchase or restricted-content download was used."
EVD-0157,LCA-SW-0032,Green Gold Label GHG Tool,Green Gold Label Foundation with studio Gear Up,https://greengoldlabel.com/ghg-tool,Official product or technical page,2026-08-22,Identity; owner; scope; access; functions; version/maintenance,"GGL documents a free Excel tool covering biomass production through energy conversion, with mandatory independent verification under its certification rules and ISO 14065.",A — owner/maintainer or authoritative public source,Valid-email registration and terms acceptance required for download,Yes,"No registration, login, purchase or restricted-content download was used."
EVD-0158,LCA-NET-0010,GreenGrocer project,22-partner consortium,https://greengrocer-project.eu/project/about,Official product or technical page,2026-08-22,Identity; owner; scope; access; functions; version/maintenance,"GreenGrocer states that it will strengthen HESTIA, Trase, Eora, EXIOBASE and Cool Farm Tool, improve FAIRness/PEF compliance and standardize data for LCA/MRIO/MFA use.",B — authoritative distributor/project documentation,None for public metadata,Yes,"No registration, login, purchase or restricted-content download was used."
EVD-0159,LCA-MTH-0019,2019 Refinement to the 2006 IPCC Guidelines — Volume 4 AFOLU,IPCC Task Force on National Greenhouse Gas Inventories,https://www.ipcc-nggip.iges.or.jp/public/2019rf/vol4.html,Official product or technical page,2026-08-22,Identity; owner; scope; access; functions; version/maintenance,"IPCC publishes the 2019 Refinement Volume 4 for AFOLU with public chapters, worksheets and calculation spreadsheets, including managed-soil and livestock emissions.",A — owner/maintainer or authoritative public source,None for public metadata,Yes,"No registration, login, purchase or restricted-content download was used."
EVD-0160,LCA-NET-0011,LIFE ECO FOOD CHOICE,ADEME-led nine-partner consortium,https://affichage-environnemental.ademe.fr/secteur-alimentaire/le-projet-europeen-life-eco-food-choice,Official product or technical page,2026-08-22,Identity; owner; scope; access; functions; version/maintenance,"ADEME describes an EU LIFE project harmonizing food LCI and environmental-score methods, testing labels in four countries and publishing open project deliverables.",B — authoritative distributor/project documentation,None for public metadata,Yes,"No registration, login, purchase or restricted-content download was used."
EVD-0161,LCA-SW-0033,MApper,Independent research initiative,https://www.leonardoferhati.com/,Official product or technical page,2026-08-22,Identity; owner; scope; access; functions; version/maintenance,"The public project profile describes MApper as an in-development initiative for systematic environmental-impact mapping across value chains, grounded in LCA and absolute sustainability research.",B — authoritative distributor/project documentation,Request-access workflow not used,Yes,"No registration, login, purchase or restricted-content download was used."
EVD-0162,LCA-MTH-0020,Product Material Footprint method and characterization factors,Kassel Institute for Sustainability data repository,https://daks.uni-kassel.de/entities/dataset/e52ab165-27c0-4864-9acd-c3ae6ebb80ee,Official product or technical page,2026-08-22,Identity; owner; scope; access; functions; version/maintenance,The DaKS record publishes CC BY 4.0 XLSX characterization factors for RMI and TMR under the Product Material Footprint LCIA method with DOI and version history.,A — owner/maintainer or authoritative public source,None for public metadata,Yes,"No registration, login, purchase or restricted-content download was used."
EVD-0163,LCA-SW-0034,MATILDA,Academic author team,https://matilda.food/,Official product or technical page,2026-08-22,Identity; owner; scope; access; functions; version/maintenance,"MATILDA publicly reports climate, water and land footprints for 72 socio-demographic subgroups across 165 countries and provides the underlying database through Zenodo.",A — owner/maintainer or authoritative public source,None for public metadata,Yes,"No registration, login, purchase or restricted-content download was used."
EVD-0164,LCA-NOM-0011,Minimal LCA Ontology Pattern,No current maintainer publicly confirmed,https://2-0-lca.com/publications/show/a-minimal-ontology-pattern-for-life-cycle-assessment-data/,Peer-reviewed workshop publication and public artefact description,2026-08-22,Identity; owner; scope; access; functions; version/maintenance,"The 2015 publication presents a minimal ontology pattern for LCA/LCI flows, activities, agents and products to address semantic gaps left by exchange formats.",B — authoritative distributor/project documentation,None for public metadata,Yes,"No registration, login, purchase or restricted-content download was used."
EVD-0165,LCA-REP-0008,Open Sustainable Technology,protontypes/open-sustainable-technology maintainers and contributors,https://opensustain.tech/,Official product or technical page,2026-08-22,Identity; owner; scope; access; functions; version/maintenance,The public CC BY directory contains a dedicated LCA section and is maintained through an open GitHub contribution workflow with thousands of sustainability projects.,A — owner/maintainer or authoritative public source,None for public metadata,Yes,"No registration, login, purchase or restricted-content download was used."
EVD-0166,LCA-NOM-0012,PO2/TransformON,INRAE ontology team and Recherche Data Gouv/AgroPortal,https://agroportal.eu/ontologies/TRANSFORMON,Official product or technical page,2026-08-22,Identity; owner; scope; access; functions; version/maintenance,"AgroPortal and Recherche Data Gouv document an active INRAE OWL ontology for food/bioproduct transformation processes with public versions, DOI, licence and machine-readable files.",A — owner/maintainer or authoritative public source,None for public metadata,Yes,"No registration, login, purchase or restricted-content download was used."
EVD-0167,LCA-REP-0009,product impact,productimpact.info,https://productimpact.info/,Official product or technical page,2026-08-22,Identity; owner; scope; access; functions; version/maintenance,"The live site states that pi collects verified EPDs and PCRs, digitizes and validates them, links back to sources and currently presents 1,765 EPDs from 17 countries.",B — authoritative distributor/project documentation,None for public metadata,Yes,"No registration, login, purchase or restricted-content download was used."
EVD-0168,LCA-DB-0046,HiQLCD,HiQ Data,https://www.hiq.earth/,Official product or technical page,2026-08-22,Identity; owner; scope; access; functions; version/maintenance,"The official site identifies HiQLCD as a China-specific LCA database developed by Shanghai HiQ Smart Data, covering more than 25 industries and aligned with ILCD and ISO LCA standards.",A — owner/maintainer or authoritative public source,Detailed database-use conditions not fully public,Yes,"No registration, login, purchase or restricted-content download was used."
EVD-0169,LCA-SW-0035,XYCLE,Minviro,https://www.minviro.com/xycle,Official product or technical page,2026-08-22,Identity; owner; scope; access; functions; version/maintenance,"Minviro describes XYCLE as LCA software for product and supply-chain decisions with supplier-data workflows, governed collaboration, traceability and database integrations.",A — owner/maintainer or authoritative public source,Use requires commercial engagement or a trial account,Yes,"No registration, login, purchase or restricted-content download was used."
EVD-0170,LCA-DB-0047,Minviro Battery Materials Database,Minviro,https://www.minviro.com/xycle,Official product or technical page,2026-08-22,Identity; owner; scope; access; functions; version/maintenance,"The XYCLE page identifies a proprietary Battery Materials Database, integrated into the platform and covering key anode and cathode material supply chains.",B — authoritative distributor/project documentation,Commercial platform/database access required,Yes,"No registration, login, purchase or restricted-content download was used."
EVD-0171,LCA-SW-0036,Theta LCA Software,WAP Sustainability,https://wapsustainability.com/2025/10/13/wap-sustainability-launches-omnichannel-lca-amp-epd-platform-built-on-openepd/,Official product or technical page,2026-08-22,Identity; owner; scope; access; functions; version/maintenance,WAP identifies Theta as a transparent LCA engine designed for verifier-ready results and direct export in the openEPD format.,A — owner/maintainer or authoritative public source,None for public metadata,Yes,"No registration, login, purchase or restricted-content download was used."
EVD-0172,LCA-SW-0037,epd.world,WAP Sustainability,https://wapsustainability.com/2025/10/13/wap-sustainability-launches-omnichannel-lca-amp-epd-platform-built-on-openepd/,Official product or technical page,2026-08-22,Identity; owner; scope; access; functions; version/maintenance,"WAP describes epd.world as EPD workflow software that accepts different LCA engines, generates EPD PDFs and sends verified data to the OpenEPD Database in openEPD format.",A — owner/maintainer or authoritative public source,None for public metadata,Yes,"No registration, login, purchase or restricted-content download was used."
EVD-0173,LCA-DB-0048,OpenEPD Database,WAP Sustainability,https://www.openepddatabase.com/,Official product or technical page,2026-08-22,Identity; owner; scope; access; functions; version/maintenance,"The official page describes a WAP database with more than 400,000 publicly available EPD records and search, storage, connection and download functions.",A — owner/maintainer or authoritative public source,Some database functions may require an account or subscription,Yes,"No registration, login, purchase or restricted-content download was used."
EVD-0174,LCA-SW-0038,Umberto,iPoint,https://www.ipoint-systems.com/software/umberto/,Official product or technical page,2026-08-22,Identity; owner; scope; access; functions; version/maintenance,"iPoint presents Umberto as professional LCA software for ISO-aligned assessment, PCF and EPD work, with BOM/Excel imports and database integrations.",A — owner/maintainer or authoritative public source,None for public metadata,Yes,"No registration, login, purchase or restricted-content download was used."
EVD-0175,LCA-REP-0010,EPD Australasia EPD Database,EPD Australasia,https://epd-australasia.com/epd-search/,Official product or technical page,2026-08-22,Identity; owner; scope; access; functions; version/maintenance,"EPD Australasia provides a public searchable EPD database with company, category and registration metadata and current declarations.",A — owner/maintainer or authoritative public source,None for public metadata,Yes,"No registration, login, purchase or restricted-content download was used."
EVD-0176,LCA-SW-0039,Athena Building LCA,Athena Sustainable Materials Institute,https://www.athenasmi.org/our-software-data/athena-building-lca/,Official product or technical page,2026-08-22,Identity; owner; scope; access; functions; version/maintenance,"Athena describes a free beta whole-building LCA web app that imports bills of materials, models cradle-to-grave scenarios and implements an exchange-oriented data structure.",B — authoritative distributor/project documentation,None for public metadata,Yes,"No registration, login, purchase or restricted-content download was used."
EVD-0177,LCA-SW-0040,Athena Impact Estimator for Buildings,Athena Sustainable Materials Institute,https://www.athenasmi.org/our-software-data/impact-estimator/,Official product or technical page,2026-08-22,Identity; owner; scope; access; functions; version/maintenance,"Athena identifies the Impact Estimator as a repeatedly updated whole-building LCA desktop tool with more than 1,200 assemblies and regionalized North American modelling.",A — owner/maintainer or authoritative public source,None for public metadata,Yes,"No registration, login, purchase or restricted-content download was used."
EVD-0178,LCA-SW-0041,Athena Pavement LCA,Athena Sustainable Materials Institute,https://www.athenasmi.org/our-software-data/pavement-lca/,Official product or technical page,2026-08-22,Identity; owner; scope; access; functions; version/maintenance,"Athena describes a free roadway LCA tool with more than 150 designs, large materials/equipment databases and TRACI impact results for Canada and selected U.S. regions.",A — owner/maintainer or authoritative public source,None for public metadata,Yes,"No registration, login, purchase or restricted-content download was used."
EVD-0179,LCA-DB-0049,Athena LCA Databases,Athena Sustainable Materials Institute,https://www.athenasmi.org/our-software-data/lca-databases/,Official product or technical page,2026-08-22,Identity; owner; scope; access; functions; version/maintenance,"Athena states that its regionally sensitive, process-modelled databases cover building materials, energy, transportation, construction, maintenance and demolition behind its free tools.",B — authoritative distributor/project documentation,None for public metadata,Yes,"No registration, login, purchase or restricted-content download was used."
EVD-0180,LCA-DB-0050,European Aluminium Environmental Profile LCI datasets,European Aluminium,https://european-aluminium.eu/blog/environmental-profile-reports/,Official product or technical page,2026-08-22,Identity; owner; scope; access; functions; version/maintenance,"European Aluminium describes its 2024 Environmental Profile Report as a peer-reviewed source of updated LCI data for primary production, recycling, rolling, foil and extrusion in Europe.",A — owner/maintainer or authoritative public source,None for public metadata,Yes,"No registration, login, purchase or restricted-content download was used."
EVD-0181,LCA-SW-0042,Automotive Life-Cycle Assessment Model,International Aluminium Institute / European Aluminium,https://european-aluminium.eu/wp-content/uploads/2022/10/lma_jun_2019_p010_updated-automotive-lifecycle-assessment-model-launched-reprint-1.pdf,Official product or technical page,2026-08-22,Identity; owner; scope; access; functions; version/maintenance,"European Aluminium and IAI describe an updated Excel-based Automotive Life-Cycle Assessment Model that compares full-life-cycle GHG effects of aluminium, AHSS and mixed lightweighting options.",B — authoritative distributor/project documentation,None for public metadata,Yes,"No registration, login, purchase or restricted-content download was used."
EVD-0182,LCA-DB-0051,JLCA Database,LCA Japan Forum,https://www.lca-forum.org/database/,Official product or technical page,2026-08-22,Identity; owner; scope; access; functions; version/maintenance,"JLCA describes a member database containing industrial-association and project LCI data, LIME impact factors, literature and IDEA-linked cradle-to-gate inventories.",A — owner/maintainer or authoritative public source,Database use requires JLCA membership,Yes,"No registration, login, purchase or restricted-content download was used."
EVD-0183,LCA-DB-0052,MexiLCA,"Instituto de Ingeniería UNAM, Red Mexicana de Análisis de Ciclo de Vida and collaborators",https://ciclodevida.mx/,Official product or technical page,2026-08-22,Identity; owner; scope; access; functions; version/maintenance,"The official site presents MexiLCA as Mexico's first open collaborative life-cycle database, with around 250 datasets and stated ILCD, GLAD and major-software interoperability.",B — authoritative distributor/project documentation,None for public metadata,Yes,"No registration, login, purchase or restricted-content download was used."
EVD-0184,LCA-REP-0011,EPDItaly EPD Database,EPDItaly,https://www.epditaly.it/,Official product or technical page,2026-08-22,Identity; owner; scope; access; functions; version/maintenance,"EPDItaly operates an Italian EPD programme with public declarations, PCR resources and a governed pathway for qualified LCA tools.",A — owner/maintainer or authoritative public source,None for public metadata,Yes,"No registration, login, purchase or restricted-content download was used."
EVD-0185,LCA-QA-0006,EPDItaly Qualified LCA Tool Scheme,EPDItaly,https://www.epditaly.it/epd-generate-da-tool/,Official product or technical page,2026-08-22,Identity; owner; scope; access; functions; version/maintenance,EPDItaly explains that a validated common LCA model can calculate impacts for multiple products and simplify subsequent EPD verification.,A — owner/maintainer or authoritative public source,None for public metadata,Yes,"No registration, login, purchase or restricted-content download was used."
EVD-0186,LCA-DB-0053,EUROFER Stainless LCI Data,EUROFER Stainless,https://www.eurofer.eu/issues/eurofer-stainless-and-specialty-steel/life-cycle-inventory-lci-enquiries,Official product or technical page,2026-08-22,Identity; owner; scope; access; functions; version/maintenance,EUROFER states that it provides European-average LCI data for stainless-steel flat coil and quarto plate and requires a study-specific enquiry.,A — owner/maintainer or authoritative public source,Data require a study-specific request and contact details,Yes,"No registration, login, purchase or restricted-content download was used."
EVD-0187,LCA-NET-0012,Red Iberoamericana de Ciclo de Vida,RICV board and member networks,https://rediberoamericanacv.net/,Official product or technical page,2026-08-22,Identity; owner; scope; access; functions; version/maintenance,RICV identifies itself as an international platform founded in 2017 to coordinate national LCA networks across the Ibero-American region.,A — owner/maintainer or authoritative public source,None for public metadata,Yes,"No registration, login, purchase or restricted-content download was used."
EVD-0188,LCA-SW-0006,Bridging the interoperability gap in life cycle assessment: the Lavoisier conversion framework and implementation for EcoSpold 2 and ILCD formats,Springer Nature / The International Journal of Life Cycle Assessment,https://doi.org/10.1007/s11367-026-02691-4,Peer-reviewed open-access article; project-provided PDF,2026-08-22,Identity; publication date; modular design; validation; formats; limitations; licence,"The 2026 article documents bidirectional EcoSpold 2/ILCD conversion, tests using 115 EcoSpold 2 and 116 ILCD datasets, transparent loss logging and remaining format-level constraints.",C — peer-reviewed open-access paper,None observed; article is CC BY 4.0,Yes,Project attachment s11367-026-02691-4.pdf was downloaded from Feishu and matched to the public DOI.
EVD-0189,LCA-DB-0054,SICV Brasil,Ibict — Coordenação de Tecnologias Aplicadas a Novos Produtos,https://www.gov.br/ibict/pt-br/central-de-conteudos/noticias/2025/dezembro/cotea-ibict-apresenta-retrospectiva-2025-com-avancos-na-gestao-da-informacao-para-sustentabilidade-e-economia-circular | https://www.gov.br/ibict/pt-br/central-de-conteudos/noticias/2023/maio/sicv-brasil-amplia-sua-base-de-inventarios-do-ciclo-de-vida | https://helpdesk.lifecycleinitiative.org/distribution/data-formats/,Official provider/government/programme source(s),2026-08-22,Identity; owner/developer geography; sectors; access; format/software where explicitly stated; timeline milestones,"Ibict states that SICV Brasil was created in 2016, contains more than 200 public inventories and provides free public access; the UNEP database helpdesk identifies SICV as an ILCD-format national database.","A — owner/maintainer, government or authoritative programme source","Public pages/files only; account, purchase, request and registration routes were not used",Yes,Claims not published by the provider/programme remain explicitly not publicly confirmed.
EVD-0190,LCA-DB-0055,Chinese Life Cycle Database,"IKE Environmental Technology Co., Ltd.",https://www.ike-global.com/ | https://v2.efootprint.net/,Official provider/government/programme source(s),2026-08-22,Identity; owner/developer geography; sectors; access; format/software where explicitly stated; timeline milestones,"The provider states that CLCD won a UNEP/SETAC award in 2009, was publicly released in 2010 and is used through its LCA platform ecosystem.","A — owner/maintainer, government or authoritative programme source","Public pages/files only; account, purchase, request and registration routes were not used",Yes,Claims not published by the provider/programme remain explicitly not publicly confirmed.
EVD-0191,LCA-DB-0056,Korea National Life Cycle Inventory Database,Korea Environmental Industry & Technology Institute (KEITI),https://www.keiti.re.kr/site/keiti/02/10202100000002023101610.jsp,Official provider/government/programme source(s),2026-08-22,Identity; owner/developer geography; sectors; access; format/software where explicitly stated; timeline milestones,KEITI states that it develops and manages the national LCI database under ISO 14044 and that Korean LCI data and factors may not be used commercially.,"A — owner/maintainer, government or authoritative programme source","Public pages/files only; account, purchase, request and registration routes were not used",Yes,Claims not published by the provider/programme remain explicitly not publicly confirmed.
EVD-0192,LCA-DB-0057,Thai National Life Cycle Inventory Database,"Technology and Informatics Institute for Sustainability (TIIS), NSTDA",https://www.nstda.or.th/en/news/news-years-2019/mtec-nstda-and-pollution-control-department-to-promote-green-public-procurement.html | https://www.nstda.or.th/home/knowledge_post/nstda-tiis/ | https://helpdesk.lifecycleinitiative.org/distribution/data-formats/,Official provider/government/programme source(s),2026-08-22,Identity; owner/developer geography; sectors; access; format/software where explicitly stated; timeline milestones,NSTDA states that public access began in 2008 and lists the national sectors; the UNEP database helpdesk identifies the Thai national database as using ILCD.,"A — owner/maintainer, government or authoritative programme source","Public pages/files only; account, purchase, request and registration routes were not used",Yes,Claims not published by the provider/programme remain explicitly not publicly confirmed.
EVD-0193,LCA-DB-0058,Malaysia Life Cycle Inventory Database,SIRIM Energy & Environment Centre,https://mylcid.sirim.my/ | https://www.mosti.gov.my/berita/pengkalan-data-inventori-kitaran-hayat-kebangsaan-my-lcid-dibangunkan-bagi-menilai-kesan-kitaran-hayat-produk-dan-perkhidmatan/ | https://helpdesk.lifecycleinitiative.org/distribution/data-formats/,Official provider/government/programme source(s),2026-08-22,Identity; owner/developer geography; sectors; access; format/software where explicitly stated; timeline milestones,SIRIM identifies MYLCID as Malaysia's national LCI database and states that complete datasets can be purchased; the UNEP database helpdesk identifies its format as ILCD.,"A — owner/maintainer, government or authoritative programme source","Public pages/files only; account, purchase, request and registration routes were not used",Yes,Claims not published by the provider/programme remain explicitly not publicly confirmed.
EVD-0194,LCA-DB-0059,PeruLCA,Peruvian Life Cycle Network (PELCAN),https://www.lifecycleinitiative.org/peru-lca-database-launched/ | https://perulca.com/ | https://helpdesk.lifecycleinitiative.org/distribution/data-formats/,Official provider/government/programme source(s),2026-08-22,Identity; owner/developer geography; sectors; access; format/software where explicitly stated; timeline milestones,"The Life Cycle Initiative identifies PeruLCA as Peru's national LCA database, launched in May 2019; the UNEP database helpdesk identifies PeruLCA as using ecoSpold.","A — owner/maintainer, government or authoritative programme source","Public pages/files only; account, purchase, request and registration routes were not used",Yes,Claims not published by the provider/programme remain explicitly not publicly confirmed.
EVD-0195,LCA-DB-0060,CicloData,Fundación InnovaCiclos / EcoEd,https://ciclodata.cl/ | https://ciclodata.cl/historia/ | https://ciclodata.cl/terminos-de-uso/,Official provider/government/programme source(s),2026-08-22,Identity; owner/developer geography; sectors; access; format/software where explicitly stated; timeline milestones,"CicloData describes a free public Chilean life-cycle database with 49 datasets across seven sectors, while its download route requires registration and its terms page remains under preparation.","A — owner/maintainer, government or authoritative programme source","Public pages/files only; account, purchase, request and registration routes were not used",Yes,Claims not published by the provider/programme remain explicitly not publicly confirmed.
EVD-0196,LCA-DB-0061,Quebec Life Cycle Inventory Database,CIRAIG with ecoinvent,https://ciraig.org/index.php/project/quebec-life-cycle-inventory-database/ | https://www.environnement.gouv.qc.ca/infuseur/communique.asp?no=3037 | https://helpdesk.lifecycleinitiative.org/distribution/data-formats/,Official provider/government/programme source(s),2026-08-22,Identity; owner/developer geography; sectors; access; format/software where explicitly stated; timeline milestones,"CIRAIG and the Quebec government document the 2010 project and 2014 launch; the datasets are distributed through ecoinvent, and the UNEP helpdesk identifies the Quebec database as using ecoSpold.","A — owner/maintainer, government or authoritative programme source","Public pages/files only; account, purchase, request and registration routes were not used",Yes,Claims not published by the provider/programme remain explicitly not publicly confirmed.
EVD-0197,LCA-DB-0062,International Aluminium Institute Life Cycle Inventory Data,International Aluminium Institute,https://international-aluminium.org/resources/2019-life-cycle-inventory-lci-data-and-environmental-metrics/,Official provider/government/programme source(s),2026-08-22,Identity; owner/developer geography; sectors; access; format/software where explicitly stated; timeline milestones,IAI states that it has published five LCI datasets since 1998 and that the 2019 data cover more than 200 sites worldwide; data attachments are publicly listed.,"A — owner/maintainer, government or authoritative programme source","Public pages/files only; account, purchase, request and registration routes were not used",Yes,Claims not published by the provider/programme remain explicitly not publicly confirmed.
EVD-0198,LCA-DB-0063,Nickel Institute Life Cycle Data,Nickel Institute,https://nickelinstitute.org/en/sustainability/nickel-life-cycle-management/nickel-life-cycle-data,Official provider/government/programme source(s),2026-08-22,Identity; owner/developer geography; sectors; access; format/software where explicitly stated; timeline milestones,"Nickel Institute states that it has collected life-cycle data since 2000 for reference years 1999, 2007, 2011, 2017 and 2021, covering three nickel products.","A — owner/maintainer, government or authoritative programme source","Public pages/files only; account, purchase, request and registration routes were not used",Yes,Claims not published by the provider/programme remain explicitly not publicly confirmed.
EVD-0199,LCA-DB-0064,International Zinc Association Life Cycle Inventory Data,International Zinc Association,https://www.zinc.org/life-cycle-assessment/,Official provider/government/programme source(s),2026-08-22,Identity; owner/developer geography; sectors; access; format/software where explicitly stated; timeline milestones,"IZA documents global zinc LCA updates in 1998, 2007, 2014 and 2022/2023 and states that data are submitted to ecoinvent, GaBi and EU PEF.","A — owner/maintainer, government or authoritative programme source","Public pages/files only; account, purchase, request and registration routes were not used",Yes,Claims not published by the provider/programme remain explicitly not publicly confirmed.
EVD-0200,LCA-DB-0065,FEVE Container Glass Life Cycle Inventories,FEVE,https://feve.org/glass-industry-positions/life-cycle-assessment/ | https://feve.org/new-life-cycle-assessment-proves-industry-success-reducing-environmental-footprint/,Official provider/government/programme source(s),2026-08-22,Identity; owner/developer geography; sectors; access; format/software where explicitly stated; timeline milestones,"FEVE offers three full container-glass LCIs through a request route and documents updates based on 2007, 2012 and 2019 production data.","A — owner/maintainer, government or authoritative programme source","Public pages/files only; account, purchase, request and registration routes were not used",Yes,Claims not published by the provider/programme remain explicitly not publicly confirmed.
EVD-0201,LCA-DB-0066,Eurobitume Life Cycle Inventory,Eurobitume,https://eurobitume.eu/bitumen-life-cycle-assessment/,Official provider/government/programme source(s),2026-08-22,Identity; owner/developer geography; sectors; access; format/software where explicitly stated; timeline milestones,"Eurobitume states that LCA 4.0 replaces LCI 3.0 (2020) and 3.1 (2021), and that a complete ILCD dataset is available through a request form.","A — owner/maintainer, government or authoritative programme source","Public pages/files only; account, purchase, request and registration routes were not used",Yes,Claims not published by the provider/programme remain explicitly not publicly confirmed.
EVD-0202,LCA-DB-0067,CORRIM Forestry and Forest Products LCI,CORRIM and Federal LCA Commons,https://corrim.org/lcas-on-wood-products-library/ | https://www.lcacommons.gov/lca-collaboration/CORRIM/Forestry_and_forest_products,Official provider/government/programme source(s),2026-08-22,Identity; owner/developer geography; sectors; access; format/software where explicitly stated; timeline milestones,"CORRIM publishes a long-running wood-product LCA library, and the Federal LCA Commons provides a CORRIM repository in openLCA JSON-LD formats.","A — owner/maintainer, government or authoritative programme source","Public pages/files only; account, purchase, request and registration routes were not used",Yes,Claims not published by the provider/programme remain explicitly not publicly confirmed.
EVD-0203,LCA-DB-0068,International Copper Association Life Cycle Inventory Data,International Copper Association,https://copperalliance.org/wp-content/uploads/2021/08/ICA-EnvironmentalProfileHESD-201803-FINAL-LOWRES-1.pdf,Official provider/government/programme source(s),2026-08-22,Identity; owner/developer geography; sectors; access; format/software where explicitly stated; timeline milestones,ICA's profile reports a global LCI for copper concentrate and cathode using 2013 primary data from four continents and GaBi 2014 background data.,"A — owner/maintainer, government or authoritative programme source","Public pages/files only; account, purchase, request and registration routes were not used",Yes,Claims not published by the provider/programme remain explicitly not publicly confirmed.
EVD-0204,LCA-DB-0069,GEMIS Model and Database,IINAS,https://iinas.org/downloads/gemis-downloads/ | https://iinas.org/en/work/gemis/,Official provider/government/programme source(s),2026-08-22,Identity; owner/developer geography; sectors; access; format/software where explicitly stated; timeline milestones,"IINAS describes GEMIS as a free integrated life-cycle model and database, first developed in 1987; version 5.2 was released in July 2026 under Creative Commons terms.","A — owner/maintainer, government or authoritative programme source","Public pages/files only; account, purchase, request and registration routes were not used",Yes,Claims not published by the provider/programme remain explicitly not publicly confirmed.
EVD-0205,LCA-NOM-0001,GLAD Mapper instructions and elementary-flow mapping resources,European Commission JRC / UNEP Life Cycle Initiative GLAD Nomenclature Working Group,https://eplca.jrc.ec.europa.eu/permalink/GLAD_Mapper/GLAD_Instructions.pdf | https://github.com/UNEP-Economy-Division/GLAD-ElementaryFlowResources,Official technical documentation and public project repository,2026-08-22,Mapping project; source/target flow-list versions; mapping files; tool; test scope,"GLAD publishes 12 directional mapping outputs among ecoinvent 3.7, FEDEFL 1.0.3, IDEA 2.3 and EF 3.0, supported by the JRC GLAD Mapper and the GLAD Nomenclature Working Group.",A — official project documentation/repository,None for public documentation and repository,Yes,"This is an elementary-flow nomenclature mapping, not proof of lossless database-schema conversion."
EVD-0206,LCA-DB-0005,BAFU public provider metadata — BAFU:2026 Version 1,Swiss Federal Office for the Environment / openLCA Nexus,https://nexus.openlca.org/ws/dataproviders/10465,Official public provider metadata,2026-08-25,Current version; release date; scope; formats; access and terms,"BAFU:2026 Version 1, about 11,000 LCIs in 176 categories, distributed as zolca, ecoSpold1, Excel LCIA results and PDF documentation.",A — authoritative programme/provider metadata,Public metadata only; packages requiring acceptance of terms were not downloaded,Yes,Provider metadata was used without registration or package download.
EVD-0207,LCA-DB-0025,PSILCA v4.0.1 public provider metadata,GreenDelta / openLCA Nexus,https://nexus.openlca.org/ws/dataproviders/9552,Official public provider metadata,2026-08-25,Current version; release date; variants; formats; software compatibility,"PSILCA v4.0.1 is identified as the latest version, released in January 2026, with openLCA and SimaPro distributions.",A — owner/provider metadata,Public metadata only; licensed packages were not accessed,Yes,Distribution claims were not independently tested.
EVD-0208,LCA-DB-0026,Social Hotspots Database public provider metadata,Social Hotspots Database provider / openLCA Nexus,https://nexus.openlca.org/ws/dataproviders/151,Official public provider metadata,2026-08-25,Current version; update year; package date; format; software compatibility,"The provider describes the database as updated in 2025, version 6, with current openLCA system- and unit-process packages.",A — provider metadata,Public metadata only; licensed packages were not accessed,Yes,The 2025 update label and 2026 Nexus package date are recorded separately.
EVD-0209,LCA-DB-0030,ESU World Food v3 public provider metadata,ESU-services / openLCA Nexus,https://nexus.openlca.org/ws/dataproviders/8904,Official public provider metadata,2026-08-25,Current version; release date; package types; format; dependency note,The provider lists v3 system- and unit-process packages released on 10 March 2026 in openLCA format; the unit-process package still names a BAFU:2025+ESU background.,A — owner/provider metadata,Public metadata only; licensed packages were not accessed,Yes,The BAFU:2025 dependency statement is retained because it is still present in the current public package description.
EVD-0210,LCA-DB-0043,EuGeos 15804+A2_IA v4.1 public provider metadata,EuGeos / openLCA Nexus,https://nexus.openlca.org/ws/dataproviders/8251,Official public provider metadata,2026-08-25,Last version; release date; format; ecoinvent dependency; superseded status,"The provider lists EuGeos 15804+A2_IA v4.1, released 31 March 2020 in openLCA format, and states that it has been superseded by the EN15804 add-on.",A — owner/provider metadata,Public metadata only; commercial package was not accessed,Yes,"This is a last-known legacy version, not a current active release."
EVD-0211,LCA-DB-0001,ecoinvent 3.9.1 in openLCA,GreenDelta GmbH,https://nexus.openlca.org/ws/files/35296,Official public technical report,2026-08-25,Version-specific distribution; compatible software versions; implementation changes; validation results; access constraints,"GreenDelta states that ecoinvent 3.9.1 was distributed for openLCA through Nexus, implemented for openLCA 1.11 and compatible with 2.0, with provider-run comparisons on four exemplary product systems.",A — software developer/provider documentation,Public report; underlying licensed database packages were not accessed,Yes,"This establishes a historical version pair, not current ecoinvent 3.12/openLCA 2.6.2 compatibility or independent lossless conformance."
EVD-0212,LCA-SW-0003,ecoinvent 3.9.1 in openLCA,GreenDelta GmbH,https://nexus.openlca.org/ws/files/35296,Official public technical report,2026-08-25,Database compatibility; openLCA versions; implementation changes; provider validation,"The report documents ecoinvent 3.9.1 packages implemented for openLCA 1.11, compatible with openLCA 2.0, and validated by comparing selected LCI/LCIA results with ecoinvent-published results.",A — software developer/provider documentation,Public report; licensed packages and the account download area were not accessed,Yes,"Provider-tested, version-specific compatibility; no independent test was performed in this review."
EVD-0213,LCA-REP-0001,openLCA Nexus — accessing databases,GreenDelta GmbH,https://greendelta.github.io/openLCA2-manual/resources/nexus.html,Official public software manual,2026-08-25,Repository role; public catalogue; registration; ordering; download and licence workflow,"The manual describes Nexus as a repository of free and commercial LCA data and states that the Downloads section is available after login, order approval and licence acceptance.",A — repository operator documentation,Manual is public; Downloads contents require an account and applicable licence/order,Yes,The public manual was used; no logged-in download list or licensed package was used as research evidence.
EVD-0214,LCA-SW-0043,TIDAS Tools v0.2.0 public repository and release,TianGong LCA / TIDAS Tools maintainers,https://github.com/tiangong-lca/tidas-tools/releases/tag/v0.2.0,Official public source repository and immutable release,2026-08-25,Identity; current version; release date; licence; supported commands; platforms; source and binary access,"The public repository and tagged v0.2.0 release provide the MIT-licensed cross-platform tidas executable, source, checksums, SBOMs and installation assets.",A — project official repository and release,"None for public source, documentation and release assets",Yes,"No registration, login, purchase or restricted content was used."
EVD-0215,LCA-SW-0043,"TIDAS Tools v0.2.0 conversion, import and validation contracts",TianGong LCA / TIDAS Tools maintainers,https://github.com/tiangong-lca/tidas-tools/blob/v0.2.0/docs/agents/cli-contract.md,Official public technical contract and source tests,2026-08-25,Mapping directions; endpoint formats; report schemas; tests; recovery mechanism; unsupported formats; known constraints,"The v0.2.0 contract specifies TIDAS-to-ILCD and ILCD-to-TIDAS conversion, imports from EcoSpold 1/2, SimaPro CSV, openLCA JSON-LD, openLCA process XLSX and ILCD, deterministic mapping.csv.gz, recovery sidecars and explicit .zolca rejection.",A — authoritative project contract corroborated by public schemas and tests,None,Yes,The review inspected public contracts and tests but did not independently execute the full Rust test suite or compare real third-party database packages.
EVD-0216,LCA-DB-0070,openLCA Nexus public catalog record — EN15804 add-on,openLCA Nexus / GreenDelta; underlying provider identified in the catalog record,https://nexus.openlca.org/ws/dataproviders/9901,Official public provider/catalog API metadata,2026-08-25,Identity; catalog type; description; free/commercial signal; database groups; releases; datapacks; formats; dependencies; public documents,"EN15804 add-on is listed with 2 database groups and 15 datapack metadata records; formats include openLCA zolca, openLCA library, JSON-LD.",A — official public openLCA Nexus catalog/API record; underlying provider claims not independently tested,"Metadata publicly accessible; some package files require account, licence, order or third-party dependency",Yes — public metadata only,"No login, registration, purchase or restricted package content was used. The complete normalized public catalog metadata is retained in the curated Nexus review snapshot."
EVD-0217,LCA-DB-0001,openLCA Nexus public catalog record — ecoinvent,openLCA Nexus / GreenDelta; underlying provider identified in the catalog record,https://nexus.openlca.org/ws/dataproviders/8701,Official public provider/catalog API metadata,2026-08-25,Identity; catalog type; description; free/commercial signal; database groups; releases; datapacks; formats; dependencies; public documents,"ecoinvent is listed with 2 database groups and 132 datapack metadata records; formats include JSON-LD, openLCA zolca, openLCA library, ecoSpold1.",A — official public openLCA Nexus catalog/API record; underlying provider claims not independently tested,"Metadata publicly accessible; some package files require account, licence, order or third-party dependency",Yes — public metadata only,"No login, registration, purchase or restricted package content was used. The complete normalized public catalog metadata is retained in the curated Nexus review snapshot."
EVD-0218,LCA-DB-0025,openLCA Nexus public catalog record — PSILCA,openLCA Nexus / GreenDelta; underlying provider identified in the catalog record,https://nexus.openlca.org/ws/dataproviders/9552,Official public provider/catalog API metadata,2026-08-25,Identity; catalog type; description; free/commercial signal; database groups; releases; datapacks; formats; dependencies; public documents,"PSILCA is listed with 3 database groups and 97 datapack metadata records; formats include SimaPro 10.2 database, openLCA zolca, openLCA library, SimaPro 9 database, SimaPro 9 csv, SimaPro 8 Database.",A — official public openLCA Nexus catalog/API record; underlying provider claims not independently tested,"Metadata publicly accessible; some package files require account, licence, order or third-party dependency",Yes — public metadata only,"No login, registration, purchase or restricted package content was used. The complete normalized public catalog metadata is retained in the curated Nexus review snapshot."
EVD-0219,LCA-DB-0071,openLCA Nexus public catalog record — Circularity Package,openLCA Nexus / GreenDelta; underlying provider identified in the catalog record,https://nexus.openlca.org/ws/dataproviders/10202,Official public provider/catalog API metadata,2026-08-25,Identity; catalog type; description; free/commercial signal; database groups; releases; datapacks; formats; dependencies; public documents,Circularity Package is listed with 1 database group and 5 datapack metadata records; formats include openLCA zolca.,A — official public openLCA Nexus catalog/API record; underlying provider claims not independently tested,"Metadata publicly accessible; some package files require account, licence, order or third-party dependency",Yes — public metadata only,"No login, registration, purchase or restricted package content was used. The complete normalized public catalog metadata is retained in the curated Nexus review snapshot."
EVD-0220,LCA-DB-0005,openLCA Nexus public catalog record — BAFU,openLCA Nexus / GreenDelta; underlying provider identified in the catalog record,https://nexus.openlca.org/ws/dataproviders/10465,Official public provider/catalog API metadata,2026-08-25,Identity; catalog type; description; free/commercial signal; database groups; releases; datapacks; formats; dependencies; public documents,"BAFU is listed with 1 database group and 4 datapack metadata records; formats include PDF, excel, openLCA zolca, ecoSpold1.",A — official public openLCA Nexus catalog/API record; underlying provider claims not independently tested,"Metadata publicly accessible; some package files require account, licence, order or third-party dependency",Yes — public metadata only,"No login, registration, purchase or restricted package content was used. The complete normalized public catalog metadata is retained in the curated Nexus review snapshot."
EVD-0221,LCA-DB-0046,openLCA Nexus public catalog record — HiQLCD,openLCA Nexus / GreenDelta; underlying provider identified in the catalog record,https://nexus.openlca.org/ws/dataproviders/10457,Official public provider/catalog API metadata,2026-08-25,Identity; catalog type; description; free/commercial signal; database groups; releases; datapacks; formats; dependencies; public documents,HiQLCD is listed with 2 database groups and 5 datapack metadata records; formats include openLCA zolca.,A — official public openLCA Nexus catalog/API record; underlying provider claims not independently tested,"Metadata publicly accessible; some package files require account, licence, order or third-party dependency",Yes — public metadata only,"No login, registration, purchase or restricted package content was used. The complete normalized public catalog metadata is retained in the curated Nexus review snapshot."
EVD-0222,LCA-DB-0006,openLCA Nexus public catalog record — Carbon Minds,openLCA Nexus / GreenDelta; underlying provider identified in the catalog record,https://nexus.openlca.org/ws/dataproviders/9801,Official public provider/catalog API metadata,2026-08-25,Identity; catalog type; description; free/commercial signal; database groups; releases; datapacks; formats; dependencies; public documents,"Carbon Minds is listed with 7 database groups and 21 datapack metadata records; formats include openLCA zolca, excel.",A — official public openLCA Nexus catalog/API record; underlying provider claims not independently tested,"Metadata publicly accessible; some package files require account, licence, order or third-party dependency",Yes — public metadata only,"No login, registration, purchase or restricted package content was used. The complete normalized public catalog metadata is retained in the curated Nexus review snapshot."
EVD-0223,LCA-DB-0072,openLCA Nexus public catalog record — PLEX,openLCA Nexus / GreenDelta; underlying provider identified in the catalog record,https://nexus.openlca.org/ws/dataproviders/10451,Official public provider/catalog API metadata,2026-08-25,Identity; catalog type; description; free/commercial signal; database groups; releases; datapacks; formats; dependencies; public documents,PLEX is listed with 1 database group and 3 datapack metadata records; formats include openLCA zolca.,A — official public openLCA Nexus catalog/API record; underlying provider claims not independently tested,"Metadata publicly accessible; some package files require account, licence, order or third-party dependency",Yes — public metadata only,"No login, registration, purchase or restricted package content was used. The complete normalized public catalog metadata is retained in the curated Nexus review snapshot."
EVD-0224,LCA-DB-0004,openLCA Nexus public catalog record — Agribalyse,openLCA Nexus / GreenDelta; underlying provider identified in the catalog record,https://nexus.openlca.org/ws/dataproviders/8001,Official public provider/catalog API metadata,2026-08-25,Identity; catalog type; description; free/commercial signal; database groups; releases; datapacks; formats; dependencies; public documents,Agribalyse is listed with 2 database groups and 2 datapack metadata records; formats include openLCA zolca.,A — official public openLCA Nexus catalog/API record; underlying provider claims not independently tested,"Metadata publicly accessible; some package files require account, licence, order or third-party dependency",Yes — public metadata only,"No login, registration, purchase or restricted package content was used. The complete normalized public catalog metadata is retained in the curated Nexus review snapshot."
EVD-0225,LCA-DB-0003,openLCA Nexus public catalog record — Agri-footprint,openLCA Nexus / GreenDelta; underlying provider identified in the catalog record,https://nexus.openlca.org/ws/dataproviders/8753,Official public provider/catalog API metadata,2026-08-25,Identity; catalog type; description; free/commercial signal; database groups; releases; datapacks; formats; dependencies; public documents,Agri-footprint is listed with 6 database groups and 10 datapack metadata records; formats include openLCA zolca.,A — official public openLCA Nexus catalog/API record; underlying provider claims not independently tested,"Metadata publicly accessible; some package files require account, licence, order or third-party dependency",Yes — public metadata only,"No login, registration, purchase or restricted package content was used. The complete normalized public catalog metadata is retained in the curated Nexus review snapshot."
EVD-0226,LCA-REP-0002,openLCA Nexus public catalog record — LCA Commons,openLCA Nexus / GreenDelta; underlying provider identified in the catalog record,https://nexus.openlca.org/ws/dataproviders/9251,Official public provider/catalog API metadata,2026-08-25,Identity; catalog type; description; free/commercial signal; database groups; releases; datapacks; formats; dependencies; public documents,LCA Commons is listed with 3 database groups and 8 datapack metadata records; formats include openLCA zolca.,A — official public openLCA Nexus catalog/API record; underlying provider claims not independently tested,"Metadata publicly accessible; some package files require account, licence, order or third-party dependency",Yes — public metadata only,"No login, registration, purchase or restricted package content was used. The complete normalized public catalog metadata is retained in the curated Nexus review snapshot."
EVD-0227,LCA-DB-0007,openLCA Nexus public catalog record — exiobase,openLCA Nexus / GreenDelta; underlying provider identified in the catalog record,https://nexus.openlca.org/ws/dataproviders/8501,Official public provider/catalog API metadata,2026-08-25,Identity; catalog type; description; free/commercial signal; database groups; releases; datapacks; formats; dependencies; public documents,"exiobase is listed with 5 database groups and 6 datapack metadata records; formats include openLCA zolca, DAL Tool.",A — official public openLCA Nexus catalog/API record; underlying provider claims not independently tested,"Metadata publicly accessible; some package files require account, licence, order or third-party dependency",Yes — public metadata only,"No login, registration, purchase or restricted package content was used. The complete normalized public catalog metadata is retained in the curated Nexus review snapshot."
EVD-0228,LCA-DB-0073,openLCA Nexus public catalog record — UVEK LCI Data,openLCA Nexus / GreenDelta; underlying provider identified in the catalog record,https://nexus.openlca.org/ws/dataproviders/8951,Official public provider/catalog API metadata,2026-08-25,Identity; catalog type; description; free/commercial signal; database groups; releases; datapacks; formats; dependencies; public documents,UVEK LCI Data is listed with 1 database group and 1 datapack metadata record; formats include openLCA zolca.,A — official public openLCA Nexus catalog/API record; underlying provider claims not independently tested,"Metadata publicly accessible; some package files require account, licence, order or third-party dependency",Yes — public metadata only,"No login, registration, purchase or restricted package content was used. The complete normalized public catalog metadata is retained in the curated Nexus review snapshot."
EVD-0229,LCA-DB-0040,openLCA Nexus public catalog record — IDEMAT,openLCA Nexus / GreenDelta; underlying provider identified in the catalog record,https://nexus.openlca.org/ws/dataproviders/9701,Official public provider/catalog API metadata,2026-08-25,Identity; catalog type; description; free/commercial signal; database groups; releases; datapacks; formats; dependencies; public documents,"IDEMAT is listed with 2 database groups and 8 datapack metadata records; formats include openLCA zolca, JSON-LD.",A — official public openLCA Nexus catalog/API record; underlying provider claims not independently tested,"Metadata publicly accessible; some package files require account, licence, order or third-party dependency",Yes — public metadata only,"No login, registration, purchase or restricted package content was used. The complete normalized public catalog metadata is retained in the curated Nexus review snapshot."
EVD-0230,LCA-DB-0028,openLCA Nexus public catalog record — Environmental Footprint,openLCA Nexus / GreenDelta; underlying provider identified in the catalog record,https://nexus.openlca.org/ws/dataproviders/8902,Official public provider/catalog API metadata,2026-08-25,Identity; catalog type; description; free/commercial signal; database groups; releases; datapacks; formats; dependencies; public documents,"Environmental Footprint is listed with 2 database groups and 3 datapack metadata records; formats include DAL Tool, openLCA zolca.",A — official public openLCA Nexus catalog/API record; underlying provider claims not independently tested,"Metadata publicly accessible; some package files require account, licence, order or third-party dependency",Yes — public metadata only,"No login, registration, purchase or restricted package content was used. The complete normalized public catalog metadata is retained in the curated Nexus review snapshot."
EVD-0231,LCA-DB-0008,openLCA Nexus public catalog record — idea,openLCA Nexus / GreenDelta; underlying provider identified in the catalog record,https://nexus.openlca.org/ws/dataproviders/8651,Official public provider/catalog API metadata,2026-08-25,Identity; catalog type; description; free/commercial signal; database groups; releases; datapacks; formats; dependencies; public documents,idea is listed with 1 database group and 2 datapack metadata records; formats include openLCA zolca.,A — official public openLCA Nexus catalog/API record; underlying provider claims not independently tested,"Metadata publicly accessible; some package files require account, licence, order or third-party dependency",Yes — public metadata only,"No login, registration, purchase or restricted package content was used. The complete normalized public catalog metadata is retained in the curated Nexus review snapshot."
EVD-0232,LCA-DB-0074,openLCA Nexus public catalog record — ARVI,openLCA Nexus / GreenDelta; underlying provider identified in the catalog record,https://nexus.openlca.org/ws/dataproviders/8351,Official public provider/catalog API metadata,2026-08-25,Identity; catalog type; description; free/commercial signal; database groups; releases; datapacks; formats; dependencies; public documents,ARVI is listed with 1 database group and 4 datapack metadata records; formats include openLCA zolca.,A — official public openLCA Nexus catalog/API record; underlying provider claims not independently tested,"Metadata publicly accessible; some package files require account, licence, order or third-party dependency",Yes — public metadata only,"No login, registration, purchase or restricted package content was used. The complete normalized public catalog metadata is retained in the curated Nexus review snapshot."
EVD-0233,LCA-DB-0075,openLCA Nexus public catalog record — OzLCI2019,openLCA Nexus / GreenDelta; underlying provider identified in the catalog record,https://nexus.openlca.org/ws/dataproviders/9401,Official public provider/catalog API metadata,2026-08-25,Identity; catalog type; description; free/commercial signal; database groups; releases; datapacks; formats; dependencies; public documents,OzLCI2019 is listed with 1 database group and 1 datapack metadata record; formats include openLCA zolca.,A — official public openLCA Nexus catalog/API record; underlying provider claims not independently tested,"Metadata publicly accessible; some package files require account, licence, order or third-party dependency",Yes — public metadata only,"No login, registration, purchase or restricted package content was used. The complete normalized public catalog metadata is retained in the curated Nexus review snapshot."
EVD-0234,LCA-DB-0042,openLCA Nexus public catalog record — The Evah Pigments Database,openLCA Nexus / GreenDelta; underlying provider identified in the catalog record,https://nexus.openlca.org/ws/dataproviders/9001,Official public provider/catalog API metadata,2026-08-25,Identity; catalog type; description; free/commercial signal; database groups; releases; datapacks; formats; dependencies; public documents,"The Evah Pigments Database is listed with 3 database groups and 7 datapack metadata records; formats include PDF, openLCA zolca.",A — official public openLCA Nexus catalog/API record; underlying provider claims not independently tested,"Metadata publicly accessible; some package files require account, licence, order or third-party dependency",Yes — public metadata only,"No login, registration, purchase or restricted package content was used. The complete normalized public catalog metadata is retained in the curated Nexus review snapshot."
EVD-0235,LCA-DB-0076,openLCA Nexus public catalog record — Circularity Food Package,openLCA Nexus / GreenDelta; underlying provider identified in the catalog record,https://nexus.openlca.org/ws/dataproviders/10201,Official public provider/catalog API metadata,2026-08-25,Identity; catalog type; description; free/commercial signal; database groups; releases; datapacks; formats; dependencies; public documents,Circularity Food Package is listed with 2 database groups and 2 datapack metadata records; formats include openLCA zolca.,A — official public openLCA Nexus catalog/API record; underlying provider claims not independently tested,"Metadata publicly accessible; some package files require account, licence, order or third-party dependency",Yes — public metadata only,"No login, registration, purchase or restricted package content was used. The complete normalized public catalog metadata is retained in the curated Nexus review snapshot."
EVD-0236,LCA-DB-0077,openLCA Nexus public catalog record — soca,openLCA Nexus / GreenDelta; underlying provider identified in the catalog record,https://nexus.openlca.org/ws/dataproviders/8253,Official public provider/catalog API metadata,2026-08-25,Identity; catalog type; description; free/commercial signal; database groups; releases; datapacks; formats; dependencies; public documents,"soca is listed with 1 database group and 17 datapack metadata records; formats include openLCA zolca, openLCA library.",A — official public openLCA Nexus catalog/API record; underlying provider claims not independently tested,"Metadata publicly accessible; some package files require account, licence, order or third-party dependency",Yes — public metadata only,"No login, registration, purchase or restricted package content was used. The complete normalized public catalog metadata is retained in the curated Nexus review snapshot."
EVD-0237,LCA-DB-0043,openLCA Nexus public catalog record — EuGeos' 15804-IA,openLCA Nexus / GreenDelta; underlying provider identified in the catalog record,https://nexus.openlca.org/ws/dataproviders/8251,Official public provider/catalog API metadata,2026-08-25,Identity; catalog type; description; free/commercial signal; database groups; releases; datapacks; formats; dependencies; public documents,EuGeos' 15804-IA is listed with 2 database groups and 4 datapack metadata records; formats include openLCA zolca.,A — official public openLCA Nexus catalog/API record; underlying provider claims not independently tested,"Metadata publicly accessible; some package files require account, licence, order or third-party dependency",Yes — public metadata only,"No login, registration, purchase or restricted package content was used. The complete normalized public catalog metadata is retained in the curated Nexus review snapshot."
EVD-0238,LCA-DB-0078,openLCA Nexus public catalog record — EcoProfiles Recycled Plastics,openLCA Nexus / GreenDelta; underlying provider identified in the catalog record,https://nexus.openlca.org/ws/dataproviders/10463,Official public provider/catalog API metadata,2026-08-25,Identity; catalog type; description; free/commercial signal; database groups; releases; datapacks; formats; dependencies; public documents,"EcoProfiles Recycled Plastics is listed with 2 database groups and 7 datapack metadata records; formats include ILCD, PDF, JSON-LD.",A — official public openLCA Nexus catalog/API record; underlying provider claims not independently tested,"Metadata publicly accessible; some package files require account, licence, order or third-party dependency",Yes — public metadata only,"No login, registration, purchase or restricted package content was used. The complete normalized public catalog metadata is retained in the curated Nexus review snapshot."
EVD-0239,LCA-DB-0034,openLCA Nexus public catalog record — NEEDS,openLCA Nexus / GreenDelta; underlying provider identified in the catalog record,https://nexus.openlca.org/ws/dataproviders/53,Official public provider/catalog API metadata,2026-08-25,Identity; catalog type; description; free/commercial signal; database groups; releases; datapacks; formats; dependencies; public documents,NEEDS is listed with 1 database group and 1 datapack metadata record; formats include openLCA zolca.,A — official public openLCA Nexus catalog/API record; underlying provider claims not independently tested,"Metadata publicly accessible; some package files require account, licence, order or third-party dependency",Yes — public metadata only,"No login, registration, purchase or restricted package content was used. The complete normalized public catalog metadata is retained in the curated Nexus review snapshot."
EVD-0240,LCA-DB-0030,openLCA Nexus public catalog record — ESU World Food,openLCA Nexus / GreenDelta; underlying provider identified in the catalog record,https://nexus.openlca.org/ws/dataproviders/8904,Official public provider/catalog API metadata,2026-08-25,Identity; catalog type; description; free/commercial signal; database groups; releases; datapacks; formats; dependencies; public documents,ESU World Food is listed with 2 database groups and 4 datapack metadata records; formats include openLCA zolca.,A — official public openLCA Nexus catalog/API record; underlying provider claims not independently tested,"Metadata publicly accessible; some package files require account, licence, order or third-party dependency",Yes — public metadata only,"No login, registration, purchase or restricted package content was used. The complete normalized public catalog metadata is retained in the curated Nexus review snapshot."
EVD-0241,LCA-DB-0016,openLCA Nexus public catalog record — ELCD,openLCA Nexus / GreenDelta; underlying provider identified in the catalog record,https://nexus.openlca.org/ws/dataproviders/52,Official public provider/catalog API metadata,2026-08-25,Identity; catalog type; description; free/commercial signal; database groups; releases; datapacks; formats; dependencies; public documents,ELCD is listed with 1 database group and 1 datapack metadata record; formats include openLCA zolca.,A — official public openLCA Nexus catalog/API record; underlying provider claims not independently tested,"Metadata publicly accessible; some package files require account, licence, order or third-party dependency",Yes — public metadata only,"No login, registration, purchase or restricted package content was used. The complete normalized public catalog metadata is retained in the curated Nexus review snapshot."
EVD-0242,LCA-DB-0079,openLCA Nexus public catalog record — LC-Inventories.ch,openLCA Nexus / GreenDelta; underlying provider identified in the catalog record,https://nexus.openlca.org/ws/dataproviders/301,Official public provider/catalog API metadata,2026-08-25,Identity; catalog type; description; free/commercial signal; database groups; releases; datapacks; formats; dependencies; public documents,LC-Inventories.ch is listed with 15 database groups and 15 datapack metadata records; formats include openLCA zolca.,A — official public openLCA Nexus catalog/API record; underlying provider claims not independently tested,"Metadata publicly accessible; some package files require account, licence, order or third-party dependency",Yes — public metadata only,"No login, registration, purchase or restricted package content was used. The complete normalized public catalog metadata is retained in the curated Nexus review snapshot."
EVD-0243,LCA-DB-0026,openLCA Nexus public catalog record — Social Hotspots,openLCA Nexus / GreenDelta; underlying provider identified in the catalog record,https://nexus.openlca.org/ws/dataproviders/151,Official public provider/catalog API metadata,2026-08-25,Identity; catalog type; description; free/commercial signal; database groups; releases; datapacks; formats; dependencies; public documents,"Social Hotspots is listed with 1 database group and 6 datapack metadata records; formats include openLCA zolca, openLCA library.",A — official public openLCA Nexus catalog/API record; underlying provider claims not independently tested,"Metadata publicly accessible; some package files require account, licence, order or third-party dependency",Yes — public metadata only,"No login, registration, purchase or restricted package content was used. The complete normalized public catalog metadata is retained in the curated Nexus review snapshot."
EVD-0244,LCA-DB-0020,openLCA Nexus public catalog record — ProBas,openLCA Nexus / GreenDelta; underlying provider identified in the catalog record,https://nexus.openlca.org/ws/dataproviders/8101,Official public provider/catalog API metadata,2026-08-25,Identity; catalog type; description; free/commercial signal; database groups; releases; datapacks; formats; dependencies; public documents,ProBas is listed with 1 database group and 3 datapack metadata records; formats include openLCA zolca.,A — official public openLCA Nexus catalog/API record; underlying provider claims not independently tested,"Metadata publicly accessible; some package files require account, licence, order or third-party dependency",Yes — public metadata only,"No login, registration, purchase or restricted package content was used. The complete normalized public catalog metadata is retained in the curated Nexus review snapshot."
EVD-0245,LCA-DB-0036,openLCA Nexus public catalog record — BioEnergieDat,openLCA Nexus / GreenDelta; underlying provider identified in the catalog record,https://nexus.openlca.org/ws/dataproviders/256,Official public provider/catalog API metadata,2026-08-25,Identity; catalog type; description; free/commercial signal; database groups; releases; datapacks; formats; dependencies; public documents,BioEnergieDat is listed with 1 database group and 1 datapack metadata record; formats include openLCA zolca.,A — official public openLCA Nexus catalog/API record; underlying provider claims not independently tested,"Metadata publicly accessible; some package files require account, licence, order or third-party dependency",Yes — public metadata only,"No login, registration, purchase or restricted package content was used. The complete normalized public catalog metadata is retained in the curated Nexus review snapshot."
EVD-0246,LCA-DB-0023,openLCA Nexus public catalog record — worldsteel,openLCA Nexus / GreenDelta; underlying provider identified in the catalog record,https://nexus.openlca.org/ws/dataproviders/9751,Official public provider/catalog API metadata,2026-08-25,Identity; catalog type; description; free/commercial signal; database groups; releases; datapacks; formats; dependencies; public documents,worldsteel is listed with 1 database group and 1 datapack metadata record; formats include openLCA zolca.,A — official public openLCA Nexus catalog/API record; underlying provider claims not independently tested,"Metadata publicly accessible; some package files require account, licence, order or third-party dependency",Yes — public metadata only,"No login, registration, purchase or restricted package content was used. The complete normalized public catalog metadata is retained in the curated Nexus review snapshot."
EVD-0247,LCA-DB-0080,openLCA Nexus public catalog record — My-Wood LCI,openLCA Nexus / GreenDelta; underlying provider identified in the catalog record,https://nexus.openlca.org/ws/dataproviders/10466,Official public provider/catalog API metadata,2026-08-25,Identity; catalog type; description; free/commercial signal; database groups; releases; datapacks; formats; dependencies; public documents,My-Wood LCI is listed with 1 database group and 1 datapack metadata record; formats include JSON-LD.,A — official public openLCA Nexus catalog/API record; underlying provider claims not independently tested,"Metadata publicly accessible; some package files require account, licence, order or third-party dependency",Yes — public metadata only,"No login, registration, purchase or restricted package content was used. The complete normalized public catalog metadata is retained in the curated Nexus review snapshot."
EVD-0248,LCA-DB-0015,openLCA Nexus public catalog record — Ökobaudat,openLCA Nexus / GreenDelta; underlying provider identified in the catalog record,https://nexus.openlca.org/ws/dataproviders/201,Official public provider/catalog API metadata,2026-08-25,Identity; catalog type; description; free/commercial signal; database groups; releases; datapacks; formats; dependencies; public documents,Ökobaudat is listed with 1 database group and 3 datapack metadata records; formats include openLCA zolca.,A — official public openLCA Nexus catalog/API record; underlying provider claims not independently tested,"Metadata publicly accessible; some package files require account, licence, order or third-party dependency",Yes — public metadata only,"No login, registration, purchase or restricted package content was used. The complete normalized public catalog metadata is retained in the curated Nexus review snapshot."
EVD-0249,LCA-MTH-0021,openLCA Nexus public catalog record — HILCSA,openLCA Nexus / GreenDelta; underlying provider identified in the catalog record,https://nexus.openlca.org/ws/dataproviders/10468,Official public provider/catalog API metadata,2026-08-25,Identity; catalog type; description; free/commercial signal; database groups; releases; datapacks; formats; dependencies; public documents,"HILCSA is listed with 1 database group and 2 datapack metadata records; formats include excel, JSON-LD.",A — official public openLCA Nexus catalog/API record; underlying provider claims not independently tested,"Metadata publicly accessible; some package files require account, licence, order or third-party dependency",Yes — public metadata only,"No login, registration, purchase or restricted package content was used. The complete normalized public catalog metadata is retained in the curated Nexus review snapshot."
EVD-0250,LCA-MTH-0022,openLCA Nexus public catalog record — LC-Impact LCIA Method,openLCA Nexus / GreenDelta; underlying provider identified in the catalog record,https://nexus.openlca.org/ws/dataproviders/10454,Official public provider/catalog API metadata,2026-08-25,Identity; catalog type; description; free/commercial signal; database groups; releases; datapacks; formats; dependencies; public documents,LC-Impact LCIA Method is listed with 1 database group and 2 datapack metadata records; formats include JSON-LD.,A — official public openLCA Nexus catalog/API record; underlying provider claims not independently tested,"Metadata publicly accessible; some package files require account, licence, order or third-party dependency",Yes — public metadata only,"No login, registration, purchase or restricted package content was used. The complete normalized public catalog metadata is retained in the curated Nexus review snapshot."
EVD-0251,LCA-MTH-0010,openLCA Nexus public catalog record — IMPACT World+ LCIA Method,openLCA Nexus / GreenDelta; underlying provider identified in the catalog record,https://nexus.openlca.org/ws/dataproviders/9053,Official public provider/catalog API metadata,2026-08-25,Identity; catalog type; description; free/commercial signal; database groups; releases; datapacks; formats; dependencies; public documents,"IMPACT World+ LCIA Method is listed with 1 database group and 3 datapack metadata records; formats include JSON-LD, openLCA zolca.",A — official public openLCA Nexus catalog/API record; underlying provider claims not independently tested,"Metadata publicly accessible; some package files require account, licence, order or third-party dependency",Yes — public metadata only,"No login, registration, purchase or restricted package content was used. The complete normalized public catalog metadata is retained in the curated Nexus review snapshot."
EVD-0252,LCA-MTH-0023,openLCA Nexus public catalog record — openLCA LCIA Methods,openLCA Nexus / GreenDelta; underlying provider identified in the catalog record,https://nexus.openlca.org/ws/dataproviders/10456,Official public provider/catalog API metadata,2026-08-25,Identity; catalog type; description; free/commercial signal; database groups; releases; datapacks; formats; dependencies; public documents,"openLCA LCIA Methods is listed with 2 database groups and 29 datapack metadata records; formats include JSON-LD, openLCA zolca, JSON.",A — official public openLCA Nexus catalog/API record; underlying provider claims not independently tested,"Metadata publicly accessible; some package files require account, licence, order or third-party dependency",Yes — public metadata only,"No login, registration, purchase or restricted package content was used. The complete normalized public catalog metadata is retained in the curated Nexus review snapshot."
