provider_location_id,organization_id,organization_label,provider_id,provider_name,is_provider,country_regions,location_status,location_basis,evidence_urls,evidence_note,source_reviewed_at,reviewed_at
PLOC-0001,ORG-0002,22-partner consortium,PRV-306399b589ab,GreenGrocer consortium,Yes,Europe,Located,Institution / company location,https://greengrocer-project.eu/project/about,European Horizon Europe project consortium.,2026-09-06,2026-09-06
PLOC-0002,ORG-0003,ADEME,PRV-39d3cbd139fd,ADEME,Yes,France,Located,Institution / company location,https://doc.agribalyse.fr/documentation-en/agribalyse-data/data-access ; https://doc.agribalyse.fr/documentation-en/data-use/webinars ; https://presse.ademe.fr/files/plaquette_presentation_agribalyse.pdf ; https://www.ademe.fr/lagence/notre-organisation/,Same named institution / provider as reviewed location in LCA-DB-0004; role labels are retained separately.,2026-08-22,2026-09-06
PLOC-0003,ORG-0004,ADEME and programme partners,PRV-39d3cbd139fd,ADEME,Yes,France,Located,Institution / company location,https://doc.agribalyse.fr/documentation-en/agribalyse-data/data-access ; https://doc.agribalyse.fr/documentation-en/data-use/webinars ; https://presse.ademe.fr/files/plaquette_presentation_agribalyse.pdf ; https://www.ademe.fr/lagence/notre-organisation/,Same named institution / provider as reviewed location in LCA-DB-0004; role labels are retained separately.,2026-08-22,2026-09-06
PLOC-0004,ORG-0005,ADEME-led nine-partner consortium,PRV-39d3cbd139fd,ADEME,Yes,France,Located,Institution / company location,https://doc.agribalyse.fr/documentation-en/agribalyse-data/data-access ; https://doc.agribalyse.fr/documentation-en/data-use/webinars ; https://presse.ademe.fr/files/plaquette_presentation_agribalyse.pdf ; https://www.ademe.fr/lagence/notre-organisation/,Same named institution / provider as reviewed location in LCA-DB-0004; role labels are retained separately.,2026-08-22,2026-09-06
PLOC-0005,ORG-0007,AIST-IDEA programme and AIST Solutions licensing service,PRV-7d2722cb0fd9,AIST,Yes,Japan,Located,Institution / company location,https://idea-lca.com/en/features/ ; https://www.aist.go.jp/aist_e/about_aist,Same named institution / provider as reviewed location in LCA-DB-0008; role labels are retained separately.,2026-08-22,2026-09-06
PLOC-0006,ORG-0008,Alliance HQE-GBC and INIES governance bodies,PRV-cf3cccc18804,INIES / Alliance HQE-GBC,Yes,France,Located,Institution / company location,https://www.inies.fr/en/accueil/ ; https://www.inies.fr/en/ressources-documentaires/how-to-consult-the-inies-database/ ; https://www.inies.fr/politique-de-confidentialite-2/,Same named institution / provider as reviewed location in LCA-DB-0021; role labels are retained separately.,2026-08-22,2026-09-06
PLOC-0007,ORG-0012,Argonne National Laboratory,PRV-1f67e4dceabf,Argonne National Laboratory,Yes,United States,Located,Institution / company location,https://www.anl.gov/contact/chicago-site-contact,"Laboratory address in Lemont, Illinois, United States.",2026-09-06,2026-09-06
PLOC-0008,ORG-0014,Athena Sustainable Materials Institute,PRV-6e5929226ff3,Athena Sustainable Materials Institute,Yes,Canada,Located,Institution / company location,https://www.athenasmi.org/our-software-data/lca-databases/ ; https://www.athenasmi.org/,Same named institution / provider as reviewed location in LCA-DB-0049; role labels are retained separately.,2026-08-22,2026-09-06
PLOC-0009,ORG-0015,AusLCI Database Committee and sector partners,PRV-2bca6569c137,Australian Life Cycle Assessment Society (ALCAS),Yes,Australia,Located,Institution / company location,https://www.auslci.com.au/,Same named institution / provider as reviewed location in LCA-DB-0014; role labels are retained separately.,2026-08-22,2026-09-06
PLOC-0010,ORG-0016,Australian Life Cycle Assessment Society (ALCAS),PRV-2bca6569c137,Australian Life Cycle Assessment Society (ALCAS),Yes,Australia,Located,Institution / company location,https://www.auslci.com.au/,Same named institution / provider as reviewed location in LCA-DB-0014; role labels are retained separately.,2026-08-22,2026-09-06
PLOC-0011,ORG-0019,BATTERS,PRV-a6c1cc65e540,BATTERS / WELOOP,Yes,France,Located,Institution / company location,https://www.batters.fr/en/battery-recycling-inventory/ ; https://www.weloop.org/contact/,Same named institution / provider as reviewed location in LCA-DB-0035; role labels are retained separately.,2026-08-22,2026-09-06
PLOC-0012,ORG-0020,BATTERS / WELOOP experts,PRV-a6c1cc65e540,BATTERS / WELOOP,Yes,France,Located,Institution / company location,https://www.batters.fr/en/battery-recycling-inventory/ ; https://www.weloop.org/contact/,Same named institution / provider as reviewed location in LCA-DB-0035; role labels are retained separately.,2026-08-22,2026-09-06
PLOC-0013,ORG-0021,BBSR and commissioned technical operators,PRV-d5a3d377bdea,BMWSB / BBSR,Yes,Germany,Located,Institution / company location,https://www.oekobaudat.de/service/downloads ; https://www.oekobaudat.de/info/impressum.html,Same named institution / provider as reviewed location in LCA-DB-0015; role labels are retained separately.,2026-08-22,2026-09-06
PLOC-0014,ORG-0022,BBSR-linked technical maintainers and data-network implementers,PRV-d5a3d377bdea,BMWSB / BBSR,Yes,Germany,Located,Institution / company location,https://www.oekobaudat.de/service/downloads ; https://www.oekobaudat.de/info/impressum.html,Same named institution / provider as reviewed location in LCA-DB-0015; role labels are retained separately.,2026-08-22,2026-09-06
PLOC-0015,ORG-0023,BioEnergieDat project consortium,PRV-7ca803b6a570,BioEnergieDat / KIT,Yes,Germany,Located,Institution / company location,https://www.bioenergiedat.de/software.html ; https://bioenergiedat.de/documents/10156/24192/anleitung-openLCA.pdf,Same named institution / provider as reviewed location in LCA-DB-0036; role labels are retained separately.,2026-08-22,2026-09-06
PLOC-0016,ORG-0024,BMWSB/BBSR and InData/ECO Platform technical community,PRV-d5a3d377bdea,BMWSB / BBSR,Yes,Germany,Located,Institution / company location,https://www.oekobaudat.de/service/downloads ; https://www.oekobaudat.de/info/impressum.html,Same named institution / provider as reviewed location in LCA-DB-0015; role labels are retained separately.,2026-08-22,2026-09-06
PLOC-0017,ORG-0025,BONSAI community,PRV-a97f3d2daa6e,BONSAI,Yes,Global community,Located,Global community,https://www.bonsai.uno/foundation,Distributed volunteer network with independent projects and international contributors; classified as a global community.,2026-09-06,2026-09-06
PLOC-0018,ORG-0026,BONSAI data contributors and projects,PRV-a97f3d2daa6e,BONSAI,Yes,Global community,Located,Global community,https://www.bonsai.uno/foundation,Distributed volunteer network with independent projects and international contributors; classified as a global community.,2026-09-06,2026-09-06
PLOC-0019,ORG-0027,BONSAI network/contributors,PRV-a97f3d2daa6e,BONSAI,Yes,Global community,Located,Global community,https://www.bonsai.uno/foundation,Distributed volunteer network with independent projects and international contributors; classified as a global community.,2026-09-06,2026-09-06
PLOC-0020,ORG-0028,BONSAI not-for-profit association,PRV-a97f3d2daa6e,BONSAI,Yes,Global community,Located,Global community,https://www.bonsai.uno/foundation,Distributed volunteer network with independent projects and international contributors; classified as a global community.,2026-09-06,2026-09-06
PLOC-0021,ORG-0029,"BONSAI secretariat, board and contributor network",PRV-a97f3d2daa6e,BONSAI,Yes,Global community,Located,Global community,https://www.bonsai.uno/foundation,Distributed volunteer network with independent projects and international contributors; classified as a global community.,2026-09-06,2026-09-06
PLOC-0022,ORG-0032,Bureau Veritas CODDE,PRV-cbdfa365e74d,LCIE Bureau Veritas / CODDE,Yes,France,Located,Institution / company location,https://codde.fr/evenement/eime-nouvelle-base-codde-2026-04 ; https://codde.fr/en/contact-us/contact,Same named institution / provider as reviewed location in LCA-DB-0039; role labels are retained separately.,2026-08-22,2026-09-06
PLOC-0023,ORG-0033,C.Scale,PRV-938b7e7753d5,C.Scale,Yes,United States,Located,Institution / company location,https://docs.cscale.io/resources/terms-of-use,Terms identify Climate Scale Inc. as a Delaware public benefit corporation.,2026-09-06,2026-09-06
PLOC-0024,ORG-0037,Carbon Minds,PRV-e5ef70a95668,Carbon Minds,Yes,Germany,Located,Institution / company location,https://www.carbon-minds.com/products/data/carbon-footprint-and-lca-data/database-and-methodology-versions/ ; https://www.carbon-minds.com/site-notice/,Same named institution / provider as reviewed location in LCA-DB-0006; role labels are retained separately.,2026-08-22,2026-09-06
PLOC-0025,ORG-0039,Carbonfact science team,PRV-a86c58b2ba67,Carbonfact,Yes,United States; France,Located,Institution / company location,https://www.carbonfact.com/database ; https://www.carbonfact.com/legal-notice,Same named institution / provider as reviewed location in LCA-DB-0031; role labels are retained separately.,2026-08-22,2026-09-06
PLOC-0026,ORG-0043,Cascale,PRV-692834b216be,Cascale,Yes,"United States; Netherlands; Hong Kong SAR, China",Located,Institution / company location,https://cascale.org/contact-us/,Official contact page lists global offices in Amsterdam and Hong Kong and a US mailing address in Oakland.,2026-09-06,2026-09-06
PLOC-0027,ORG-0044,Catena-X Automotive Network e.V.,PRV-171a48f887e9,Catena-X Automotive Network e.V.,Yes,Germany,Located,Institution / company location,https://catena-x.net/imprint/,"Association imprint lists Berlin, Germany.",2026-09-06,2026-09-06
PLOC-0028,ORG-0045,Catena-X PCF working groups,PRV-171a48f887e9,Catena-X Automotive Network e.V.,Yes,Germany,Located,Institution / company location,https://catena-x.net/imprint/,"Association imprint lists Berlin, Germany.",2026-09-06,2026-09-06
PLOC-0029,ORG-0046,Catena-X PCF/data-model working groups,PRV-171a48f887e9,Catena-X Automotive Network e.V.,Yes,Germany,Located,Institution / company location,https://catena-x.net/imprint/,"Association imprint lists Berlin, Germany.",2026-09-06,2026-09-06
PLOC-0030,ORG-0047,CEN/TC 350 and national standards bodies,PRV-7af36b51dd97,CEN,Yes,Belgium,Located,Institution / company location,https://www.cencenelec.eu/management-centre/contact-us/,"CEN-CENELEC Management Centre lists Brussels, Belgium.",2026-09-06,2026-09-06
PLOC-0031,ORG-0048,CEPE LCI project,PRV-43c4ff5d27e1,CEPE,Yes,Belgium,Located,Institution / company location,https://cepe.org/sustainability/lci-project/ ; https://cepe.org/sustainability/how-to-access-the-database/ ; https://cepe.org/sustainability/,Same named institution / provider as reviewed location in LCA-DB-0032; role labels are retained separately.,2026-08-22,2026-09-06
PLOC-0032,ORG-0049,Chalmers University of Technology-led DeDuCE team,PRV-15b7f004206d,Chalmers University of Technology,Yes,Sweden,Located,Institution / company location,https://cpmdatabase.cpm.chalmers.se/AboutDatabase.htm ; https://www.lifecyclecenter.se/about-us/,Same named institution / provider as reviewed location in LCA-DB-0037; role labels are retained separately.,2026-08-22,2026-09-06
PLOC-0033,ORG-0050,"Chalmers University of Technology, Environmental Systems Analysis",PRV-15b7f004206d,Chalmers University of Technology,Yes,Sweden,Located,Institution / company location,https://cpmdatabase.cpm.chalmers.se/AboutDatabase.htm ; https://www.lifecyclecenter.se/about-us/,Same named institution / provider as reviewed location in LCA-DB-0037; role labels are retained separately.,2026-08-22,2026-09-06
PLOC-0034,ORG-0053,CIRAIG / POLARIIS+ collaboration,PRV-92f100844f09,CIRAIG,Yes,Canada,Located,Institution / company location,https://ciraig.org/index.php/project/open-io-canada/ ; https://github.com/CIRAIG/OpenIO-Canada,Same named institution / provider as reviewed location in LCA-DB-0024; role labels are retained separately.,2026-08-22,2026-09-06
PLOC-0035,ORG-0054,CIRAIG / project contributors,PRV-92f100844f09,CIRAIG,Yes,Canada,Located,Institution / company location,https://ciraig.org/index.php/project/open-io-canada/ ; https://github.com/CIRAIG/OpenIO-Canada,Same named institution / provider as reviewed location in LCA-DB-0024; role labels are retained separately.,2026-08-22,2026-09-06
PLOC-0036,ORG-0055,CIRAIG OpenIO-Canada contributors,PRV-92f100844f09,CIRAIG,Yes,Canada,Located,Institution / company location,https://ciraig.org/index.php/project/open-io-canada/ ; https://github.com/CIRAIG/OpenIO-Canada,Same named institution / provider as reviewed location in LCA-DB-0024; role labels are retained separately.,2026-08-22,2026-09-06
PLOC-0037,ORG-0056,CIRAIG Sustainable Consumption Chair,PRV-92f100844f09,CIRAIG,Yes,Canada,Located,Institution / company location,https://ciraig.org/index.php/project/open-io-canada/ ; https://github.com/CIRAIG/OpenIO-Canada,Same named institution / provider as reviewed location in LCA-DB-0024; role labels are retained separately.,2026-08-22,2026-09-06
PLOC-0038,ORG-0057,CIRAIG with ecoinvent,PRV-647343057a51,CIRAIG / ecoinvent,Yes,Canada; Switzerland,Located,Institution / company location,https://ciraig.org/index.php/project/quebec-life-cycle-inventory-database/ ; https://www.environnement.gouv.qc.ca/infuseur/communique.asp?no=3037 ; https://helpdesk.lifecycleinitiative.org/distribution/data-formats/ ; https://ecoinvent.org/mission-history/ ; https://support.ecoinvent.org/releases-overview ; https://support.ecoinvent.org/data-formats-overview ; https://support.ecoinvent.org/hubfs/Comms/2025%20v3.12%20Release/Introduction%20to%20ecoinvent%20v3.12.pdf ; https://nexus.openlca.org/ws/files/35296,Named collaboration between CIRAIG in Canada and ecoinvent in Switzerland. Prior reviewed locations retained.,2026-09-06,2026-09-06
PLOC-0039,ORG-0058,Circular Ecology,PRV-2a02687fb6e8,Circular Ecology,Yes,United Kingdom,Located,Institution / company location,https://circularecology.com/embodied-carbon-footprint-database.html,Same named institution / provider as reviewed location in LCA-DB-0029; role labels are retained separately.,2026-08-22,2026-09-06
PLOC-0040,ORG-0060,CIRPASS-2 and partner initiatives,PRV-01c182ccc01f,CIRPASS-2 / DPP Vocabulary Hub,Yes,Europe,Located,Institution / company location,https://cirpass2.eu/who-we-are/,The consortium comprises organizations across Europe and beyond; regional consortium location is retained without assigning a single headquarters.,2026-09-06,2026-09-06
PLOC-0041,ORG-0061,CIRPASS-2 European project,PRV-01c182ccc01f,CIRPASS-2 / DPP Vocabulary Hub,Yes,Europe,Located,Institution / company location,https://cirpass2.eu/who-we-are/,The consortium comprises organizations across Europe and beyond; regional consortium location is retained without assigning a single headquarters.,2026-09-06,2026-09-06
PLOC-0042,ORG-0063,CLIC Innovation / ARVI research programme,PRV-29fbc8554ad0,CLIC Innovation / ARVI research programme,Yes,Finland,Located,Reviewed owner / steward location,https://nexus.openlca.org/ws/dataproviders/8351,Owner / steward location retained from the reviewed database-scope record LCA-DB-0074.,2026-08-25,2026-09-06
PLOC-0043,ORG-0064,Climate Farm Demo consortium,PRV-34e49703255b,Climate Farm Demo consortium,Yes,Europe,Located,Institution / company location,https://climatefarmdemo.eu/about/,"Pan-European consortium/network; regional classification, not data coverage.",2026-09-06,2026-09-06
PLOC-0044,ORG-0069,CML-IE; public resources are now largely archival,PRV-b1987aff2ac4,Leiden University / CML,Yes,Netherlands,Located,Institution / company location,https://www.universiteitleiden.nl/wiskunde-en-natuurwetenschappen/milieuwetenschappen/afdeling-environmental-biology/contact,"CML institutional address in Leiden, the Netherlands.",2026-09-06,2026-09-06
PLOC-0045,ORG-0071,Consortium for Research on Renewable Industrial Materials (CORRIM),PRV-4650c72b5677,CORRIM,Yes,United States,Located,Institution / company location,https://corrim.org/lcas-on-wood-products-library/ ; https://www.lcacommons.gov/lca-collaboration/CORRIM/Forestry_and_forest_products,Same named institution / provider as reviewed location in LCA-DB-0067; role labels are retained separately.,2026-08-22,2026-09-06
PLOC-0046,ORG-0072,Cornerstone Sustainability Data Initiative,PRV-5b58cd6202d5,Cornerstone (ERG / Stanford / Watershed),Yes,United States,Located,Institution / company location,https://cornerstonedata.org/ ; https://www.erg.com/about ; https://watershed.com/,"Initiative operated by ERG, Stanford and Watershed; institutional homes in the United States.",2026-09-06,2026-09-06
PLOC-0047,ORG-0073,CORRIM and Federal LCA Commons,PRV-4650c72b5677,CORRIM,Yes,United States,Located,Institution / company location,https://corrim.org/lcas-on-wood-products-library/ ; https://www.lcacommons.gov/lca-collaboration/CORRIM/Forestry_and_forest_products,Same named institution / provider as reviewed location in LCA-DB-0067; role labels are retained separately.,2026-08-22,2026-09-06
PLOC-0048,ORG-0075,Daylight Chemical Information Systems (original specification); multiple later dialects,PRV-3d6476e7b202,Daylight Chemical Information Systems,Yes,United States,Located,Institution / company location,https://www.daylight.com/iframes/footer.html,"Official site identifies Daylight headquarters in Laguna Niguel, California, USA. Later independent dialect implementers are not individually identified in this collective label.",2026-09-06,2026-09-06
PLOC-0049,ORG-0076,Daylight for original specification; distributed implementer community,PRV-3d6476e7b202,Daylight Chemical Information Systems,Yes,United States,Located,Institution / company location,https://www.daylight.com/iframes/footer.html,"Official site identifies Daylight headquarters in Laguna Niguel, California, USA. Later independent dialect implementers are not individually identified in this collective label.",2026-09-06,2026-09-06
PLOC-0050,ORG-0077,DdS board and staff,PRV-b0c95c671e2e,Départ de Sentier,Yes,Switzerland,Located,Institution / company location,https://www.d-d-s.ch/about/,Official site describes DdS as a Swiss non-profit association.,2026-09-06,2026-09-06
PLOC-0051,ORG-0078,DdS platform and data engineering team,PRV-b0c95c671e2e,Départ de Sentier,Yes,Switzerland,Located,Institution / company location,https://www.d-d-s.ch/about/,Official site describes DdS as a Swiss non-profit association.,2026-09-06,2026-09-06
PLOC-0052,ORG-0079,DeDuCE research team and partners,PRV-15b7f004206d,Chalmers University of Technology,Yes,Sweden,Located,Institution / company location,https://cpmdatabase.cpm.chalmers.se/AboutDatabase.htm ; https://www.lifecyclecenter.se/about-us/,Same named institution / provider as reviewed location in LCA-DB-0037; role labels are retained separately.,2026-08-22,2026-09-06
PLOC-0053,ORG-0081,Départ de Sentier,PRV-b0c95c671e2e,Départ de Sentier,Yes,Switzerland,Located,Institution / company location,https://www.d-d-s.ch/about/,Official site describes DdS as a Swiss non-profit association.,2026-09-06,2026-09-06
PLOC-0054,ORG-0082,Départ de Sentier association,PRV-b0c95c671e2e,Départ de Sentier,Yes,Switzerland,Located,Institution / company location,https://www.d-d-s.ch/about/,Official site describes DdS as a Swiss non-profit association.,2026-09-06,2026-09-06
PLOC-0055,ORG-0083,Directorate-General for Environment and Joint Research Centre,PRV-1e09abc506d7,European Commission / JRC,Yes,Europe,Located,Institution / company location,https://eplca.jrc.ec.europa.eu/LCDN/developerILCD.html,Same named institution / provider as reviewed location in LCA-DB-0016; role labels are retained separately.,2026-08-22,2026-09-06
PLOC-0056,ORG-0084,Directorate-General for Research and Innovation and Joint Research Centre,PRV-1e09abc506d7,European Commission / JRC,Yes,Europe,Located,Institution / company location,https://eplca.jrc.ec.europa.eu/LCDN/developerILCD.html,Same named institution / provider as reviewed location in LCA-DB-0016; role labels are retained separately.,2026-08-22,2026-09-06
PLOC-0057,ORG-0085,Distributed historically through openLCA Nexus,PRV-c45578c9c7fe,GreenDelta GmbH,Yes,Germany,Located,Institution / company location,https://psilca.net/ ; https://nexus.openlca.org/ws/dataproviders/9552,Same named institution / provider as reviewed location in LCA-DB-0025; role labels are retained separately.,2026-08-25,2026-09-06
PLOC-0058,ORG-0086,Dutch National Institute for Public Health and the Environment (RIVM) and method authors,PRV-f28b1fe39e0c,RIVM,Yes,Netherlands,Located,Institution / company location,https://www.rivm.nl/en/food-and-nutrition/sustainable-food/environmental-impact-of-food-products ; https://www.rivm.nl/en/contact,Same named institution / provider as reviewed location in LCA-DB-0019; role labels are retained separately.,2026-08-22,2026-09-06
PLOC-0059,ORG-0087,EarthShift Global,PRV-c4d2db387768,EarthShift Global,Yes,United States; Canada,Located,Institution / company location,https://earthshiftglobal.com/contact,Official contact page identifies US and Canadian operations; both institutional locations retained.,2026-09-06,2026-09-06
PLOC-0060,ORG-0088,Eaternity,PRV-b2048819101a,Eaternity,Yes,Switzerland,Located,Institution / company location,https://eaternity.org/contact/,"Official contact page identifies headquarters in Zurich, Switzerland.",2026-09-06,2026-09-06
PLOC-0061,ORG-0089,EC-JRC / European Platform on LCA,PRV-1e09abc506d7,European Commission / JRC,Yes,Europe,Located,Institution / company location,https://eplca.jrc.ec.europa.eu/LCDN/developerILCD.html,Same named institution / provider as reviewed location in LCA-DB-0016; role labels are retained separately.,2026-08-22,2026-09-06
PLOC-0062,ORG-0090,ECO Platform AISBL,PRV-c5de4ed291fb,ECO Platform,Yes,Belgium,Located,Institution / company location,https://www.eco-platform.org/files/download/Documents/2025/ECO%20Platform%20bylaws__version_2025-05__approved.pdf,"ECO Platform is incorporated with a registered office in Brussels, Belgium.",2026-09-06,2026-09-06
PLOC-0063,ORG-0091,ECO Platform and connected EPD programme-operator nodes,PRV-c5de4ed291fb,ECO Platform,Yes,Belgium,Located,Institution / company location,https://www.eco-platform.org/files/download/Documents/2025/ECO%20Platform%20bylaws__version_2025-05__approved.pdf,"ECO Platform is incorporated with a registered office in Brussels, Belgium.",2026-09-06,2026-09-06
PLOC-0064,ORG-0092,ECO Platform members and secretariat,PRV-c5de4ed291fb,ECO Platform,Yes,Belgium,Located,Institution / company location,https://www.eco-platform.org/files/download/Documents/2025/ECO%20Platform%20bylaws__version_2025-05__approved.pdf,"ECO Platform is incorporated with a registered office in Brussels, Belgium.",2026-09-06,2026-09-06
PLOC-0065,ORG-0094,eco-costs/value maintainers,PRV-72fdf9683059,Sustainable Impact Metrics Foundation,Yes,Netherlands,Located,Institution / company location,https://www.ecocostsvalue.com/data-tools-books/ ; https://www.ecocostsvalue.com/,Same named institution / provider as reviewed location in LCA-DB-0040; role labels are retained separately.,2026-08-22,2026-09-06
PLOC-0066,ORG-0095,Ecochain Technologies B.V.,PRV-50d5079bff84,Ecochain Technologies B.V.,Yes,Netherlands,Located,Institution / company location,https://ecochain.com/contact/,"Head office in Amsterdam, the Netherlands.",2026-09-06,2026-09-06
PLOC-0067,ORG-0097,ecoinvent / former EcoSpold development community,PRV-21a162b37e57,ecoinvent Association,Yes,Switzerland,Located,Institution / company location,https://ecoinvent.org/mission-history/ ; https://support.ecoinvent.org/releases-overview ; https://support.ecoinvent.org/data-formats-overview ; https://support.ecoinvent.org/hubfs/Comms/2025%20v3.12%20Release/Introduction%20to%20ecoinvent%20v3.12.pdf ; https://nexus.openlca.org/ws/files/35296,Same named institution / provider as reviewed location in LCA-DB-0001; role labels are retained separately.,2026-08-25,2026-09-06
PLOC-0068,ORG-0098,ecoinvent Association,PRV-21a162b37e57,ecoinvent Association,Yes,Switzerland,Located,Institution / company location,https://ecoinvent.org/mission-history/ ; https://support.ecoinvent.org/releases-overview ; https://support.ecoinvent.org/data-formats-overview ; https://support.ecoinvent.org/hubfs/Comms/2025%20v3.12%20Release/Introduction%20to%20ecoinvent%20v3.12.pdf ; https://nexus.openlca.org/ws/files/35296,Same named institution / provider as reviewed location in LCA-DB-0001; role labels are retained separately.,2026-08-25,2026-09-06
PLOC-0069,ORG-0100,ENEA,PRV-b1034636fecb,ENEA,Yes,Italy,Located,Institution / company location,https://bancadatiitalianalca.enea.it/Node/index.xhtml?stock=BDILCA ; https://www.arcadia.enea.it/la-banca-dati.html,Same named institution / provider as reviewed location in LCA-DB-0009; role labels are retained separately.,2026-08-22,2026-09-06
PLOC-0070,ORG-0101,ENEA; ARCADIA and successor MASE–ENEA programme,PRV-b1034636fecb,ENEA,Yes,Italy,Located,Institution / company location,https://bancadatiitalianalca.enea.it/Node/index.xhtml?stock=BDILCA ; https://www.arcadia.enea.it/la-banca-dati.html,Same named institution / provider as reviewed location in LCA-DB-0009; role labels are retained separately.,2026-08-22,2026-09-06
PLOC-0071,ORG-0102,EPD Australasia,PRV-f109470f288e,EPD Australasia Ltd,Yes,New Zealand,Located,Institution / company location,https://epd-australasia.com/epd-search/ ; https://epd-australasia.com/about-us/,Same named institution / provider as reviewed location in LCA-REP-0010; role labels are retained separately.,2026-08-22,2026-09-06
PLOC-0072,ORG-0103,EPD Australasia Ltd,PRV-f109470f288e,EPD Australasia Ltd,Yes,New Zealand,Located,Institution / company location,https://epd-australasia.com/epd-search/ ; https://epd-australasia.com/about-us/,Same named institution / provider as reviewed location in LCA-REP-0010; role labels are retained separately.,2026-08-22,2026-09-06
PLOC-0073,ORG-0104,EPD International AB,PRV-dd96eec9107e,EPD International AB,Yes,Sweden,Located,Institution / company location,https://data.environdec.com/index.xhtml ; https://www.environdec.com/resources/epd-resources-hub ; https://www.environdec.com/service-agreement,Same named institution / provider as reviewed location in LCA-REP-0004; role labels are retained separately.,2026-08-22,2026-09-06
PLOC-0074,ORG-0105,EPDItaly,PRV-7145653cd561,ICMQ / EPDItaly,Yes,Italy,Located,Institution / company location,https://www.epditaly.it/ ; https://www.epditaly.it/en/contatti/,Same named institution / provider as reviewed location in LCA-REP-0011; role labels are retained separately.,2026-08-22,2026-09-06
PLOC-0075,ORG-0106,ERASM,PRV-0018a12c1b0d,ERASM,Yes,Belgium,Located,Institution / company location,https://www.erasm.org/wp-content/uploads/2017/08/170727-SLE-Summary-Paper-IJLCA-1.pdf ; https://specialty-chemicals.eu/erasm/,Same named institution / provider as reviewed location in LCA-DB-0038; role labels are retained separately.,2026-08-22,2026-09-06
PLOC-0076,ORG-0107,ERASM member-company collaboration,PRV-0018a12c1b0d,ERASM,Yes,Belgium,Located,Institution / company location,https://www.erasm.org/wp-content/uploads/2017/08/170727-SLE-Summary-Paper-IJLCA-1.pdf ; https://specialty-chemicals.eu/erasm/,Same named institution / provider as reviewed location in LCA-DB-0038; role labels are retained separately.,2026-08-22,2026-09-06
PLOC-0077,ORG-0108,"ERG, Stanford and Watershed-supported initiative",PRV-5b58cd6202d5,Cornerstone (ERG / Stanford / Watershed),Yes,United States,Located,Institution / company location,https://cornerstonedata.org/ ; https://www.erg.com/about ; https://watershed.com/,"Initiative operated by ERG, Stanford and Watershed; institutional homes in the United States.",2026-09-06,2026-09-06
PLOC-0078,ORG-0110,ESU-services and contributing authors,PRV-3ac48ada0f96,ESU-services,Yes,Switzerland,Located,Institution / company location,https://esu-services.ch/data/fooddata/ ; https://nexus.openlca.org/ws/dataproviders/8904,Same named institution / provider as reviewed location in LCA-DB-0030; role labels are retained separately.,2026-08-25,2026-09-06
PLOC-0079,ORG-0111,ESU-services Ltd.,PRV-3ac48ada0f96,ESU-services,Yes,Switzerland,Located,Institution / company location,https://esu-services.ch/data/fooddata/ ; https://nexus.openlca.org/ws/dataproviders/8904,Same named institution / provider as reviewed location in LCA-DB-0030; role labels are retained separately.,2026-08-25,2026-09-06
PLOC-0080,ORG-0114,EUDPP ontology contributors via DPP Vocabulary Hub,PRV-01c182ccc01f,CIRPASS-2 / DPP Vocabulary Hub,Yes,Europe,Located,Institution / company location,https://cirpass2.eu/who-we-are/,The consortium comprises organizations across Europe and beyond; regional consortium location is retained without assigning a single headquarters.,2026-09-06,2026-09-06
PLOC-0081,ORG-0115,EuGeos / Chris Foster,PRV-ce9a63219355,EuGeos / Chris Foster,Yes,United Kingdom,Located,Reviewed owner / steward location,https://nexus.openlca.org/ws/dataproviders/8251 ; https://www.openlca.org/wp-content/uploads/2022/02/documentation_EN15804-addon-in-openLCA_10022022.pdf,Owner / steward location retained from the reviewed database-scope record LCA-DB-0043.,2026-08-25,2026-09-06
PLOC-0082,ORG-0116,Eurobitume,PRV-8ff1700b82d7,Eurobitume,Yes,Belgium,Located,Reviewed owner / steward location,https://eurobitume.eu/bitumen-life-cycle-assessment/,Owner / steward location retained from the reviewed database-scope record LCA-DB-0066.,2026-08-22,2026-09-06
PLOC-0083,ORG-0117,EUROFER Stainless,PRV-042ffc8279b8,EUROFER,Yes,Belgium,Located,Institution / company location,https://www.eurofer.eu/issues/eurofer-stainless-and-specialty-steel/life-cycle-inventory-lci-enquiries,Same named institution / provider as reviewed location in LCA-DB-0053; role labels are retained separately.,2026-08-22,2026-09-06
PLOC-0084,ORG-0118,European Aluminium,PRV-3fd92d9cfe3d,European Aluminium,Yes,Belgium,Located,Reviewed owner / steward location,https://european-aluminium.eu/blog/environmental-profile-reports/,Owner / steward location retained from the reviewed database-scope record LCA-DB-0050.,2026-08-22,2026-09-06
PLOC-0085,ORG-0119,European Commission,PRV-1e09abc506d7,European Commission / JRC,Yes,Europe,Located,Institution / company location,https://eplca.jrc.ec.europa.eu/LCDN/developerILCD.html,Same named institution / provider as reviewed location in LCA-DB-0016; role labels are retained separately.,2026-08-22,2026-09-06
PLOC-0086,ORG-0120,European Commission Joint Research Centre,PRV-1e09abc506d7,European Commission / JRC,Yes,Europe,Located,Institution / company location,https://eplca.jrc.ec.europa.eu/LCDN/developerILCD.html,Same named institution / provider as reviewed location in LCA-DB-0016; role labels are retained separately.,2026-08-22,2026-09-06
PLOC-0087,ORG-0121,European Commission Joint Research Centre and Directorate-General for Environment,PRV-1e09abc506d7,European Commission / JRC,Yes,Europe,Located,Institution / company location,https://eplca.jrc.ec.europa.eu/LCDN/developerILCD.html,Same named institution / provider as reviewed location in LCA-DB-0016; role labels are retained separately.,2026-08-22,2026-09-06
PLOC-0088,ORG-0122,European Commission Joint Research Centre and Environmental Footprint governance,PRV-1e09abc506d7,European Commission / JRC,Yes,Europe,Located,Institution / company location,https://eplca.jrc.ec.europa.eu/LCDN/developerILCD.html,Same named institution / provider as reviewed location in LCA-DB-0016; role labels are retained separately.,2026-08-22,2026-09-06
PLOC-0089,ORG-0123,European Commission-funded NEEDS project consortium,PRV-b358635dcf0d,NEEDS consortium,Yes,Europe,Located,Institution / company location,https://nexus.openlca.org/ws/files/9971 ; https://nexus.openlca.org/database/NEEDS ; https://cordis.europa.eu/project/id/502687,Same named institution / provider as reviewed location in LCA-DB-0034; role labels are retained separately.,2026-08-22,2026-09-06
PLOC-0090,ORG-0124,European Committee for Standardization (CEN),PRV-7af36b51dd97,CEN,Yes,Belgium,Located,Institution / company location,https://www.cencenelec.eu/management-centre/contact-us/,"CEN-CENELEC Management Centre lists Brussels, Belgium.",2026-09-06,2026-09-06
PLOC-0091,ORG-0125,European Container Glass Federation (FEVE),PRV-21f388457475,FEVE,Yes,Belgium,Located,Institution / company location,https://feve.org/glass-industry-positions/life-cycle-assessment/ ; https://feve.org/new-life-cycle-assessment-proves-industry-success-reducing-environmental-footprint/,Same named institution / provider as reviewed location in LCA-DB-0065; role labels are retained separately.,2026-08-22,2026-09-06
PLOC-0092,ORG-0126,"European Council of the Paint, Printing Ink and Artists' Colours Industry (CEPE)",PRV-43c4ff5d27e1,CEPE,Yes,Belgium,Located,Institution / company location,https://cepe.org/sustainability/lci-project/ ; https://cepe.org/sustainability/how-to-access-the-database/ ; https://cepe.org/sustainability/,Same named institution / provider as reviewed location in LCA-DB-0032; role labels are retained separately.,2026-08-22,2026-09-06
PLOC-0093,ORG-0127,European LIFE programme consortium,PRV-11bd7e8695f0,ADEME / LIFE ECO FOOD CHOICE,Yes,France,Located,Institution / company location,https://doc.agribalyse.fr/documentation-en/agribalyse-data/data-access ; https://doc.agribalyse.fr/documentation-en/data-use/webinars ; https://presse.ademe.fr/files/plaquette_presentation_agribalyse.pdf ; https://www.ademe.fr/lagence/notre-organisation/,Same named institution / provider as reviewed location in LCA-DB-0004; role labels are retained separately.,2026-08-22,2026-09-06
PLOC-0094,ORG-0128,European Platform on Life Cycle Assessment,PRV-1e09abc506d7,European Commission / JRC,Yes,Europe,Located,Institution / company location,https://eplca.jrc.ec.europa.eu/LCDN/developerILCD.html,Same named institution / provider as reviewed location in LCA-DB-0016; role labels are retained separately.,2026-08-22,2026-09-06
PLOC-0095,ORG-0129,European Platform on Life Cycle Assessment / EC-JRC,PRV-1e09abc506d7,European Commission / JRC,Yes,Europe,Located,Institution / company location,https://eplca.jrc.ec.europa.eu/LCDN/developerILCD.html,Same named institution / provider as reviewed location in LCA-DB-0016; role labels are retained separately.,2026-08-22,2026-09-06
PLOC-0096,ORG-0130,European Platform on Life Cycle Assessment / JRC,PRV-1e09abc506d7,European Commission / JRC,Yes,Europe,Located,Institution / company location,https://eplca.jrc.ec.europa.eu/LCDN/developerILCD.html,Same named institution / provider as reviewed location in LCA-DB-0016; role labels are retained separately.,2026-08-22,2026-09-06
PLOC-0097,ORG-0131,Evah Associates,PRV-03ec7f83fcb6,The Evah Institute,Yes,Australia,Located,Institution / company location,https://evah.institute/services ; https://evah.institute/,Same named institution / provider as reviewed location in LCA-DB-0042; role labels are retained separately.,2026-08-22,2026-09-06
PLOC-0098,ORG-0134,EXIOBASE consortium,PRV-1acb62fe17e7,EXIOBASE consortium,Yes,Europe,Located,Institution / company location,https://zenodo.org/records/5589597 ; https://zenodo.org/records/20051562 ; https://github.com/EXIOBASE ; https://exiobase.eu/terms-of-use/,Same named institution / provider as reviewed location in LCA-DB-0007; role labels are retained separately.,2026-08-22,2026-09-06
PLOC-0099,ORG-0135,EXIOBASE research consortium; current releases distributed on Zenodo,PRV-1acb62fe17e7,EXIOBASE consortium,Yes,Europe,Located,Institution / company location,https://zenodo.org/records/5589597 ; https://zenodo.org/records/20051562 ; https://github.com/EXIOBASE ; https://exiobase.eu/terms-of-use/,Same named institution / provider as reviewed location in LCA-DB-0007; role labels are retained separately.,2026-08-22,2026-09-06
PLOC-0100,ORG-0137,FAO-coordinated expert and institutional community,PRV-dbf99f2954da,FAO,Yes,Italy,Located,Institution / company location,https://www.fao.org/contact-us/en/,"FAO headquarters is in Rome, Italy.",2026-09-06,2026-09-06
PLOC-0101,ORG-0138,Federal LCA Commons,PRV-01cf8e04b52b,Federal LCA Commons / U.S. federal agencies,Yes,United States,Located,Institution / company location,https://www.lcacommons.gov/,"Reviewed source identifies a collaboration of U.S. federal agencies, rather than a worldwide provider.",2026-09-06,2026-09-06
PLOC-0102,ORG-0140,FEVE,PRV-21f388457475,FEVE,Yes,Belgium,Located,Institution / company location,https://feve.org/glass-industry-positions/life-cycle-assessment/ ; https://feve.org/new-life-cycle-assessment-proves-industry-success-reducing-environmental-footprint/,Same named institution / provider as reviewed location in LCA-DB-0065; role labels are retained separately.,2026-08-22,2026-09-06
PLOC-0103,ORG-0142,FLCAC administrators; development resources hosted publicly,PRV-01cf8e04b52b,Federal LCA Commons / U.S. federal agencies,Yes,United States,Located,Institution / company location,https://www.lcacommons.gov/,"Reviewed source identifies a collaboration of U.S. federal agencies, rather than a worldwide provider.",2026-09-06,2026-09-06
PLOC-0104,ORG-0143,FOEN/BAFU and commissioned technical partners,PRV-b9b6cffe62cd,Swiss Federal Office for the Environment (FOEN/BAFU),Yes,Switzerland,Located,Institution / company location,https://www.bafu.admin.ch/en/studies-economy-and-consumption ; https://nexus.openlca.org/ws/dataproviders/10465,Same named institution / provider as reviewed location in LCA-DB-0005; role labels are retained separately.,2026-08-25,2026-09-06
PLOC-0105,ORG-0144,Food and Agriculture Organization of the United Nations (FAO) and contributing language institutions,PRV-dbf99f2954da,FAO,Yes,Italy,Located,Institution / company location,https://www.fao.org/contact-us/en/,"FAO headquarters is in Rome, Italy.",2026-09-06,2026-09-06
PLOC-0106,ORG-0145,FoodOn open inter-agency community,PRV-b1b4a3d4a52f,FoodOn / OBO Foundry,Yes,Global community,Located,Global community,https://foodon.org/,Open-source OBO Foundry consortium and international food-ontology community.,2026-09-06,2026-09-06
PLOC-0107,ORG-0146,FoodOntology contributors / OBO Foundry,PRV-b1b4a3d4a52f,FoodOn / OBO Foundry,Yes,Global community,Located,Global community,https://foodon.org/,Open-source OBO Foundry consortium and international food-ontology community.,2026-09-06,2026-09-06
PLOC-0108,ORG-0147,FOODTURE Horizon Europe consortium,PRV-ccefc40fd5d8,FOODTURE consortium,Yes,Europe,Located,Institution / company location,https://foodture-project.eu/work-packages/ ; https://foodture-project.eu/about/ ; https://foodture-project.eu/partners/,Same named institution / provider as reviewed location in LCA-DB-0045; role labels are retained separately.,2026-08-22,2026-09-06
PLOC-0109,ORG-0148,Forest Research Institute Malaysia (FRIM) and Malaysian Timber Industry Board (MTIB),PRV-920d57d0a741,Forest Research Institute Malaysia (FRIM) and Malaysian Timber Industry Board (MTIB),Yes,Malaysia,Located,Reviewed owner / steward location,https://nexus.openlca.org/ws/dataproviders/10466,Owner / steward location retained from the reviewed database-scope record LCA-DB-0080.,2026-08-25,2026-09-06
PLOC-0110,ORG-0149,Forum for Sustainability through Life Cycle Innovation e.V.,PRV-b5ad9c99a67a,FSLCI,Yes,Germany,Located,Institution / company location,https://fslci.org/frequently-asked-questions/,"FSLCI states it is based in Berlin, Germany.",2026-09-06,2026-09-06
PLOC-0111,ORG-0150,Framework authors,PRV-bd91e92c72c3,Green Carbon Cycle authors / TUM Campus Straubing,Yes,Germany,Located,Institution / company location,https://link.springer.com/article/10.1007/s11367-025-02469-0,Published affiliations identify both author groups at TUM Campus Straubing in Germany.,2026-09-06,2026-09-06
PLOC-0112,ORG-0152,FSLCI secretariat and member community,PRV-b5ad9c99a67a,FSLCI,Yes,Germany,Located,Institution / company location,https://fslci.org/frequently-asked-questions/,"FSLCI states it is based in Berlin, Germany.",2026-09-06,2026-09-06
PLOC-0113,ORG-0154,Fundación InnovaCiclos,PRV-1d74f4045938,Fundación InnovaCiclos / EcoEd,Yes,Chile,Located,Institution / company location,https://ciclodata.cl/ ; https://ciclodata.cl/historia/ ; https://ciclodata.cl/terminos-de-uso/,Same named institution / provider as reviewed location in LCA-DB-0060; role labels are retained separately.,2026-08-22,2026-09-06
PLOC-0114,ORG-0155,Fundación InnovaCiclos / EcoEd,PRV-1d74f4045938,Fundación InnovaCiclos / EcoEd,Yes,Chile,Located,Institution / company location,https://ciclodata.cl/ ; https://ciclodata.cl/historia/ ; https://ciclodata.cl/terminos-de-uso/,Same named institution / provider as reviewed location in LCA-DB-0060; role labels are retained separately.,2026-08-22,2026-09-06
PLOC-0115,ORG-0156,GBDI consortium,PRV-fb9b7fb02b1c,Global Building Data Initiative,Yes,Switzerland,Located,Institution / company location,https://www.gbdi.io/platform ; https://www.gbdi.io/about,Same named institution / provider as reviewed location in LCA-PLT-0005; role labels are retained separately.,2026-08-22,2026-09-06
PLOC-0116,ORG-0157,GBDI technical community,PRV-fb9b7fb02b1c,Global Building Data Initiative,Yes,Switzerland,Located,Institution / company location,https://www.gbdi.io/platform ; https://www.gbdi.io/about,Same named institution / provider as reviewed location in LCA-PLT-0005; role labels are retained separately.,2026-08-22,2026-09-06
PLOC-0117,ORG-0158,German Environment Agency,PRV-26f9588561bf,German Environment Agency,Yes,Germany,Located,Institution / company location,https://data.probas.umweltbundesamt.de/ ; https://www.probas.umweltbundesamt.de/ ; https://www.umweltbundesamt.de/en/the-uba/uba-offices,Same named institution / provider as reviewed location in LCA-DB-0020; role labels are retained separately.,2026-08-22,2026-09-06
PLOC-0118,ORG-0159,"German Environment Agency (Umweltbundesamt, UBA)",PRV-26f9588561bf,German Environment Agency,Yes,Germany,Located,Institution / company location,https://data.probas.umweltbundesamt.de/ ; https://www.probas.umweltbundesamt.de/ ; https://www.umweltbundesamt.de/en/the-uba/uba-offices,Same named institution / provider as reviewed location in LCA-DB-0020; role labels are retained separately.,2026-08-22,2026-09-06
PLOC-0119,ORG-0160,"German Federal Ministry for Housing, Urban Development and Building (BMWSB) / Federal Institute for Research on Building, Urban Affairs and Spatial Development (BBSR)",PRV-d5a3d377bdea,BMWSB / BBSR,Yes,Germany,Located,Institution / company location,https://www.oekobaudat.de/service/downloads ; https://www.oekobaudat.de/info/impressum.html,Same named institution / provider as reviewed location in LCA-DB-0015; role labels are retained separately.,2026-08-22,2026-09-06
PLOC-0120,ORG-0161,GFLI Secretariat and data-project partners,PRV-83cb692a5d8e,Global Feed LCA Institute,Yes,United States; Netherlands,Located,Institution / company location,https://globalfeedlca.org/the-gfli-database-update-version-3-0-is-here/ ; https://globalfeedlca.org/gfli-database/accessing-the-database/ ; https://globalfeedlca.org/contact/,Same named institution / provider as reviewed location in LCA-DB-0017; role labels are retained separately.,2026-08-22,2026-09-06
PLOC-0121,ORG-0162,GFLI technical and methodology groups,PRV-83cb692a5d8e,Global Feed LCA Institute,Yes,United States; Netherlands,Located,Institution / company location,https://globalfeedlca.org/the-gfli-database-update-version-3-0-is-here/ ; https://globalfeedlca.org/gfli-database/accessing-the-database/ ; https://globalfeedlca.org/contact/,Same named institution / provider as reviewed location in LCA-DB-0017; role labels are retained separately.,2026-08-22,2026-09-06
PLOC-0122,ORG-0163,GHG Protocol,PRV-b58c090b95cb,WRI / WBCSD (GHG Protocol),Yes,United States; Switzerland,Located,Institution / company location,https://www.wri.org/about/contact ; https://docs.wbcsd.org/2019/01/How_to_Reach_WBCSD.pdf,"Joint WRI / WBCSD programme; institutional homes in Washington, DC and Geneva.",2026-09-06,2026-09-06
PLOC-0123,ORG-0164,GHG Protocol secretariat and multi-stakeholder governance bodies,PRV-b58c090b95cb,WRI / WBCSD (GHG Protocol),Yes,United States; Switzerland,Located,Institution / company location,https://www.wri.org/about/contact ; https://docs.wbcsd.org/2019/01/How_to_Reach_WBCSD.pdf,"Joint WRI / WBCSD programme; institutional homes in Washington, DC and Geneva.",2026-09-06,2026-09-06
PLOC-0124,ORG-0165,Global Building Data Initiative,PRV-fb9b7fb02b1c,Global Building Data Initiative,Yes,Switzerland,Located,Institution / company location,https://www.gbdi.io/platform ; https://www.gbdi.io/about,Same named institution / provider as reviewed location in LCA-PLT-0005; role labels are retained separately.,2026-08-22,2026-09-06
PLOC-0125,ORG-0166,Global Building Data Initiative under GLOBE,PRV-fb9b7fb02b1c,Global Building Data Initiative,Yes,Switzerland,Located,Institution / company location,https://www.gbdi.io/platform ; https://www.gbdi.io/about,Same named institution / provider as reviewed location in LCA-PLT-0005; role labels are retained separately.,2026-08-22,2026-09-06
PLOC-0126,ORG-0168,"Global CO2 Initiative, University of Michigan",PRV-2690dc80fe5d,International CCU Assessment Harmonization Group / University of Michigan,Yes,United States,Located,Institution / company location,https://assessccus.globalco2initiative.org/ ; https://assessccus.globalco2initiative.org/contact/,Same named institution / provider as reviewed location in LCA-REP-0007; role labels are retained separately.,2026-08-22,2026-09-06
PLOC-0127,ORG-0169,Global Feed LCA Institute,PRV-83cb692a5d8e,Global Feed LCA Institute,Yes,United States; Netherlands,Located,Institution / company location,https://globalfeedlca.org/the-gfli-database-update-version-3-0-is-here/ ; https://globalfeedlca.org/gfli-database/accessing-the-database/ ; https://globalfeedlca.org/contact/,Same named institution / provider as reviewed location in LCA-DB-0017; role labels are retained separately.,2026-08-22,2026-09-06
PLOC-0128,ORG-0170,Government of Quebec / CIRAIG,PRV-c3e557f5ae52,Government of Quebec / CIRAIG,Yes,Canada,Located,Reviewed owner / steward location,https://ciraig.org/index.php/project/quebec-life-cycle-inventory-database/ ; https://www.environnement.gouv.qc.ca/infuseur/communique.asp?no=3037 ; https://helpdesk.lifecycleinitiative.org/distribution/data-formats/,Owner / steward location retained from the reviewed database-scope record LCA-DB-0061.,2026-08-22,2026-09-06
PLOC-0129,ORG-0171,Green Gold Label Foundation,PRV-b14a2d1c35f2,Green Gold Label Foundation,Yes,Netherlands,Located,Institution / company location,https://greengoldlabel.com/contact,"Foundation contact address is in Rotterdam, the Netherlands.",2026-09-06,2026-09-06
PLOC-0130,ORG-0172,GreenDelta,PRV-c45578c9c7fe,GreenDelta GmbH,Yes,Germany,Located,Institution / company location,https://psilca.net/ ; https://nexus.openlca.org/ws/dataproviders/9552,Same named institution / provider as reviewed location in LCA-DB-0025; role labels are retained separately.,2026-08-25,2026-09-06
PLOC-0131,ORG-0173,GreenDelta GmbH,PRV-c45578c9c7fe,GreenDelta GmbH,Yes,Germany,Located,Institution / company location,https://psilca.net/ ; https://nexus.openlca.org/ws/dataproviders/9552,Same named institution / provider as reviewed location in LCA-DB-0025; role labels are retained separately.,2026-08-25,2026-09-06
PLOC-0132,ORG-0174,GreenDelta GmbH / TRIPLELINK,PRV-c45578c9c7fe,GreenDelta GmbH,Yes,Germany,Located,Institution / company location,https://psilca.net/ ; https://nexus.openlca.org/ws/dataproviders/9552,Same named institution / provider as reviewed location in LCA-DB-0025; role labels are retained separately.,2026-08-25,2026-09-06
PLOC-0133,ORG-0175,GreenDelta openLCA development team,PRV-c45578c9c7fe,GreenDelta GmbH,Yes,Germany,Located,Institution / company location,https://psilca.net/ ; https://nexus.openlca.org/ws/dataproviders/9552,Same named institution / provider as reviewed location in LCA-DB-0025; role labels are retained separately.,2026-08-25,2026-09-06
PLOC-0134,ORG-0176,GreenGrocer consortium,PRV-306399b589ab,GreenGrocer consortium,Yes,Europe,Located,Institution / company location,https://greengrocer-project.eu/project/about,European Horizon Europe project consortium.,2026-09-06,2026-09-06
PLOC-0135,ORG-0178,"Hangzhou Qinglvlan Environmental Digital Technology Co., Ltd.",PRV-a47bae7e376c,Hangzhou Qinglvlan Environmental Digital Technology,Yes,China,Located,Institution / company location,https://www.lcapillar.com/about/,"Company identifies its registration and office in Hangzhou, China.",2026-09-06,2026-09-06
PLOC-0136,ORG-0179,Helmholtz Centre for Environmental Research (UFZ),PRV-93928b76ff8e,Helmholtz Centre for Environmental Research (UFZ),Yes,Germany,Located,Institution / company location,https://www.ufz.de/glues/,"Institutional imprint in Leipzig, Germany.",2026-09-06,2026-09-06
PLOC-0137,ORG-0180,HESTIA project / University of Oxford,PRV-2077bc9cdee5,University of Oxford / HESTIA,Yes,United Kingdom,Located,Institution / company location,https://www.hestia.earth/ ; https://www.hestia.earth/guide/guide-accessing-data/,Same named institution / provider as reviewed location in LCA-PLT-0002; role labels are retained separately.,2026-08-22,2026-09-06
PLOC-0138,ORG-0181,HESTIA team and contributor community,PRV-2077bc9cdee5,University of Oxford / HESTIA,Yes,United Kingdom,Located,Institution / company location,https://www.hestia.earth/ ; https://www.hestia.earth/guide/guide-accessing-data/,Same named institution / provider as reviewed location in LCA-PLT-0002; role labels are retained separately.,2026-08-22,2026-09-06
PLOC-0139,ORG-0182,HESTIA technical team,PRV-2077bc9cdee5,University of Oxford / HESTIA,Yes,United Kingdom,Located,Institution / company location,https://www.hestia.earth/ ; https://www.hestia.earth/guide/guide-accessing-data/,Same named institution / provider as reviewed location in LCA-PLT-0002; role labels are retained separately.,2026-08-22,2026-09-06
PLOC-0140,ORG-0183,HiQ Data,PRV-36a2326989bb,Shanghai HiQ Smart Data,Yes,China,Located,Institution / company location,https://www.hiq.earth/ ; https://www.hiqlcd.com/about,Same named institution / provider as reviewed location in LCA-DB-0046; role labels are retained separately.,2026-08-22,2026-09-06
PLOC-0141,ORG-0184,Historical format; no active maintenance identified,,,No,,No named provider,No named provider,,"This is a maintenance-status placeholder, not an identified provider. Excluded from institution counts.",2026-09-06,2026-09-06
PLOC-0142,ORG-0185,Horizon Europe consortium,PRV-34e49703255b,Climate Farm Demo consortium,Yes,Europe,Located,Institution / company location,https://climatefarmdemo.eu/about/,The source asset identifies this as the Climate Farm Demo European partnership.,2026-09-06,2026-09-06
PLOC-0143,ORG-0187,Ibict — Coordenação de Tecnologias Aplicadas a Novos Produtos,PRV-948c47620600,Ibict,Yes,Brazil,Located,Institution / company location,https://www.gov.br/ibict/pt-br/central-de-conteudos/noticias/2025/dezembro/cotea-ibict-apresenta-retrospectiva-2025-com-avancos-na-gestao-da-informacao-para-sustentabilidade-e-economia-circular ; https://www.gov.br/ibict/pt-br/central-de-conteudos/noticias/2023/maio/sicv-brasil-amplia-sua-base-de-inventarios-do-ciclo-de-vida ; https://helpdesk.lifecycleinitiative.org/distribution/data-formats/,Same named institution / provider as reviewed location in LCA-DB-0054; role labels are retained separately.,2026-08-22,2026-09-06
PLOC-0144,ORG-0188,ICMQ S.p.A. Società Benefit / EPDItaly,PRV-7145653cd561,ICMQ / EPDItaly,Yes,Italy,Located,Institution / company location,https://www.epditaly.it/ ; https://www.epditaly.it/en/contatti/,Same named institution / provider as reviewed location in LCA-REP-0011; role labels are retained separately.,2026-08-22,2026-09-06
PLOC-0145,ORG-0189,IDTA office and admin-shell-io repository,PRV-671fd9891304,Industrial Digital Twin Association,Yes,Germany,Located,Institution / company location,https://industrialdigitaltwin.org/en/imprint,"IDTA imprint lists Frankfurt am Main, Germany.",2026-09-06,2026-09-06
PLOC-0146,ORG-0190,IINAS,PRV-f6a76aeb4253,IINAS,Yes,Germany,Located,Institution / company location,https://iinas.org/downloads/gemis-downloads/ ; https://iinas.org/en/work/gemis/,Same named institution / provider as reviewed location in LCA-DB-0069; role labels are retained separately.,2026-08-22,2026-09-06
PLOC-0147,ORG-0192,IKE Environmental Technology / Sichuan University lineage,PRV-41fb29fd1a77,IKE Environmental Technology,Yes,China,Located,Institution / company location,https://www.ike-global.com/ ; https://v2.efootprint.net/,Same named institution / provider as reviewed location in LCA-DB-0055; role labels are retained separately.,2026-08-22,2026-09-06
PLOC-0148,ORG-0193,"IKE Environmental Technology Co., Ltd.",PRV-41fb29fd1a77,IKE Environmental Technology,Yes,China,Located,Institution / company location,https://www.ike-global.com/ ; https://v2.efootprint.net/,Same named institution / provider as reviewed location in LCA-DB-0055; role labels are retained separately.,2026-08-22,2026-09-06
PLOC-0149,ORG-0194,IMPACT World+ method development team,PRV-2e2b952c9c54,IMPACT World+ (CIRAIG / DTU),Yes,Canada; Denmark,Located,Institution / company location,https://www.impactworldplus.org/team/,Official team identifies CIRAIG in Canada and DTU in Denmark as the participating organizations.,2026-09-06,2026-09-06
PLOC-0150,ORG-0195,IMPACT World+ scientific consortium,PRV-2e2b952c9c54,IMPACT World+ (CIRAIG / DTU),Yes,Canada; Denmark,Located,Institution / company location,https://www.impactworldplus.org/team/,Official team identifies CIRAIG in Canada and DTU in Denmark as the participating organizations.,2026-09-06,2026-09-06
PLOC-0151,ORG-0196,InChI Trust,PRV-1c4cf152a41b,InChI Trust,Yes,United Kingdom,Located,Institution / company location,https://register-of-charities.charitycommission.gov.uk/en/charity-search/-/charity-details/5005542/contact-information,"UK charity register gives the institutional address in Cambridge, England.",2026-09-06,2026-09-06
PLOC-0152,ORG-0197,Industrial Digital Twin Association,PRV-671fd9891304,Industrial Digital Twin Association,Yes,Germany,Located,Institution / company location,https://industrialdigitaltwin.org/en/imprint,"IDTA imprint lists Frankfurt am Main, Germany.",2026-09-06,2026-09-06
PLOC-0153,ORG-0198,INIES governance partners under French public convention,PRV-cf3cccc18804,INIES / Alliance HQE-GBC,Yes,France,Located,Institution / company location,https://www.inies.fr/en/accueil/ ; https://www.inies.fr/en/ressources-documentaires/how-to-consult-the-inies-database/ ; https://www.inies.fr/politique-de-confidentialite-2/,Same named institution / provider as reviewed location in LCA-DB-0021; role labels are retained separately.,2026-08-22,2026-09-06
PLOC-0154,ORG-0200,INRAE,PRV-ff5f58d646ec,INRAE,Yes,France,Located,Institution / company location,https://www.inrae.fr/contact,"Institute headquarters in Paris, France.",2026-09-06,2026-09-06
PLOC-0155,ORG-0201,INRAE ontology team and Recherche Data Gouv/AgroPortal,PRV-ff5f58d646ec,INRAE,Yes,France,Located,Institution / company location,https://www.inrae.fr/contact,"Institute headquarters in Paris, France.",2026-09-06,2026-09-06
PLOC-0156,ORG-0203,Instituto Brasileiro de Informação em Ciência e Tecnologia (Ibict/MCTI),PRV-948c47620600,Ibict,Yes,Brazil,Located,Institution / company location,https://www.gov.br/ibict/pt-br/central-de-conteudos/noticias/2025/dezembro/cotea-ibict-apresenta-retrospectiva-2025-com-avancos-na-gestao-da-informacao-para-sustentabilidade-e-economia-circular ; https://www.gov.br/ibict/pt-br/central-de-conteudos/noticias/2023/maio/sicv-brasil-amplia-sua-base-de-inventarios-do-ciclo-de-vida ; https://helpdesk.lifecycleinitiative.org/distribution/data-formats/,Same named institution / provider as reviewed location in LCA-DB-0054; role labels are retained separately.,2026-08-22,2026-09-06
PLOC-0157,ORG-0204,"Instituto de Ingeniería UNAM, Red Mexicana de Análisis de Ciclo de Vida and collaborators",PRV-0f6b0771bfc2,MexiLCA / UNAM,Yes,Mexico,Located,Institution / company location,https://ciclodevida.mx/,Same named institution / provider as reviewed location in LCA-DB-0052; role labels are retained separately.,2026-08-22,2026-09-06
PLOC-0158,ORG-0205,Intergovernmental Panel on Climate Change,PRV-f2714816692b,IPCC,Yes,Switzerland,Located,Institution / company location,https://www.ipcc.ch/about/contact/,"IPCC Secretariat address is in Geneva, Switzerland.",2026-09-06,2026-09-06
PLOC-0159,ORG-0206,International Aluminium Institute,PRV-865b44242053,International Aluminium Institute,Yes,United Kingdom,Located,Reviewed owner / steward location,https://international-aluminium.org/resources/2019-life-cycle-inventory-lci-data-and-environmental-metrics/,Owner / steward location retained from the reviewed database-scope record LCA-DB-0062.,2026-08-22,2026-09-06
PLOC-0160,ORG-0207,International CCU Assessment Harmonization Group,PRV-2690dc80fe5d,International CCU Assessment Harmonization Group / University of Michigan,Yes,United States,Located,Institution / company location,https://assessccus.globalco2initiative.org/ ; https://assessccus.globalco2initiative.org/contact/,Same named institution / provider as reviewed location in LCA-REP-0007; role labels are retained separately.,2026-08-22,2026-09-06
PLOC-0161,ORG-0208,International Copper Association,PRV-279de0149af0,International Copper Association,Yes,United States,Located,Reviewed owner / steward location,https://copperalliance.org/wp-content/uploads/2021/08/ICA-EnvironmentalProfileHESD-201803-FINAL-LOWRES-1.pdf,Owner / steward location retained from the reviewed database-scope record LCA-DB-0068.,2026-08-22,2026-09-06
PLOC-0162,ORG-0209,International EPD System,PRV-dd96eec9107e,EPD International AB,Yes,Sweden,Located,Institution / company location,https://data.environdec.com/index.xhtml ; https://www.environdec.com/resources/epd-resources-hub ; https://www.environdec.com/service-agreement,Same named institution / provider as reviewed location in LCA-REP-0004; role labels are retained separately.,2026-08-22,2026-09-06
PLOC-0163,ORG-0210,International Institute for Sustainability Analysis and Strategy (IINAS),PRV-f6a76aeb4253,IINAS,Yes,Germany,Located,Institution / company location,https://iinas.org/downloads/gemis-downloads/ ; https://iinas.org/en/work/gemis/,Same named institution / provider as reviewed location in LCA-DB-0069; role labels are retained separately.,2026-08-22,2026-09-06
PLOC-0164,ORG-0211,International Organization for Standardization,PRV-6dc87bf3ac76,ISO,Yes,Switzerland,Located,Institution / company location,https://www.iso.org/contact-iso.html,"ISO Central Secretariat is in Vernier, Geneva, Switzerland; committees are grouped under ISO.",2026-09-06,2026-09-06
PLOC-0165,ORG-0212,International Organization for Standardization (ISO),PRV-6dc87bf3ac76,ISO,Yes,Switzerland,Located,Institution / company location,https://www.iso.org/contact-iso.html,"ISO Central Secretariat is in Vernier, Geneva, Switzerland; committees are grouped under ISO.",2026-09-06,2026-09-06
PLOC-0166,ORG-0213,International Zinc Association,PRV-63cbfc59feb8,International Zinc Association,Yes,United States,Located,Reviewed owner / steward location,https://www.zinc.org/life-cycle-assessment/,Owner / steward location retained from the reviewed database-scope record LCA-DB-0064.,2026-08-22,2026-09-06
PLOC-0167,ORG-0214,IPCC Task Force on National Greenhouse Gas Inventories,PRV-03ab792a5562,IPCC Task Force / IGES Technical Support Unit,Yes,Japan,Located,Institution / company location,https://www.ipcc-nggip.iges.or.jp/org/overview.html,Task Force Technical Support Unit is hosted by IGES in Japan; parent IPCC owner is recorded separately.,2026-09-06,2026-09-06
PLOC-0168,ORG-0215,IPCC Working Group I assessment process,PRV-f2714816692b,IPCC,Yes,Switzerland,Located,Institution / company location,https://www.ipcc.ch/about/contact/,"IPCC Secretariat address is in Geneva, Switzerland.",2026-09-06,2026-09-06
PLOC-0169,ORG-0216,iPoint-systems GmbH,PRV-4f015352a517,iPoint-systems GmbH,Yes,Germany,Located,Institution / company location,https://www.ipoint-systems.com/de/kontakt/,"Headquarters in Reutlingen, Germany.",2026-09-06,2026-09-06
PLOC-0170,ORG-0217,ISO/TC 207/SC 3,PRV-6dc87bf3ac76,ISO,Yes,Switzerland,Located,Institution / company location,https://www.iso.org/contact-iso.html,"ISO Central Secretariat is in Vernier, Geneva, Switzerland; committees are grouped under ISO.",2026-09-06,2026-09-06
PLOC-0171,ORG-0218,ISO/TC 207/SC 5,PRV-6dc87bf3ac76,ISO,Yes,Switzerland,Located,Institution / company location,https://www.iso.org/contact-iso.html,"ISO Central Secretariat is in Vernier, Geneva, Switzerland; committees are grouped under ISO.",2026-09-06,2026-09-06
PLOC-0172,ORG-0219,ISO/TC 207/SC 7,PRV-6dc87bf3ac76,ISO,Yes,Switzerland,Located,Institution / company location,https://www.iso.org/contact-iso.html,"ISO Central Secretariat is in Vernier, Geneva, Switzerland; committees are grouped under ISO.",2026-09-06,2026-09-06
PLOC-0173,ORG-0221,IUPAC and InChI Trust,PRV-b5504ff34aa7,IUPAC / InChI Trust,Yes,United States; United Kingdom,Located,Institution / company location,https://iupac.org/contact/ ; https://register-of-charities.charitycommission.gov.uk/en/charity-search/-/charity-details/5005542/contact-information,"Joint stewardship: IUPAC secretariat in North Carolina, USA, and InChI Trust institutional address in Cambridge, England.",2026-09-06,2026-09-06
PLOC-0174,ORG-0223,"Kanso, Inc. / Carbonfact",PRV-a86c58b2ba67,Carbonfact,Yes,United States; France,Located,Institution / company location,https://www.carbonfact.com/database ; https://www.carbonfact.com/legal-notice,Same named institution / provider as reviewed location in LCA-DB-0031; role labels are retained separately.,2026-08-22,2026-09-06
PLOC-0175,ORG-0224,Kassel Institute for Sustainability data repository,PRV-3db2b75e762f,University of Kassel,Yes,Germany,Located,Institution / company location,https://termine.uni-kassel.de/impressum?_locale=de,"University address in Kassel, Germany.",2026-09-06,2026-09-06
PLOC-0176,ORG-0226,Kimel Tech SpA,PRV-6c58fb8213fd,Kimel Tech SpA,Yes,Chile,Located,Institution / company location,https://kimel.tech/,"Company contact address lists Providencia, Santiago, Chile.",2026-09-06,2026-09-06
PLOC-0177,ORG-0228,Kleis Technology,PRV-bb2c5c6d7b95,Kleis Technology,Yes,Switzerland,Located,Institution / company location,https://kleis.ch/team,"Company describes its base in Lausanne, Switzerland.",2026-09-06,2026-09-06
PLOC-0178,ORG-0229,Korea Environmental Industry & Technology Institute (KEITI),PRV-e4719c3c27fa,Korea Environmental Industry & Technology Institute,Yes,Republic of Korea,Located,Institution / company location,https://www.keiti.re.kr/site/keiti/02/10202100000002023101610.jsp,Same named institution / provider as reviewed location in LCA-DB-0056; role labels are retained separately.,2026-08-22,2026-09-06
PLOC-0179,ORG-0230,LC-IMPACT project; openLCA adaptation by GreenDelta GmbH,PRV-5767be39417b,LC-IMPACT / GreenDelta,Yes,Norway; Netherlands; Switzerland; Denmark; Germany,Located,Institution / company location,https://lc-impact.eu/about.html ; https://nexus.openlca.org/ws/dataproviders/10454,"LC-IMPACT team institutions include NTNU, PRé / Radboud, ETH and DTU; named openLCA adaptation maintainer GreenDelta is in Germany.",2026-09-06,2026-09-06
PLOC-0180,ORG-0231,LCA CARE project consortium,PRV-6e378bd2defb,LCA CARE consortium,Yes,Europe,Located,Institution / company location,https://lca-care.eu/lca-care-2/,European project partnership of education and training organizations.,2026-09-06,2026-09-06
PLOC-0181,ORG-0232,LCA Japan Forum,PRV-295d5c4d3d03,LCA Society of Japan / LCA Japan Forum,Yes,Japan,Located,Institution / company location,https://www.lca-forum.org/database/,Same named institution / provider as reviewed location in LCA-DB-0051; role labels are retained separately.,2026-08-22,2026-09-06
PLOC-0182,ORG-0233,LCA Society of Japan / LCA Japan Forum,PRV-295d5c4d3d03,LCA Society of Japan / LCA Japan Forum,Yes,Japan,Located,Institution / company location,https://www.lca-forum.org/database/,Same named institution / provider as reviewed location in LCA-DB-0051; role labels are retained separately.,2026-08-22,2026-09-06
PLOC-0183,ORG-0234,LCA to BIM Workflow research project,PRV-6e91070e6013,RWTH Aachen / LCA to BIM,Yes,Germany,Located,Institution / company location,https://design-computation-rwth.github.io/lcabim-ontology/ ; https://www.ssc.rwth-aachen.de/index.php?menuID=10001,"Repository identifies RWTH Aachen research group; university institutional address in Aachen, Germany.",2026-09-06,2026-09-06
PLOC-0184,ORG-0236,LCAx contributors,PRV-0455c8681207,LCAx / OCNI-DTU,Yes,Denmark,Located,Institution / company location,https://github.com/ocni-dtu/lcax ; https://www.dtu.dk/om-dtu/kontakt-og-besoeg,Repository is maintained under the OCNI-DTU organization; named institutional home DTU is in Denmark.,2026-09-06,2026-09-06
PLOC-0185,ORG-0237,LCAx open-source project / OCNI-DTU contributors,PRV-0455c8681207,LCAx / OCNI-DTU,Yes,Denmark,Located,Institution / company location,https://github.com/ocni-dtu/lcax ; https://www.dtu.dk/om-dtu/kontakt-og-besoeg,Repository is maintained under the OCNI-DTU organization; named institutional home DTU is in Denmark.,2026-09-06,2026-09-06
PLOC-0186,ORG-0238,LCIE Bureau Veritas,PRV-cbdfa365e74d,LCIE Bureau Veritas / CODDE,Yes,France,Located,Institution / company location,https://codde.fr/evenement/eime-nouvelle-base-codde-2026-04 ; https://codde.fr/en/contact-us/contact,Same named institution / provider as reviewed location in LCA-DB-0039; role labels are retained separately.,2026-08-22,2026-09-06
PLOC-0187,ORG-0239,Legacy project data; openLCA conversion maintained historically by GreenDelta,PRV-c45578c9c7fe,GreenDelta GmbH,Yes,Germany,Located,Institution / company location,https://psilca.net/ ; https://nexus.openlca.org/ws/dataproviders/9552,Same named institution / provider as reviewed location in LCA-DB-0025; role labels are retained separately.,2026-08-25,2026-09-06
PLOC-0188,ORG-0240,Legacy project portal; dataset owners include KIT and partners,PRV-7ca803b6a570,BioEnergieDat / KIT,Yes,Germany,Located,Institution / company location,https://www.bioenergiedat.de/software.html ; https://bioenergiedat.de/documents/10156/24192/anleitung-openLCA.pdf,Same named institution / provider as reviewed location in LCA-DB-0036; role labels are retained separately.,2026-08-22,2026-09-06
PLOC-0189,ORG-0241,"Leiden University, Institute of Environmental Sciences (CML)",PRV-b1987aff2ac4,Leiden University / CML,Yes,Netherlands,Located,Institution / company location,https://www.universiteitleiden.nl/wiskunde-en-natuurwetenschappen/milieuwetenschappen/afdeling-environmental-biology/contact,"CML institutional address in Leiden, the Netherlands.",2026-09-06,2026-09-06
PLOC-0190,ORG-0242,Leonardo Ferhati,PRV-17b44213fd94,Leonardo Ferhati,Yes,Denmark,Located,Institution / company location,https://www.leonardoferhati.com/,"Public professional profile lists Copenhagen, Denmark and DTU affiliation.",2026-09-06,2026-09-06
PLOC-0191,ORG-0243,Life Cycle Initiative / participating nodes,PRV-f3ffceca4c35,Life Cycle Initiative,Yes,France,Located,Institution / company location,https://www.lifecycleinitiative.org/about/contact/,"The Life Cycle Initiative secretariat lists its institutional address in Paris, France.",2026-09-06,2026-09-06
PLOC-0192,ORG-0244,Life Cycle Initiative GLAM stewardship community,PRV-f3ffceca4c35,Life Cycle Initiative,Yes,France,Located,Institution / company location,https://www.lifecycleinitiative.org/about/contact/,"The Life Cycle Initiative secretariat lists its institutional address in Paris, France.",2026-09-06,2026-09-06
PLOC-0193,ORG-0245,Life Cycle Initiative hosted at UNEP,PRV-f3ffceca4c35,Life Cycle Initiative,Yes,France,Located,Institution / company location,https://www.lifecycleinitiative.org/about/contact/,"The Life Cycle Initiative secretariat lists its institutional address in Paris, France.",2026-09-06,2026-09-06
PLOC-0194,ORG-0246,Life Cycle Initiative secretariat and steering governance,PRV-f3ffceca4c35,Life Cycle Initiative,Yes,France,Located,Institution / company location,https://www.lifecycleinitiative.org/about/contact/,"The Life Cycle Initiative secretariat lists its institutional address in Paris, France.",2026-09-06,2026-09-06
PLOC-0195,ORG-0247,Life Cycle Initiative with scientific partners,PRV-f3ffceca4c35,Life Cycle Initiative,Yes,France,Located,Institution / company location,https://www.lifecycleinitiative.org/about/contact/,"The Life Cycle Initiative secretariat lists its institutional address in Paris, France.",2026-09-06,2026-09-06
PLOC-0196,ORG-0248,Lifecycles,PRV-c38edcb32cf4,Lifecycles / PIQET,Yes,Australia,Located,Institution / company location,https://www.lifecycles.com.au/contact ; https://piqet.com/,"PIQET is operated by Lifecycles, whose company address is in Collingwood, Australia.",2026-09-06,2026-09-06
PLOC-0197,ORG-0249,Makersite GmbH,PRV-c33458683732,Makersite GmbH,Yes,Germany,Located,Institution / company location,https://makersite.io/impressum/,"Company registered office and address in Stuttgart, Germany.",2026-09-06,2026-09-06
PLOC-0198,ORG-0250,Mérieux NutriSciences | Blonk,PRV-5ca5a65afaa7,Mérieux NutriSciences | Blonk,Yes,Netherlands,Located,Institution / company location,https://blonksustainability.nl/tools-and-databases/agri-footprint ; https://blonksustainability.nl/,Same named institution / provider as reviewed location in LCA-DB-0003; role labels are retained separately.,2026-08-22,2026-09-06
PLOC-0199,ORG-0251,MexiLCA initiative,PRV-0f6b0771bfc2,MexiLCA / UNAM,Yes,Mexico,Located,Institution / company location,https://ciclodevida.mx/,Same named institution / provider as reviewed location in LCA-DB-0052; role labels are retained separately.,2026-08-22,2026-09-06
PLOC-0200,ORG-0253,"Ministry of Climate, Energy and Environment / Korea Environmental Industry & Technology Institute",PRV-e4719c3c27fa,Korea Environmental Industry & Technology Institute,Yes,Republic of Korea,Located,Institution / company location,https://www.keiti.re.kr/site/keiti/02/10202100000002023101610.jsp,Same named institution / provider as reviewed location in LCA-DB-0056; role labels are retained separately.,2026-08-22,2026-09-06
PLOC-0201,ORG-0254,Minviro,PRV-7333be250a02,Minviro Ltd,Yes,United Kingdom,Located,Institution / company location,https://www.minviro.com/xycle ; https://www.minviro.com/contact,Same named institution / provider as reviewed location in LCA-DB-0047; role labels are retained separately.,2026-08-22,2026-09-06
PLOC-0202,ORG-0255,Minviro Ltd,PRV-7333be250a02,Minviro Ltd,Yes,United Kingdom,Located,Institution / company location,https://www.minviro.com/xycle ; https://www.minviro.com/contact,Same named institution / provider as reviewed location in LCA-DB-0047; role labels are retained separately.,2026-08-22,2026-09-06
PLOC-0203,ORG-0257,National Institute for Public Health and the Environment (RIVM),PRV-f28b1fe39e0c,RIVM,Yes,Netherlands,Located,Institution / company location,https://www.rivm.nl/en/food-and-nutrition/sustainable-food/environmental-impact-of-food-products ; https://www.rivm.nl/en/contact,Same named institution / provider as reviewed location in LCA-DB-0019; role labels are retained separately.,2026-08-22,2026-09-06
PLOC-0204,ORG-0258,National Institute of Advanced Industrial Science and Technology (AIST),PRV-7d2722cb0fd9,AIST,Yes,Japan,Located,Institution / company location,https://idea-lca.com/en/features/ ; https://www.aist.go.jp/aist_e/about_aist,Same named institution / provider as reviewed location in LCA-DB-0008; role labels are retained separately.,2026-08-22,2026-09-06
PLOC-0205,ORG-0259,National Laboratory of the Rockies on Federal LCA Commons,PRV-adae51128249,U.S. Department of Energy / National Laboratory of the Rockies,Yes,United States,Located,Institution / company location,https://www.lcacommons.gov/lca-collaboration/National_Renewable_Energy_Laboratory/USLCI_Database_Public/datasets ; https://www.lcacommons.gov/releases ; https://github.com/FLCAC-admin/uslci-content/blob/dev/docs/release_info/release-downloads.md,Same named institution / provider as reviewed location in LCA-DB-0002; role labels are retained separately.,2026-08-22,2026-09-06
PLOC-0206,ORG-0260,National Science and Technology Development Agency (NSTDA) / MTEC-TIIS and national partners,PRV-eac959031183,NSTDA / TIIS,Yes,Thailand,Located,Institution / company location,https://www.nstda.or.th/en/news/news-years-2019/mtec-nstda-and-pollution-control-department-to-promote-green-public-procurement.html ; https://www.nstda.or.th/home/knowledge_post/nstda-tiis/ ; https://helpdesk.lifecycleinitiative.org/distribution/data-formats/,Same named institution / provider as reviewed location in LCA-DB-0057; role labels are retained separately.,2026-08-22,2026-09-06
PLOC-0207,ORG-0261,New Earth / Social Hotspots Database provider,PRV-52b040949114,New Earth / Social Hotspots Database,Yes,United States,Located,Institution / company location,https://www.socialhotspot.org/ ; https://nexus.openlca.org/ws/dataproviders/151,Same named institution / provider as reviewed location in LCA-DB-0026; role labels are retained separately.,2026-08-25,2026-09-06
PLOC-0208,ORG-0262,Nickel Institute,PRV-9e1a71edbbb1,Nickel Institute,Yes,Canada,Located,Institution / company location,https://nickelinstitute.org/en/privacy-policy,"Controller mailing address in Toronto, Canada; global association scope is not substituted for its institutional home.",2026-09-06,2026-09-06
PLOC-0209,ORG-0263,No current maintainer publicly confirmed,,,No,,No named provider,No named provider,,"This is a maintenance-status placeholder, not an identified provider. Excluded from institution counts.",2026-09-06,2026-09-06
PLOC-0210,ORG-0264,Oliver Kusche Research & Consulting (OKWorx),PRV-5fd9a0f953fd,Oliver Kusche Research & Consulting,Yes,Germany,Located,Institution / company location,https://www.okworx.com/,"Company office and imprint list Freiburg im Breisgau, Germany.",2026-09-06,2026-09-06
PLOC-0211,ORG-0265,One Click LCA Oy Ltd,PRV-4f71b75ffae0,One Click LCA Oy Ltd,Yes,Finland,Located,Institution / company location,https://oneclicklca.com/hubfs/Ebooks/Embodied-Carbon-Expert-Outlook_2024_231211-2-OneClickLCA-Final-2-1.pdf,Official company report identifies One Click LCA as Helsinki-based and founded in Finland.,2026-09-06,2026-09-06
PLOC-0212,ORG-0266,Ontology-pattern authors,PRV-8be9d7ab2892,Minimal LCA Ontology author team,Yes,United States; Denmark; Spain; Sweden,Located,Institution / company location,https://people.geog.ucsb.edu/~jano/LCA_pattern.pdf,"Original paper first page lists author affiliations in USA, Denmark, Spain and Sweden. Historical author-team locations, not a claim of current employment.",2026-09-06,2026-09-06
PLOC-0213,ORG-0267,Open Sustainable Technology community,PRV-9d2a1511dfd2,Open Sustainable Technology,Yes,Global community,Located,Global community,https://report.opensustain.tech/,Project credits contributors from around the world.,2026-09-06,2026-09-06
PLOC-0214,ORG-0268,openEPD contributors and reference implementers,PRV-cf4a175be7bb,openEPD Forum,Yes,Global community,Located,Global community,https://www.open-epd-forum.org/,"Open forum for international LCA specialists, developers and regulators to collaborate on an open standard.",2026-09-06,2026-09-06
PLOC-0215,ORG-0269,openEPD Forum / Building Transparency ecosystem,PRV-cf4a175be7bb,openEPD Forum,Yes,Global community,Located,Global community,https://www.open-epd-forum.org/,"Open forum for international LCA specialists, developers and regulators to collaborate on an open standard.",2026-09-06,2026-09-06
PLOC-0216,ORG-0271,Partnership for Carbon Transparency,PRV-935b891257be,WBCSD,Yes,Switzerland,Located,Institution / company location,https://docs.wbcsd.org/2019/01/How_to_Reach_WBCSD.pdf,WBCSD headquarters in Geneva; PACT is its programme.,2026-09-06,2026-09-06
PLOC-0217,ORG-0272,Partnership for Carbon Transparency (PACT),PRV-935b891257be,WBCSD,Yes,Switzerland,Located,Institution / company location,https://docs.wbcsd.org/2019/01/How_to_Reach_WBCSD.pdf,WBCSD headquarters in Geneva; PACT is its programme.,2026-09-06,2026-09-06
PLOC-0218,ORG-0273,Paul Scherrer Institute,PRV-7a8a11df7dc3,Paul Scherrer Institute,Yes,Switzerland,Located,Institution / company location,https://www.psi.ch/en/about/contacts,"Institutional address in Villigen, Switzerland.",2026-09-06,2026-09-06
PLOC-0219,ORG-0274,Peruvian Life Cycle Network (PELCAN),PRV-794022ef63d3,Peruvian Life Cycle Network / PUCP,Yes,Peru,Located,Institution / company location,https://www.lifecycleinitiative.org/peru-lca-database-launched/ ; https://perulca.com/ ; https://helpdesk.lifecycleinitiative.org/distribution/data-formats/,Same named institution / provider as reviewed location in LCA-DB-0059; role labels are retained separately.,2026-08-22,2026-09-06
PLOC-0220,ORG-0275,Peruvian Life Cycle Network / Pontificia Universidad Católica del Perú and project partners,PRV-794022ef63d3,Peruvian Life Cycle Network / PUCP,Yes,Peru,Located,Institution / company location,https://www.lifecycleinitiative.org/peru-lca-database-launched/ ; https://perulca.com/ ; https://helpdesk.lifecycleinitiative.org/distribution/data-formats/,Same named institution / provider as reviewed location in LCA-DB-0059; role labels are retained separately.,2026-08-22,2026-09-06
PLOC-0221,ORG-0276,PFN secretariat and member/collaborator community,PRV-092f5e21b97d,EA – Earth Action / Plastic Footprint Network,Yes,Switzerland,Located,Institution / company location,https://www.plasticfootprint.earth/about/ ; https://www.e-a.earth/,"PFN is convened by EA – Earth Action, based in Lausanne, Switzerland.",2026-09-06,2026-09-06
PLOC-0222,ORG-0277,PFN technical community convened by EA – Earth Action,PRV-092f5e21b97d,EA – Earth Action / Plastic Footprint Network,Yes,Switzerland,Located,Institution / company location,https://www.plasticfootprint.earth/about/ ; https://www.e-a.earth/,"PFN is convened by EA – Earth Action, based in Lausanne, Switzerland.",2026-09-06,2026-09-06
PLOC-0223,ORG-0279,PIQET Consortium,PRV-c38edcb32cf4,Lifecycles / PIQET,Yes,Australia,Located,Institution / company location,https://www.lifecycles.com.au/contact ; https://piqet.com/,"PIQET is operated by Lifecycles, whose company address is in Collingwood, Australia.",2026-09-06,2026-09-06
PLOC-0224,ORG-0281,Plastic Footprint Network,PRV-092f5e21b97d,EA – Earth Action / Plastic Footprint Network,Yes,Switzerland,Located,Institution / company location,https://www.plasticfootprint.earth/about/ ; https://www.e-a.earth/,"PFN is convened by EA – Earth Action, based in Lausanne, Switzerland.",2026-09-06,2026-09-06
PLOC-0225,ORG-0282,Plastic Footprint Network convened by EA – Earth Action,PRV-092f5e21b97d,EA – Earth Action / Plastic Footprint Network,Yes,Switzerland,Located,Institution / company location,https://www.plasticfootprint.earth/about/ ; https://www.e-a.earth/,"PFN is convened by EA – Earth Action, based in Lausanne, Switzerland.",2026-09-06,2026-09-06
PLOC-0226,ORG-0283,Plastics Europe,PRV-3d6cd12be65d,Plastics Europe,Yes,Belgium,Located,Institution / company location,https://plasticseurope.org/sustainability/circularity/life-cycle-thinking/eco-profiles-set/,Same named institution / provider as reviewed location in LCA-DB-0022; role labels are retained separately.,2026-08-22,2026-09-06
PLOC-0227,ORG-0284,Plastics Europe and relevant sector groups,PRV-3d6cd12be65d,Plastics Europe,Yes,Belgium,Located,Institution / company location,https://plasticseurope.org/sustainability/circularity/life-cycle-thinking/eco-profiles-set/,Same named institution / provider as reviewed location in LCA-DB-0022; role labels are retained separately.,2026-08-22,2026-09-06
PLOC-0228,ORG-0287,PRIMUS project / Plastics Recyclers Europe,PRV-5cbe3061624f,PRIMUS project / Plastics Recyclers Europe,Yes,Europe,Located,Reviewed owner / steward location,https://nexus.openlca.org/ws/dataproviders/10463,Owner / steward location retained from the reviewed database-scope record LCA-DB-0078.,2026-08-25,2026-09-06
PLOC-0229,ORG-0288,product impact team,PRV-bcb8d6f64c72,productimpact.info,Yes,United States,Located,Institution / company location,https://productimpact.info/ ; https://productimpact.info/case-study/rain-jacket ; https://productimpact.info/terms-of-use.pdf,Same named institution / provider as reviewed location in LCA-REP-0009; role labels are retained separately.,2026-08-22,2026-09-06
PLOC-0230,ORG-0289,productimpact.info,PRV-bcb8d6f64c72,productimpact.info,Yes,United States,Located,Institution / company location,https://productimpact.info/ ; https://productimpact.info/case-study/rain-jacket ; https://productimpact.info/terms-of-use.pdf,Same named institution / provider as reviewed location in LCA-REP-0009; role labels are retained separately.,2026-08-22,2026-09-06
PLOC-0231,ORG-0290,Project author/community repository,PRV-5b551f7bf0c2,LCA Ontology / Tish Chungoora,Yes,,Unconfirmed,Institution / company location,https://github.com/tishchungoora/lca-ontology ; https://github.com/tishchungoora,Repository and maintainer public profile do not identify an institutional country; no personal location inferred.,2026-09-06,2026-09-06
PLOC-0232,ORG-0291,protontypes/open-sustainable-technology maintainers and contributors,PRV-9d2a1511dfd2,Open Sustainable Technology,Yes,Global community,Located,Global community,https://report.opensustain.tech/,Project credits contributors from around the world.,2026-09-06,2026-09-06
PLOC-0233,ORG-0292,PubChem,PRV-5ff66ab8e87a,U.S. National Library of Medicine / NCBI,Yes,United States,Located,Institution / company location,https://www.ncbi.nlm.nih.gov/home/about/contact/,"Institutional address in Bethesda, Maryland, USA.",2026-09-06,2026-09-06
PLOC-0234,ORG-0294,Quantis,PRV-00cd353251d7,Quantis,Yes,Switzerland,Located,Institution / company location,https://quantis.com/services-solutions/consortium-building-and-management/wfldb/ ; https://quantis.com/about/locations/,Same named institution / provider as reviewed location in LCA-DB-0018; role labels are retained separately.,2026-08-22,2026-09-06
PLOC-0235,ORG-0296,Quantis and WFLDB partners,PRV-00cd353251d7,Quantis,Yes,Switzerland,Located,Institution / company location,https://quantis.com/services-solutions/consortium-building-and-management/wfldb/ ; https://quantis.com/about/locations/,Same named institution / provider as reviewed location in LCA-DB-0018; role labels are retained separately.,2026-08-22,2026-09-06
PLOC-0236,ORG-0297,Red Iberoamericana de Ciclo de Vida,PRV-134082cf8116,Red Iberoamericana de Ciclo de Vida,Yes,Ibero-America,Located,Institution / company location,https://rediberoamericanacv.net/about/,Regional network of Ibero-American national life-cycle networks; regional classification rather than a single corporate headquarters.,2026-09-06,2026-09-06
PLOC-0237,ORG-0298,RICV board and member networks,PRV-134082cf8116,Red Iberoamericana de Ciclo de Vida,Yes,Ibero-America,Located,Institution / company location,https://rediberoamericanacv.net/about/,Regional network of Ibero-American national life-cycle networks; regional classification rather than a single corporate headquarters.,2026-09-06,2026-09-06
PLOC-0238,ORG-0300,RIVM public distribution,PRV-f28b1fe39e0c,RIVM,Yes,Netherlands,Located,Institution / company location,https://www.rivm.nl/en/food-and-nutrition/sustainable-food/environmental-impact-of-food-products ; https://www.rivm.nl/en/contact,Same named institution / provider as reviewed location in LCA-DB-0019; role labels are retained separately.,2026-08-22,2026-09-06
PLOC-0239,ORG-0301,RIVM; LCI update performed by Mérieux NutriSciences | Blonk,PRV-f28b1fe39e0c,RIVM,Yes,Netherlands,Located,Institution / company location,https://www.rivm.nl/en/food-and-nutrition/sustainable-food/environmental-impact-of-food-products ; https://www.rivm.nl/en/contact,Same named institution / provider as reviewed location in LCA-DB-0019; role labels are retained separately.,2026-08-22,2026-09-06
PLOC-0240,ORG-0303,RWTH design-computation project contributors,PRV-6e91070e6013,RWTH Aachen / LCA to BIM,Yes,Germany,Located,Institution / company location,https://design-computation-rwth.github.io/lcabim-ontology/ ; https://www.ssc.rwth-aachen.de/index.php?menuID=10001,"Repository identifies RWTH Aachen research group; university institutional address in Aachen, Germany.",2026-09-06,2026-09-06
PLOC-0241,ORG-0305,Scientific publication and author community,PRV-bd91e92c72c3,Green Carbon Cycle authors / TUM Campus Straubing,Yes,Germany,Located,Institution / company location,https://link.springer.com/article/10.1007/s11367-025-02469-0,Published affiliations identify both author groups at TUM Campus Straubing in Germany.,2026-09-06,2026-09-06
PLOC-0242,ORG-0307,"Shanghai HiQ Smart Data Co., Ltd.",PRV-36a2326989bb,Shanghai HiQ Smart Data,Yes,China,Located,Institution / company location,https://www.hiq.earth/ ; https://www.hiqlcd.com/about,Same named institution / provider as reviewed location in LCA-DB-0046; role labels are retained separately.,2026-08-22,2026-09-06
PLOC-0243,ORG-0308,SimaPro B.V.,PRV-74e5e8f09a39,SimaPro B.V.,Yes,Netherlands,Located,Institution / company location,https://simapro.com/about-us/,"SimaPro states it is based in Amersfoort, the Netherlands, while its parent One Click LCA is retained separately in Finland.",2026-09-06,2026-09-06
PLOC-0244,ORG-0310,SIRIM Berhad,PRV-b7fda434ba8f,SIRIM Berhad,Yes,Malaysia,Located,Institution / company location,https://mylcid.sirim.my/ ; https://www.mosti.gov.my/berita/pengkalan-data-inventori-kitaran-hayat-kebangsaan-my-lcid-dibangunkan-bagi-menilai-kesan-kitaran-hayat-produk-dan-perkhidmatan/ ; https://helpdesk.lifecycleinitiative.org/distribution/data-formats/,Same named institution / provider as reviewed location in LCA-DB-0058; role labels are retained separately.,2026-08-22,2026-09-06
PLOC-0245,ORG-0311,SIRIM Energy & Environment Centre,PRV-b7fda434ba8f,SIRIM Berhad,Yes,Malaysia,Located,Institution / company location,https://mylcid.sirim.my/ ; https://www.mosti.gov.my/berita/pengkalan-data-inventori-kitaran-hayat-kebangsaan-my-lcid-dibangunkan-bagi-menilai-kesan-kitaran-hayat-produk-dan-perkhidmatan/ ; https://helpdesk.lifecycleinitiative.org/distribution/data-formats/,Same named institution / provider as reviewed location in LCA-DB-0058; role labels are retained separately.,2026-08-22,2026-09-06
PLOC-0246,ORG-0315,Social Hotspots Database team,PRV-52b040949114,New Earth / Social Hotspots Database,Yes,United States,Located,Institution / company location,https://www.socialhotspot.org/ ; https://nexus.openlca.org/ws/dataproviders/151,Same named institution / provider as reviewed location in LCA-DB-0026; role labels are retained separately.,2026-08-25,2026-09-06
PLOC-0247,ORG-0317,Sphera,PRV-e16b0fdc8539,Sphera,Yes,United States,Located,Institution / company location,https://sphera.com/solutions/product-stewardship/life-cycle-assessment-software-and-data/managed-lca-content/ ; https://lcadatabase.sphera.com/ ; https://sphera.com/our-locations/,Same named institution / provider as reviewed location in LCA-DB-0011; role labels are retained separately.,2026-08-22,2026-09-06
PLOC-0248,ORG-0318,"Sphera Solutions, Inc.",PRV-e16b0fdc8539,Sphera,Yes,United States,Located,Institution / company location,https://sphera.com/solutions/product-stewardship/life-cycle-assessment-software-and-data/managed-lca-content/ ; https://lcadatabase.sphera.com/ ; https://sphera.com/our-locations/,Same named institution / provider as reviewed location in LCA-DB-0011; role labels are retained separately.,2026-08-22,2026-09-06
PLOC-0249,ORG-0322,Sustainable Impact Metrics Foundation / Delft University of Technology lineage,PRV-72fdf9683059,Sustainable Impact Metrics Foundation,Yes,Netherlands,Located,Institution / company location,https://www.ecocostsvalue.com/data-tools-books/ ; https://www.ecocostsvalue.com/,Same named institution / provider as reviewed location in LCA-DB-0040; role labels are retained separately.,2026-08-22,2026-09-06
PLOC-0250,ORG-0324,Swedish Life Cycle Center,PRV-d4adf8ca152c,Swedish Life Cycle Center,Yes,Sweden,Located,Reviewed owner / steward location,https://cpmdatabase.cpm.chalmers.se/AboutDatabase.htm ; https://www.lifecyclecenter.se/about-us/,Owner / steward location retained from the reviewed database-scope record LCA-DB-0037.,2026-08-22,2026-09-06
PLOC-0251,ORG-0325,Swiss Federal Office for the Environment (FOEN/BAFU),PRV-b9b6cffe62cd,Swiss Federal Office for the Environment (FOEN/BAFU),Yes,Switzerland,Located,Institution / company location,https://www.bafu.admin.ch/en/studies-economy-and-consumption ; https://nexus.openlca.org/ws/dataproviders/10465,Same named institution / provider as reviewed location in LCA-DB-0005; role labels are retained separately.,2026-08-25,2026-09-06
PLOC-0252,ORG-0326,Swiss Federal Offices,PRV-b9b6cffe62cd,Swiss Federal Office for the Environment (FOEN/BAFU),Yes,Switzerland,Located,Institution / company location,https://www.bafu.admin.ch/en/studies-economy-and-consumption ; https://nexus.openlca.org/ws/dataproviders/10465,Same named institution / provider as reviewed location in LCA-DB-0005; role labels are retained separately.,2026-08-25,2026-09-06
PLOC-0253,ORG-0329,"Technology and Informatics Institute for Sustainability (TIIS), NSTDA",PRV-eac959031183,NSTDA / TIIS,Yes,Thailand,Located,Institution / company location,https://www.nstda.or.th/en/news/news-years-2019/mtec-nstda-and-pollution-control-department-to-promote-green-public-procurement.html ; https://www.nstda.or.th/home/knowledge_post/nstda-tiis/ ; https://helpdesk.lifecycleinitiative.org/distribution/data-formats/,Same named institution / provider as reviewed location in LCA-DB-0057; role labels are retained separately.,2026-08-22,2026-09-06
PLOC-0254,ORG-0331,Textile Exchange,PRV-b864999a4b3b,Textile Exchange,Yes,United States,Located,Institution / company location,https://textileexchange.org/lci-library/,Same named institution / provider as reviewed location in LCA-REP-0005; role labels are retained separately.,2026-08-22,2026-09-06
PLOC-0255,ORG-0332,Textile Exchange in partnership with SCS Global Services,PRV-b864999a4b3b,Textile Exchange,Yes,United States,Located,Institution / company location,https://textileexchange.org/lci-library/,Same named institution / provider as reviewed location in LCA-REP-0005; role labels are retained separately.,2026-08-22,2026-09-06
PLOC-0256,ORG-0333,TfS Scope 3 GHG programme,PRV-2d7f4839a05e,Together for Sustainability,Yes,Belgium,Located,Institution / company location,https://www.tfs-initiative.com/contact-us,"TfS lists its association address in Brussels, Belgium.",2026-09-06,2026-09-06
PLOC-0257,ORG-0335,The European Steel Association (EUROFER),PRV-042ffc8279b8,EUROFER,Yes,Belgium,Located,Institution / company location,https://www.eurofer.eu/issues/eurofer-stainless-and-specialty-steel/life-cycle-inventory-lci-enquiries,Same named institution / provider as reviewed location in LCA-DB-0053; role labels are retained separately.,2026-08-22,2026-09-06
PLOC-0258,ORG-0336,The Evah Institute,PRV-03ec7f83fcb6,The Evah Institute,Yes,Australia,Located,Institution / company location,https://evah.institute/services ; https://evah.institute/,Same named institution / provider as reviewed location in LCA-DB-0042; role labels are retained separately.,2026-08-22,2026-09-06
PLOC-0259,ORG-0337,The Evah Institute / Ecquate Pty Ltd,PRV-03ec7f83fcb6,The Evah Institute,Yes,Australia,Located,Institution / company location,https://evah.institute/services ; https://evah.institute/,Same named institution / provider as reviewed location in LCA-DB-0042; role labels are retained separately.,2026-08-22,2026-09-06
PLOC-0260,ORG-0338,TianGong community,PRV-992482259f96,TianGong,Yes,China,Located,Institution / company location,https://www.tiangong.earth/data ; https://lcdn.tiangong.earth/index.xhtml ; https://www.tiangong.earth/,Same named institution / provider as reviewed location in LCA-DB-0012; role labels are retained separately.,2026-08-22,2026-09-06
PLOC-0261,ORG-0339,TianGong LCA Data Working Group and platform community,PRV-992482259f96,TianGong,Yes,China,Located,Institution / company location,https://www.tiangong.earth/data ; https://lcdn.tiangong.earth/index.xhtml ; https://www.tiangong.earth/,Same named institution / provider as reviewed location in LCA-DB-0012; role labels are retained separately.,2026-08-22,2026-09-06
PLOC-0262,ORG-0340,"TianGong LCA research team, Tsinghua University",PRV-992482259f96,TianGong,Yes,China,Located,Institution / company location,https://www.tiangong.earth/data ; https://lcdn.tiangong.earth/index.xhtml ; https://www.tiangong.earth/,Same named institution / provider as reviewed location in LCA-DB-0012; role labels are retained separately.,2026-08-22,2026-09-06
PLOC-0263,ORG-0341,TianGong platform developers,PRV-992482259f96,TianGong,Yes,China,Located,Institution / company location,https://www.tiangong.earth/data ; https://lcdn.tiangong.earth/index.xhtml ; https://www.tiangong.earth/,Same named institution / provider as reviewed location in LCA-DB-0012; role labels are retained separately.,2026-08-22,2026-09-06
PLOC-0264,ORG-0342,TianGong project / Carbon Footprint Industry Alliance ecosystem,PRV-992482259f96,TianGong,Yes,China,Located,Institution / company location,https://www.tiangong.earth/data ; https://lcdn.tiangong.earth/index.xhtml ; https://www.tiangong.earth/,Same named institution / provider as reviewed location in LCA-DB-0012; role labels are retained separately.,2026-08-22,2026-09-06
PLOC-0265,ORG-0343,TIDAS development community,PRV-992482259f96,TianGong,Yes,China,Located,Institution / company location,https://www.tiangong.earth/data ; https://lcdn.tiangong.earth/index.xhtml ; https://www.tiangong.earth/,Same named institution / provider as reviewed location in LCA-DB-0012; role labels are retained separately.,2026-08-22,2026-09-06
PLOC-0266,ORG-0344,tishchungoora/lca-ontology repository maintainer,PRV-5b551f7bf0c2,LCA Ontology / Tish Chungoora,Yes,,Unconfirmed,Institution / company location,https://github.com/tishchungoora/lca-ontology ; https://github.com/tishchungoora,Repository and maintainer public profile do not identify an institutional country; no personal location inferred.,2026-09-06,2026-09-06
PLOC-0267,ORG-0345,Together for Sustainability,PRV-2d7f4839a05e,Together for Sustainability,Yes,Belgium,Located,Institution / company location,https://www.tfs-initiative.com/contact-us,"TfS lists its association address in Brussels, Belgium.",2026-09-06,2026-09-06
PLOC-0268,ORG-0348,Tsinghua University,PRV-88293fa677ea,Tsinghua University,Yes,China,Located,Institution / company location,https://www.tiangong.earth/data ; https://lcdn.tiangong.earth/index.xhtml ; https://www.tiangong.earth/,Same named institution / provider as reviewed location in LCA-DB-0012; role labels are retained separately.,2026-08-22,2026-09-06
PLOC-0269,ORG-0349,U.S. Department of Energy,PRV-15d47404a195,U.S. Department of Energy,Yes,United States,Located,Institution / company location,https://www.energy.gov/cmei/rd-greet-life-cycle-assessment-model,Named owner is the United States Department of Energy; country follows institutional identity.,2026-09-06,2026-09-06
PLOC-0270,ORG-0350,U.S. Department of Energy / National Laboratory of the Rockies,PRV-adae51128249,U.S. Department of Energy / National Laboratory of the Rockies,Yes,United States,Located,Institution / company location,https://www.lcacommons.gov/lca-collaboration/National_Renewable_Energy_Laboratory/USLCI_Database_Public/datasets ; https://www.lcacommons.gov/releases ; https://github.com/FLCAC-admin/uslci-content/blob/dev/docs/release_info/release-downloads.md,Same named institution / provider as reviewed location in LCA-DB-0002; role labels are retained separately.,2026-08-22,2026-09-06
PLOC-0271,ORG-0351,U.S. Environmental Protection Agency,PRV-8a9f997a5609,U.S. Environmental Protection Agency,Yes,United States,Located,Institution / company location,https://github.com/USEPA/USEEIO ; https://github.com/USEPA/useeior ; https://github.com/USEPA/useeior/releases,Same named institution / provider as reviewed location in LCA-DB-0010; role labels are retained separately.,2026-08-22,2026-09-06
PLOC-0272,ORG-0352,U.S. Federal LCA Commons agencies,PRV-01cf8e04b52b,Federal LCA Commons / U.S. federal agencies,Yes,United States,Located,Institution / company location,https://www.lcacommons.gov/,"Reviewed source identifies a collaboration of U.S. federal agencies, rather than a worldwide provider.",2026-09-06,2026-09-06
PLOC-0273,ORG-0353,U.S. Federal LCA Commons partners,PRV-01cf8e04b52b,Federal LCA Commons / U.S. federal agencies,Yes,United States,Located,Institution / company location,https://www.lcacommons.gov/,"Reviewed source identifies a collaboration of U.S. federal agencies, rather than a worldwide provider.",2026-09-06,2026-09-06
PLOC-0274,ORG-0355,UNEP-hosted Life Cycle Initiative,PRV-f3ffceca4c35,Life Cycle Initiative,Yes,France,Located,Institution / company location,https://www.lifecycleinitiative.org/about/contact/,"The Life Cycle Initiative secretariat lists its institutional address in Paris, France.",2026-09-06,2026-09-06
PLOC-0275,ORG-0356,United Nations Environment Programme,PRV-9994683ed077,United Nations Environment Programme,Yes,Kenya,Located,Institution / company location,https://www.unep.org/pt-br/quem-somos/contato,"UNEP global headquarters is in Nairobi, Kenya; the Life Cycle Initiative secretariat is listed separately in France.",2026-09-06,2026-09-06
PLOC-0276,ORG-0357,United States Environmental Protection Agency,PRV-8a9f997a5609,U.S. Environmental Protection Agency,Yes,United States,Located,Institution / company location,https://github.com/USEPA/USEEIO ; https://github.com/USEPA/useeior ; https://github.com/USEPA/useeior/releases,Same named institution / provider as reviewed location in LCA-DB-0010; role labels are retained separately.,2026-08-22,2026-09-06
PLOC-0277,ORG-0358,University of Kassel authors / BBSR-funded project,PRV-3db2b75e762f,University of Kassel,Yes,Germany,Located,Institution / company location,https://termine.uni-kassel.de/impressum?_locale=de,"University address in Kassel, Germany.",2026-09-06,2026-09-06
PLOC-0278,ORG-0359,University of Oxford,PRV-2077bc9cdee5,University of Oxford / HESTIA,Yes,United Kingdom,Located,Institution / company location,https://www.hestia.earth/ ; https://www.hestia.earth/guide/guide-accessing-data/,Same named institution / provider as reviewed location in LCA-PLT-0002; role labels are retained separately.,2026-08-22,2026-09-06
PLOC-0279,ORG-0360,University of Oxford / HESTIA project,PRV-2077bc9cdee5,University of Oxford / HESTIA,Yes,United Kingdom,Located,Institution / company location,https://www.hestia.earth/ ; https://www.hestia.earth/guide/guide-accessing-data/,Same named institution / provider as reviewed location in LCA-PLT-0002; role labels are retained separately.,2026-08-22,2026-09-06
PLOC-0280,ORG-0362,US Environmental Protection Agency,PRV-8a9f997a5609,U.S. Environmental Protection Agency,Yes,United States,Located,Institution / company location,https://github.com/USEPA/USEEIO ; https://github.com/USEPA/useeior ; https://github.com/USEPA/useeior/releases,Same named institution / provider as reviewed location in LCA-DB-0010; role labels are retained separately.,2026-08-22,2026-09-06
PLOC-0281,ORG-0363,US EPA Office of Research and Development,PRV-8a9f997a5609,U.S. Environmental Protection Agency,Yes,United States,Located,Institution / company location,https://github.com/USEPA/USEEIO ; https://github.com/USEPA/useeior ; https://github.com/USEPA/useeior/releases,Same named institution / provider as reviewed location in LCA-DB-0010; role labels are retained separately.,2026-08-22,2026-09-06
PLOC-0282,ORG-0364,US EPA research programme,PRV-8a9f997a5609,U.S. Environmental Protection Agency,Yes,United States,Located,Institution / company location,https://github.com/USEPA/USEEIO ; https://github.com/USEPA/useeior ; https://github.com/USEPA/useeior/releases,Same named institution / provider as reviewed location in LCA-DB-0010; role labels are retained separately.,2026-08-22,2026-09-06
PLOC-0283,ORG-0365,US EPA research team,PRV-8a9f997a5609,U.S. Environmental Protection Agency,Yes,United States,Located,Institution / company location,https://github.com/USEPA/USEEIO ; https://github.com/USEPA/useeior ; https://github.com/USEPA/useeior/releases,Same named institution / provider as reviewed location in LCA-DB-0010; role labels are retained separately.,2026-08-22,2026-09-06
PLOC-0284,ORG-0366,US National Library of Medicine / National Center for Biotechnology Information,PRV-5ff66ab8e87a,U.S. National Library of Medicine / NCBI,Yes,United States,Located,Institution / company location,https://www.ncbi.nlm.nih.gov/home/about/contact/,"Institutional address in Bethesda, Maryland, USA.",2026-09-06,2026-09-06
PLOC-0285,ORG-0367,USDA National Agricultural Library with collaborating federal agencies,PRV-01cf8e04b52b,Federal LCA Commons / U.S. federal agencies,Yes,United States,Located,Institution / company location,https://www.lcacommons.gov/,"Reviewed source identifies a collaboration of U.S. federal agencies, rather than a worldwide provider.",2026-09-06,2026-09-06
PLOC-0286,ORG-0369,Vocabulary Hub / Semantic Treehouse maintainers,PRV-01c182ccc01f,CIRPASS-2 / DPP Vocabulary Hub,Yes,Europe,Located,Institution / company location,https://cirpass2.eu/who-we-are/,The consortium comprises organizations across Europe and beyond; regional consortium location is retained without assigning a single headquarters.,2026-09-06,2026-09-06
PLOC-0287,ORG-0370,Walloon Agricultural Research Centre (CRA-W),PRV-f8b81f00b968,Walloon Agricultural Research Centre (CRA-W),Yes,Belgium,Located,Institution / company location,https://www.cra.wallonie.be/fr/batiments,"Institutional buildings and laboratory addresses in Gembloux, Belgium.",2026-09-06,2026-09-06
PLOC-0288,ORG-0371,WAP Sustainability,PRV-427abc0a5220,WAP Sustainability,Yes,United States,Located,Institution / company location,https://www.openepddatabase.com/ ; https://wapsustainability.com/contact/,Same named institution / provider as reviewed location in LCA-DB-0048; role labels are retained separately.,2026-08-22,2026-09-06
PLOC-0289,ORG-0372,"WAP Sustainability, LLC",PRV-427abc0a5220,WAP Sustainability,Yes,United States,Located,Institution / company location,https://www.openepddatabase.com/ ; https://wapsustainability.com/contact/,Same named institution / provider as reviewed location in LCA-DB-0048; role labels are retained separately.,2026-08-22,2026-09-06
PLOC-0290,ORG-0373,Watershed Technology,PRV-91191e3cc144,Watershed,Yes,United States,Located,Institution / company location,https://registry.opendata.aws/open-ceda/ ; https://openceda.org/ ; https://watershed.com/solutions/ceda,Same named institution / provider as reviewed location in LCA-DB-0033; role labels are retained separately.,2026-08-22,2026-09-06
PLOC-0291,ORG-0375,World Business Council for Sustainable Development,PRV-935b891257be,WBCSD,Yes,Switzerland,Located,Institution / company location,https://docs.wbcsd.org/2019/01/How_to_Reach_WBCSD.pdf,WBCSD headquarters in Geneva; PACT is its programme.,2026-09-06,2026-09-06
PLOC-0292,ORG-0376,World Resources Institute and World Business Council for Sustainable Development,PRV-b58c090b95cb,WRI / WBCSD (GHG Protocol),Yes,United States; Switzerland,Located,Institution / company location,https://www.wri.org/about/contact ; https://docs.wbcsd.org/2019/01/How_to_Reach_WBCSD.pdf,"Joint WRI / WBCSD programme; institutional homes in Washington, DC and Geneva.",2026-09-06,2026-09-06
PLOC-0293,ORG-0377,World Steel Association,PRV-1eedccc9cf0f,World Steel Association,Yes,Belgium,Located,Institution / company location,https://worldsteel.org/wider-sustainability/life-cycle-thinking/life-cycle-inventory-data-and-eco-profiles/,Same named institution / provider as reviewed location in LCA-DB-0023; role labels are retained separately.,2026-08-22,2026-09-06
PLOC-0294,ORG-0378,Worldly,PRV-179d89707b3a,Worldly,Yes,United States,Located,Institution / company location,https://worldly.io/privacy-policy/,"Official privacy policy explicitly states Worldly is headquartered in the United States and gives a Concord, California address.",2026-09-06,2026-09-06
PLOC-0295,ORG-0379,worldsteel,PRV-1eedccc9cf0f,World Steel Association,Yes,Belgium,Located,Institution / company location,https://worldsteel.org/wider-sustainability/life-cycle-thinking/life-cycle-inventory-data-and-eco-profiles/,Same named institution / provider as reviewed location in LCA-DB-0023; role labels are retained separately.,2026-08-22,2026-09-06
PLOC-0296,ORG-0381,WP1 led by ADEME within the FOODTURE consortium,PRV-39d3cbd139fd,ADEME,Yes,France,Located,Institution / company location,https://doc.agribalyse.fr/documentation-en/agribalyse-data/data-access ; https://doc.agribalyse.fr/documentation-en/data-use/webinars ; https://presse.ademe.fr/files/plaquette_presentation_agribalyse.pdf ; https://www.ademe.fr/lagence/notre-organisation/,Same named institution / provider as reviewed location in LCA-DB-0004; role labels are retained separately.,2026-08-22,2026-09-06
PLOC-0297,ORG-0382,WULCA,PRV-06ce8bea579d,WULCA,Yes,Global community,Located,Global community,https://wulca-waterlca.org/team/,"International scientific working group and consensus-building community, rather than a single-country company.",2026-09-06,2026-09-06
PLOC-0298,ORG-0383,WULCA working group / UNEP-SETAC Life Cycle Initiative community,PRV-06ce8bea579d,WULCA,Yes,Global community,Located,Global community,https://wulca-waterlca.org/team/,"International scientific working group and consensus-building community, rather than a single-country company.",2026-09-06,2026-09-06
