release_record_id,asset_id,asset_name,asset_type,release_line,first_development_release_year,version,release_date,lifecycle_status,predecessor_release,successor_release,release_evidence_urls,evidence_status,evidence_as_of,notes
RLS-0001,LCA-DB-0001,ecoinvent database,Database / dataset,Database family launch,2003,v1,2003,Historical release,None recorded in verified milestone set,v2,https://ecoinvent.org/mission-history/ | https://support.ecoinvent.org/releases-overview,Verified public milestone; official/provider or formal project source,2026-08-22,Milestone history: intervening minor releases may exist unless the official source enumerates every release.
RLS-0002,LCA-DB-0001,ecoinvent database,Database / dataset,Database release,2003,v2,2007,Historical release,v1,v3.0,https://ecoinvent.org/mission-history/ | https://support.ecoinvent.org/releases-overview,Verified public milestone; official/provider or formal project source,2026-08-22,Milestone history: intervening minor releases may exist unless the official source enumerates every release.
RLS-0003,LCA-DB-0001,ecoinvent database,Database / dataset,Major architecture release,2003,v3.0,2013,Historical release,v2,v3.12,https://ecoinvent.org/mission-history/ | https://support.ecoinvent.org/releases-overview,Verified public milestone; official/provider or formal project source,2026-08-22,Milestone history: intervening minor releases may exist unless the official source enumerates every release.
RLS-0004,LCA-DB-0001,ecoinvent database,Database / dataset,Database release,2003,v3.12,2025-11-05,Current release,v3.0,None recorded after evidence cut-off,https://support.ecoinvent.org/hubfs/Comms/2025%20v3.12%20Release/Introduction%20to%20ecoinvent%20v3.12.pdf,Verified public milestone; official/provider or formal project source,2026-08-22,Milestone history: intervening minor releases may exist unless the official source enumerates every release.
RLS-0005,LCA-DB-0002,U.S. Life Cycle Inventory Database,Database / dataset,Development milestone,2003 (project started 2001),Project start,2001,Development milestone,None recorded in verified milestone set,First public database,https://www.lcacommons.gov/releases | https://github.com/FLCAC-admin/uslci-content/blob/dev/docs/release_info/release-downloads.md,Verified public milestone; official/provider or formal project source,2026-08-22,Milestone history: intervening minor releases may exist unless the official source enumerates every release.
RLS-0006,LCA-DB-0002,U.S. Life Cycle Inventory Database,Database / dataset,Database family launch,2003 (project started 2001),First public database,2003,Historical release,Project start,1.2026-06.0,https://www.lcacommons.gov/releases | https://github.com/FLCAC-admin/uslci-content/blob/dev/docs/release_info/release-downloads.md,Verified public milestone; official/provider or formal project source,2026-08-22,Milestone history: intervening minor releases may exist unless the official source enumerates every release.
RLS-0007,LCA-DB-0002,U.S. Life Cycle Inventory Database,Database / dataset,Database release,2003 (project started 2001),1.2026-06.0,2026-06-29,Current release,First public database,None recorded after evidence cut-off,https://www.lcacommons.gov/releases | https://github.com/FLCAC-admin/uslci-content/blob/dev/docs/release_info/release-downloads.md,Verified public milestone; official/provider or formal project source,2026-08-22,Milestone history: intervening minor releases may exist unless the official source enumerates every release.
RLS-0008,LCA-DB-0003,Agri-footprint,Database / dataset,Database family launch,2014,v1,2014,Historical release,None recorded in verified milestone set,v3,https://blonksustainability.nl/tools/agri-footprint/bugs | https://blonksustainability.nl/previous-versions-of-agri-footprint-methodology-reports,Verified public milestone; official/provider or formal project source,2026-08-22,Milestone history: intervening minor releases may exist unless the official source enumerates every release.
RLS-0009,LCA-DB-0003,Agri-footprint,Database / dataset,Database release,2014,v3,2017,Historical release,v1,v4,https://blonksustainability.nl/tools/agri-footprint/bugs | https://blonksustainability.nl/previous-versions-of-agri-footprint-methodology-reports,Verified public milestone; official/provider or formal project source,2026-08-22,Milestone history: intervening minor releases may exist unless the official source enumerates every release.
RLS-0010,LCA-DB-0003,Agri-footprint,Database / dataset,Database release,2014,v4,2018,Historical release,v3,v5,https://blonksustainability.nl/tools/agri-footprint/bugs | https://blonksustainability.nl/previous-versions-of-agri-footprint-methodology-reports,Verified public milestone; official/provider or formal project source,2026-08-22,Milestone history: intervening minor releases may exist unless the official source enumerates every release.
RLS-0011,LCA-DB-0003,Agri-footprint,Database / dataset,Database release,2014,v5,2019,Historical release,v4,v6.3 methodology/reporting line,https://blonksustainability.nl/tools/agri-footprint/bugs | https://blonksustainability.nl/previous-versions-of-agri-footprint-methodology-reports,Verified public milestone; official/provider or formal project source,2026-08-22,Milestone history: intervening minor releases may exist unless the official source enumerates every release.
RLS-0012,LCA-DB-0003,Agri-footprint,Database / dataset,Methodology/database milestone,2014,v6.3 methodology/reporting line,2022–2023,Historical release,v5,v7.0,https://blonksustainability.nl/tools/agri-footprint/bugs | https://blonksustainability.nl/previous-versions-of-agri-footprint-methodology-reports,Verified public milestone; official/provider or formal project source,2026-08-22,Milestone history: intervening minor releases may exist unless the official source enumerates every release.
RLS-0013,LCA-DB-0003,Agri-footprint,Database / dataset,Database release,2014,v7.0,2025-05,Current release,v6.3 methodology/reporting line,None recorded after evidence cut-off,https://blonksustainability.nl/tools-and-databases/agri-footprint,Verified public milestone; official/provider or formal project source,2026-08-22,Milestone history: intervening minor releases may exist unless the official source enumerates every release.
RLS-0014,LCA-DB-0004,AGRIBALYSE,Database / dataset,Development milestone,2009 programme; database v1 in 2013,Programme launch,2009,Development milestone,None recorded in verified milestone set,v1,https://www.ademe.fr/presse/communique-national/lademe-et-inrae-devoilent-la-nouvelle-version-de-la-base-de-donnees-agribalyse-au-service-de-lalimentation-durable/ | https://data.ademe.fr/datasets/agribalyse-31-detail-par-etape,Verified public milestone; official/provider or formal project source,2026-08-22,Milestone history: intervening minor releases may exist unless the official source enumerates every release.
RLS-0015,LCA-DB-0004,AGRIBALYSE,Database / dataset,First database publication,2009 programme; database v1 in 2013,v1,2013,Historical release,Programme launch,v3.0,https://www.ademe.fr/presse/communique-national/lademe-et-inrae-devoilent-la-nouvelle-version-de-la-base-de-donnees-agribalyse-au-service-de-lalimentation-durable/ | https://data.ademe.fr/datasets/agribalyse-31-detail-par-etape,Verified public milestone; official/provider or formal project source,2026-08-22,Milestone history: intervening minor releases may exist unless the official source enumerates every release.
RLS-0016,LCA-DB-0004,AGRIBALYSE,Database / dataset,Major database release,2009 programme; database v1 in 2013,v3.0,2020-09-29,Historical release,v1,v3.2,https://www.ademe.fr/presse/communique-national/lademe-et-inrae-devoilent-la-nouvelle-version-de-la-base-de-donnees-agribalyse-au-service-de-lalimentation-durable/ | https://data.ademe.fr/datasets/agribalyse-31-detail-par-etape,Verified public milestone; official/provider or formal project source,2026-08-22,Milestone history: intervening minor releases may exist unless the official source enumerates every release.
RLS-0017,LCA-DB-0004,AGRIBALYSE,Database / dataset,Database release,2009 programme; database v1 in 2013,v3.2,2025-09-05,Current release,v3.0,None recorded after evidence cut-off,https://www.ademe.fr/presse/communique-national/lademe-et-inrae-devoilent-la-nouvelle-version-de-la-base-de-donnees-agribalyse-au-service-de-lalimentation-durable/ | https://data.ademe.fr/datasets/agribalyse-31-detail-par-etape,Verified public milestone; official/provider or formal project source,2026-08-22,Milestone history: intervening minor releases may exist unless the official source enumerates every release.
RLS-0018,LCA-DB-0005,Swiss Federal Administration LCI Database (BAFU),Database / dataset,Current known release snapshot,Not publicly confirmed,BAFU:2026 Version 1,2026-06-22,Active annual/versioned programme,BAFU:2025,Not publicly confirmed,https://nexus.openlca.org/ws/dataproviders/10465,Current public provider release verified,2026-08-25,Current snapshot; intermediate annual releases remain separate evidence work.
RLS-0019,LCA-DB-0006,cm.chemicals,Database / dataset,Database family launch,2021,v1.00,2021,Historical release,None recorded in verified milestone set,v1.01,https://www.carbon-minds.com/products/data/carbon-footprint-and-lca-data/database-and-methodology-versions/,Verified public milestone; official/provider or formal project source,2026-08-22,Milestone history: intervening minor releases may exist unless the official source enumerates every release.
RLS-0020,LCA-DB-0006,cm.chemicals,Database / dataset,Database release,2021,v1.01,2022-09,Historical release,v1.00,v2.00,https://www.carbon-minds.com/products/data/carbon-footprint-and-lca-data/database-and-methodology-versions/,Verified public milestone; official/provider or formal project source,2026-08-22,Milestone history: intervening minor releases may exist unless the official source enumerates every release.
RLS-0021,LCA-DB-0006,cm.chemicals,Database / dataset,Database release,2021,v2.00,2023-07,Historical release,v1.01,v2.01,https://www.carbon-minds.com/products/data/carbon-footprint-and-lca-data/database-and-methodology-versions/,Verified public milestone; official/provider or formal project source,2026-08-22,Milestone history: intervening minor releases may exist unless the official source enumerates every release.
RLS-0022,LCA-DB-0006,cm.chemicals,Database / dataset,Database release,2021,v2.01,2024-03,Historical release,v2.00,v2.02,https://www.carbon-minds.com/products/data/carbon-footprint-and-lca-data/database-and-methodology-versions/,Verified public milestone; official/provider or formal project source,2026-08-22,Milestone history: intervening minor releases may exist unless the official source enumerates every release.
RLS-0023,LCA-DB-0006,cm.chemicals,Database / dataset,Database release,2021,v2.02,2025-04,Historical release,v2.01,v2.03,https://www.carbon-minds.com/products/data/carbon-footprint-and-lca-data/database-and-methodology-versions/,Verified public milestone; official/provider or formal project source,2026-08-22,Milestone history: intervening minor releases may exist unless the official source enumerates every release.
RLS-0024,LCA-DB-0006,cm.chemicals,Database / dataset,Database release,2021,v2.03,2026-06,Current release,v2.02,None recorded after evidence cut-off,https://www.carbon-minds.com/products/data/carbon-footprint-and-lca-data/database-and-methodology-versions/,Verified public milestone; official/provider or formal project source,2026-08-22,Milestone history: intervening minor releases may exist unless the official source enumerates every release.
RLS-0025,LCA-DB-0007,EXIOBASE 3,Database / dataset,Documented database-generation milestone,2018 documented public v3 line,v3 documented compilation/public line,2018,Historical release,None recorded in verified milestone set,v3.8.2,https://zenodo.org/records/5589597 | https://zenodo.org/records/20051562 | https://github.com/EXIOBASE,Verified public milestone; official/provider or formal project source,2026-08-22,Milestone history: intervening minor releases may exist unless the official source enumerates every release.
RLS-0026,LCA-DB-0007,EXIOBASE 3,Database / dataset,Public database release,2018 documented public v3 line,v3.8.2,2021-10-21,Historical release,v3 documented compilation/public line,v3.9.0 internal beta,https://zenodo.org/records/5589597 | https://zenodo.org/records/20051562 | https://github.com/EXIOBASE,Verified public milestone; official/provider or formal project source,2026-08-22,Milestone history: intervening minor releases may exist unless the official source enumerates every release.
RLS-0027,LCA-DB-0007,EXIOBASE 3,Database / dataset,Internal release,2018 documented public v3 line,v3.9.0 internal beta,2022-02,Internal release,v3.8.2,v3.9.2 internal,https://zenodo.org/records/5589597 | https://zenodo.org/records/20051562 | https://github.com/EXIOBASE,Verified public milestone; official/provider or formal project source,2026-08-22,Milestone history: intervening minor releases may exist unless the official source enumerates every release.
RLS-0028,LCA-DB-0007,EXIOBASE 3,Database / dataset,Internal release,2018 documented public v3 line,v3.9.2 internal,2023-08,Internal release,v3.9.0 internal beta,v3.9.3 internal,https://zenodo.org/records/5589597 | https://zenodo.org/records/20051562 | https://github.com/EXIOBASE,Verified public milestone; official/provider or formal project source,2026-08-22,Milestone history: intervening minor releases may exist unless the official source enumerates every release.
RLS-0029,LCA-DB-0007,EXIOBASE 3,Database / dataset,Internal release,2018 documented public v3 line,v3.9.3 internal,2023-10,Internal release,v3.9.2 internal,v3.9.4,https://zenodo.org/records/5589597 | https://zenodo.org/records/20051562 | https://github.com/EXIOBASE,Verified public milestone; official/provider or formal project source,2026-08-22,Milestone history: intervening minor releases may exist unless the official source enumerates every release.
RLS-0030,LCA-DB-0007,EXIOBASE 3,Database / dataset,Database release,2018 documented public v3 line,v3.9.4,2025-01,Historical release,v3.9.3 internal,v3.9.5,https://zenodo.org/records/5589597 | https://zenodo.org/records/20051562 | https://github.com/EXIOBASE,Verified public milestone; official/provider or formal project source,2026-08-22,Milestone history: intervening minor releases may exist unless the official source enumerates every release.
RLS-0031,LCA-DB-0007,EXIOBASE 3,Database / dataset,Database release,2018 documented public v3 line,v3.9.5,2025-02,Historical release,v3.9.4,v3.9.6,https://zenodo.org/records/5589597 | https://zenodo.org/records/20051562 | https://github.com/EXIOBASE,Verified public milestone; official/provider or formal project source,2026-08-22,Milestone history: intervening minor releases may exist unless the official source enumerates every release.
RLS-0032,LCA-DB-0007,EXIOBASE 3,Database / dataset,Database release,2018 documented public v3 line,v3.9.6,2025-06,Historical release,v3.9.5,v3.10.1,https://zenodo.org/records/5589597 | https://zenodo.org/records/20051562 | https://github.com/EXIOBASE,Verified public milestone; official/provider or formal project source,2026-08-22,Milestone history: intervening minor releases may exist unless the official source enumerates every release.
RLS-0033,LCA-DB-0007,EXIOBASE 3,Database / dataset,Database release,2018 documented public v3 line,v3.10.1,2026-03-23,Historical release,v3.9.6,v3.10.2,https://zenodo.org/records/5589597 | https://zenodo.org/records/20051562 | https://github.com/EXIOBASE,Verified public milestone; official/provider or formal project source,2026-08-22,Milestone history: intervening minor releases may exist unless the official source enumerates every release.
RLS-0034,LCA-DB-0007,EXIOBASE 3,Database / dataset,Database release,2018 documented public v3 line,v3.10.2,2026-05,Current DOI-stamped release,v3.10.1,None recorded after evidence cut-off,https://zenodo.org/records/20051562,Verified public milestone; official/provider or formal project source,2026-08-22,Milestone history: intervening minor releases may exist unless the official source enumerates every release.
RLS-0035,LCA-DB-0008,AIST-IDEA,Database / dataset,Current known release snapshot,Not publicly confirmed,v4,Not publicly confirmed,Active; minor adjustments stated in progress in 2026,Not publicly confirmed,Not publicly confirmed,https://idea-lca.com/en/features/ | https://www.aist.go.jp/aist_e/about_aist,Current snapshot retained; a public milestone history was not found in this review pass,2026-08-22,Coverage row only. Exact first-release and intermediate-version dates remain a documented public-evidence gap.
RLS-0036,LCA-DB-0009,Banca Dati Italiana LCA,Platform / repository / network,Current public evidence snapshot,Not publicly confirmed,Continuously updated node,Not publicly confirmed,Active; 2024–2029 maintenance and development agreement reported,Not publicly confirmed,Not publicly confirmed,https://bancadatiitalianalca.enea.it/Node/index.xhtml?stock=BDILCA | https://www.arcadia.enea.it/la-banca-dati.html,Current snapshot retained; a public milestone history was not found in this review pass,2026-08-22,Coverage row only. Exact first-release and intermediate-version dates remain a documented public-evidence gap.
RLS-0037,LCA-DB-0010,US Environmentally-Extended Input-Output models,Database / dataset,Peer-reviewed first model publication,2017,USEEIO v1 publication,2017,Historical release,None recorded in verified milestone set,v1.1,https://hero.epa.gov/reference/3870365/ | https://github.com/USEPA/USEEIO | https://github.com/USEPA/useeior/releases,Verified public milestone; official/provider or formal project source,2026-08-22,Milestone history: intervening minor releases may exist unless the official source enumerates every release.
RLS-0038,LCA-DB-0010,US Environmentally-Extended Input-Output models,Database / dataset,Database release,2017,v1.1,2017–2020 public technical-content period,Historical release,USEEIO v1 publication,v1.2,https://hero.epa.gov/reference/3870365/ | https://github.com/USEPA/USEEIO | https://github.com/USEPA/useeior/releases,Verified public milestone; official/provider or formal project source,2026-08-22,Milestone history: intervening minor releases may exist unless the official source enumerates every release.
RLS-0039,LCA-DB-0010,US Environmentally-Extended Input-Output models,Database / dataset,Database release,2017,v1.2,2017–2020 public technical-content period,Historical release,v1.1,v2.0+ model-generation line,https://hero.epa.gov/reference/3870365/ | https://github.com/USEPA/USEEIO | https://github.com/USEPA/useeior/releases,Verified public milestone; official/provider or formal project source,2026-08-22,Milestone history: intervening minor releases may exist unless the official source enumerates every release.
RLS-0040,LCA-DB-0010,US Environmentally-Extended Input-Output models,Database / dataset,Major model architecture line,2017,v2.0+ model-generation line,2020 onward,Historical release,v1.2,v2.3 model family,https://hero.epa.gov/reference/3870365/ | https://github.com/USEPA/USEEIO | https://github.com/USEPA/useeior/releases,Verified public milestone; official/provider or formal project source,2026-08-22,Milestone history: intervening minor releases may exist unless the official source enumerates every release.
RLS-0041,LCA-DB-0010,US Environmentally-Extended Input-Output models,Database / dataset,Current public model family,2017,v2.3 model family,Current at 2026-08-22; exact model-release date not captured,Current release,v2.0+ model-generation line,None recorded after evidence cut-off,https://hero.epa.gov/reference/3870365/ | https://github.com/USEPA/USEEIO | https://github.com/USEPA/useeior/releases,Verified public milestone; official/provider or formal project source,2026-08-22,Milestone history: intervening minor releases may exist unless the official source enumerates every release.
RLS-0042,LCA-DB-0011,Sphera Managed LCA Content,Database / dataset,Current known release snapshot,Not publicly confirmed,2026 release/catalogue,Not publicly confirmed,Active; regular updates stated,Not publicly confirmed,Not publicly confirmed,https://sphera.com/solutions/product-stewardship/life-cycle-assessment-software-and-data/managed-lca-content/ | https://lcadatabase.sphera.com/ | https://sphera.com/our-locations/,Current snapshot retained; a public milestone history was not found in this review pass,2026-08-22,Coverage row only. Exact first-release and intermediate-version dates remain a documented public-evidence gap.
RLS-0043,LCA-DB-0012,TianGong LCA Database,Database / dataset,Current known release snapshot,Not publicly confirmed,Continuously updated platform dataset,Not publicly confirmed,Active platform; historical GitHub snapshot ceased maintenance in 2026,Not publicly confirmed,Not publicly confirmed,https://www.tiangong.earth/data | https://lcdn.tiangong.earth/index.xhtml | https://www.tiangong.earth/,Current snapshot retained; a public milestone history was not found in this review pass,2026-08-22,Coverage row only. Exact first-release and intermediate-version dates remain a documented public-evidence gap.
RLS-0044,LCA-DB-0013,Base Empreinte®,Database / dataset,Current known release snapshot,Not publicly confirmed,Base Empreinte v1.1; Base Carbone v23.11 shown in 2026 news,2026-06-18 latest public news item accessed,Active,Not publicly confirmed,Not publicly confirmed,https://base-empreinte.ademe.fr/ | https://base-empreinte.ademe.fr/aide/faq | https://www.ademe.fr/lagence/notre-organisation/,Current snapshot retained; a public milestone history was not found in this review pass,2026-08-22,Coverage row only. Exact first-release and intermediate-version dates remain a documented public-evidence gap.
RLS-0045,LCA-DB-0014,Australian Life Cycle Inventory Database,Database / dataset,Current known release snapshot,Not publicly confirmed,Not publicly confirmed,Not publicly confirmed,Public programme/site active; release recency requires record-level review,Not publicly confirmed,Not publicly confirmed,https://www.auslci.com.au/,Current snapshot retained; a public milestone history was not found in this review pass,2026-08-22,Coverage row only. Exact first-release and intermediate-version dates remain a documented public-evidence gap.
RLS-0046,LCA-DB-0015,ÖKOBAUDAT,Database / dataset,Archived database release,2009,2009,2009,Historical release,None recorded in verified milestone set,2011,https://www.oekobaudat.de/en/database/archive.html | https://www.oekobaudat.de/en/service/downloads.html,Verified public milestone; official/provider or formal project source,2026-08-22,Milestone history: intervening minor releases may exist unless the official source enumerates every release.
RLS-0047,LCA-DB-0015,ÖKOBAUDAT,Database / dataset,Archived database release,2009,2011,2011,Historical release,2009,2013,https://www.oekobaudat.de/en/database/archive.html | https://www.oekobaudat.de/en/service/downloads.html,Verified public milestone; official/provider or formal project source,2026-08-22,Milestone history: intervening minor releases may exist unless the official source enumerates every release.
RLS-0048,LCA-DB-0015,ÖKOBAUDAT,Database / dataset,Archived database release,2009,2013,2013,Historical release,2011,2015,https://www.oekobaudat.de/en/database/archive.html | https://www.oekobaudat.de/en/service/downloads.html,Verified public milestone; official/provider or formal project source,2026-08-22,Milestone history: intervening minor releases may exist unless the official source enumerates every release.
RLS-0049,LCA-DB-0015,ÖKOBAUDAT,Database / dataset,Archived database release,2009,2015,2015,Historical release,2013,2016,https://www.oekobaudat.de/en/database/archive.html | https://www.oekobaudat.de/en/service/downloads.html,Verified public milestone; official/provider or formal project source,2026-08-22,Milestone history: intervening minor releases may exist unless the official source enumerates every release.
RLS-0050,LCA-DB-0015,ÖKOBAUDAT,Database / dataset,Archived database release,2009,2016,2016,Historical release,2015,2017,https://www.oekobaudat.de/en/database/archive.html | https://www.oekobaudat.de/en/service/downloads.html,Verified public milestone; official/provider or formal project source,2026-08-22,Milestone history: intervening minor releases may exist unless the official source enumerates every release.
RLS-0051,LCA-DB-0015,ÖKOBAUDAT,Database / dataset,Archived database release,2009,2017,2017,Historical release,2016,2019-I,https://www.oekobaudat.de/en/database/archive.html | https://www.oekobaudat.de/en/service/downloads.html,Verified public milestone; official/provider or formal project source,2026-08-22,Milestone history: intervening minor releases may exist unless the official source enumerates every release.
RLS-0052,LCA-DB-0015,ÖKOBAUDAT,Database / dataset,Archived database release,2009,2019-I,2019,Historical release,2017,2019-II,https://www.oekobaudat.de/en/database/archive.html | https://www.oekobaudat.de/en/service/downloads.html,Verified public milestone; official/provider or formal project source,2026-08-22,Milestone history: intervening minor releases may exist unless the official source enumerates every release.
RLS-0053,LCA-DB-0015,ÖKOBAUDAT,Database / dataset,Archived database release,2009,2019-II,2019,Historical release,2019-I,2019-III,https://www.oekobaudat.de/en/database/archive.html | https://www.oekobaudat.de/en/service/downloads.html,Verified public milestone; official/provider or formal project source,2026-08-22,Milestone history: intervening minor releases may exist unless the official source enumerates every release.
RLS-0054,LCA-DB-0015,ÖKOBAUDAT,Database / dataset,Archived database release,2009,2019-III,2019,Historical release,2019-II,2020-I,https://www.oekobaudat.de/en/database/archive.html | https://www.oekobaudat.de/en/service/downloads.html,Verified public milestone; official/provider or formal project source,2026-08-22,Milestone history: intervening minor releases may exist unless the official source enumerates every release.
RLS-0055,LCA-DB-0015,ÖKOBAUDAT,Database / dataset,Archived database release,2009,2020-I,2020,Historical release,2019-III,2020-II,https://www.oekobaudat.de/en/database/archive.html | https://www.oekobaudat.de/en/service/downloads.html,Verified public milestone; official/provider or formal project source,2026-08-22,Milestone history: intervening minor releases may exist unless the official source enumerates every release.
RLS-0056,LCA-DB-0015,ÖKOBAUDAT,Database / dataset,Archived database release,2009,2020-II,2020,Historical release,2020-I,2021-I,https://www.oekobaudat.de/en/database/archive.html | https://www.oekobaudat.de/en/service/downloads.html,Verified public milestone; official/provider or formal project source,2026-08-22,Milestone history: intervening minor releases may exist unless the official source enumerates every release.
RLS-0057,LCA-DB-0015,ÖKOBAUDAT,Database / dataset,Archived database release,2009,2021-I,2021,Historical release,2020-II,2021-II,https://www.oekobaudat.de/en/database/archive.html | https://www.oekobaudat.de/en/service/downloads.html,Verified public milestone; official/provider or formal project source,2026-08-22,Milestone history: intervening minor releases may exist unless the official source enumerates every release.
RLS-0058,LCA-DB-0015,ÖKOBAUDAT,Database / dataset,Archived database release,2009,2021-II,2021,Historical release,2021-I,2023-I,https://www.oekobaudat.de/en/database/archive.html | https://www.oekobaudat.de/en/service/downloads.html,Verified public milestone; official/provider or formal project source,2026-08-22,Milestone history: intervening minor releases may exist unless the official source enumerates every release.
RLS-0059,LCA-DB-0015,ÖKOBAUDAT,Database / dataset,Archived database release,2009,2023-I,2023,Historical release,2021-II,2024-I,https://www.oekobaudat.de/en/database/archive.html | https://www.oekobaudat.de/en/service/downloads.html,Verified public milestone; official/provider or formal project source,2026-08-22,Milestone history: intervening minor releases may exist unless the official source enumerates every release.
RLS-0060,LCA-DB-0015,ÖKOBAUDAT,Database / dataset,Archived database release,2009,2024-I,2024,Historical release,2023-I,2024-II,https://www.oekobaudat.de/en/database/archive.html | https://www.oekobaudat.de/en/service/downloads.html,Verified public milestone; official/provider or formal project source,2026-08-22,Milestone history: intervening minor releases may exist unless the official source enumerates every release.
RLS-0061,LCA-DB-0015,ÖKOBAUDAT,Database / dataset,Database release,2009,2024-II,2026-07-22 publication; underlying generics updated 2024-10-02,Current release,2024-I,None recorded after evidence cut-off,https://www.oekobaudat.de/en/service/downloads.html,Verified public milestone; official/provider or formal project source,2026-08-22,Milestone history: intervening minor releases may exist unless the official source enumerates every release.
RLS-0062,LCA-DB-0016,European Reference Life Cycle Database,Database / dataset,Current known release snapshot,Not publicly confirmed,ELCD III package (historical),Not publicly confirmed,Process database discontinued in 2018; non-process reference items retained,Not publicly confirmed,Not publicly confirmed,https://eplca.jrc.ec.europa.eu/LCDN/developerILCD.html,Current snapshot retained; a public milestone history was not found in this review pass,2026-08-22,Coverage row only. Exact first-release and intermediate-version dates remain a documented public-evidence gap.
RLS-0063,LCA-DB-0017,GFLI Database,Database / dataset,Initial public-data milestone,2018 first public data line; database launch 2020,First public version,2018-12,Historical release,None recorded in verified milestone set,Database launch / v1 line,https://globalfeedlca.org/first-annual-gfli-membership-meeting-database-launch-event/ | https://globalfeedlca.org/the-gfli-database-update-version-3-0-is-here/,Verified public milestone; official/provider or formal project source,2026-08-22,Milestone history: intervening minor releases may exist unless the official source enumerates every release.
RLS-0064,LCA-DB-0017,GFLI Database,Database / dataset,Database launch,2018 first public data line; database launch 2020,Database launch / v1 line,2020-12-01,Historical release,First public version,v2.0,https://globalfeedlca.org/first-annual-gfli-membership-meeting-database-launch-event/ | https://globalfeedlca.org/the-gfli-database-update-version-3-0-is-here/,Verified public milestone; official/provider or formal project source,2026-08-22,Milestone history: intervening minor releases may exist unless the official source enumerates every release.
RLS-0065,LCA-DB-0017,GFLI Database,Database / dataset,Database release,2018 first public data line; database launch 2020,v2.0,2022-01,Historical release,Database launch / v1 line,v2.1 methodology line,https://globalfeedlca.org/first-annual-gfli-membership-meeting-database-launch-event/ | https://globalfeedlca.org/the-gfli-database-update-version-3-0-is-here/,Verified public milestone; official/provider or formal project source,2026-08-22,Milestone history: intervening minor releases may exist unless the official source enumerates every release.
RLS-0066,LCA-DB-0017,GFLI Database,Database / dataset,Methodology/database milestone,2018 first public data line; database launch 2020,v2.1 methodology line,2024-07,Historical release,v2.0,v2.2,https://globalfeedlca.org/first-annual-gfli-membership-meeting-database-launch-event/ | https://globalfeedlca.org/the-gfli-database-update-version-3-0-is-here/,Verified public milestone; official/provider or formal project source,2026-08-22,Milestone history: intervening minor releases may exist unless the official source enumerates every release.
RLS-0067,LCA-DB-0017,GFLI Database,Database / dataset,Database release,2018 first public data line; database launch 2020,v2.2,2024-10-03,Historical release,v2.1 methodology line,v3.0,https://globalfeedlca.org/first-annual-gfli-membership-meeting-database-launch-event/ | https://globalfeedlca.org/the-gfli-database-update-version-3-0-is-here/,Verified public milestone; official/provider or formal project source,2026-08-22,Milestone history: intervening minor releases may exist unless the official source enumerates every release.
RLS-0068,LCA-DB-0017,GFLI Database,Database / dataset,Database release,2018 first public data line; database launch 2020,v3.0,2026-01-20,Current release,v2.2,None recorded after evidence cut-off,https://globalfeedlca.org/first-annual-gfli-membership-meeting-database-launch-event/ | https://globalfeedlca.org/the-gfli-database-update-version-3-0-is-here/,Verified public milestone; official/provider or formal project source,2026-08-22,Milestone history: intervening minor releases may exist unless the official source enumerates every release.
RLS-0069,LCA-DB-0018,World Food LCA Database,Database / dataset,Current known release snapshot,Not publicly confirmed,Current provider-hosted release; numbered release not stated on public page,Not publicly confirmed,Active,Not publicly confirmed,Not publicly confirmed,https://quantis.com/services-solutions/consortium-building-and-management/wfldb/ | https://quantis.com/about/locations/,Current snapshot retained; a public milestone history was not found in this review pass,2026-08-22,Coverage row only. Exact first-release and intermediate-version dates remain a documented public-evidence gap.
RLS-0070,LCA-DB-0019,RIVM Database on the environmental impact of food products,Database / dataset,Current known release snapshot,Not publicly confirmed,2024 database version; published 2026-03-30,2026-03-30,Active,Not publicly confirmed,Not publicly confirmed,https://www.rivm.nl/en/food-and-nutrition/sustainable-food/environmental-impact-of-food-products | https://www.rivm.nl/en/contact,Current snapshot retained; a public milestone history was not found in this review pass,2026-08-22,Coverage row only. Exact first-release and intermediate-version dates remain a documented public-evidence gap.
RLS-0071,LCA-DB-0020,ProBas 2,Database / dataset,Current known release snapshot,Not publicly confirmed,ProBas2 soda4LCA 7.28.0 observed,Not publicly confirmed,Active successor interface,Not publicly confirmed,Not publicly confirmed,https://data.probas.umweltbundesamt.de/ | https://www.probas.umweltbundesamt.de/ | https://www.umweltbundesamt.de/en/the-uba/uba-offices,Current snapshot retained; a public milestone history was not found in this review pass,2026-08-22,Coverage row only. Exact first-release and intermediate-version dates remain a documented public-evidence gap.
RLS-0072,LCA-DB-0021,INIES Database,Database / dataset,Digital distribution milestone,Public database predates 2013; exact first year not confirmed,Digitised-data webservice established,2013,Historical release,None recorded in verified milestone set,Continuously updated public catalogue,https://www.inies.fr/en/the-digitised-data-webservice/ | https://www.inies.fr/en/accueil/,Verified public milestone; official/provider or formal project source,2026-08-22,Milestone history: intervening minor releases may exist unless the official source enumerates every release.
RLS-0073,LCA-DB-0021,INIES Database,Database / dataset,Current public service snapshot,Public database predates 2013; exact first year not confirmed,Continuously updated public catalogue,Current at 2026-08-22,Current continuously updated service,Digitised-data webservice established,None recorded after evidence cut-off,https://www.inies.fr/en/the-digitised-data-webservice/ | https://www.inies.fr/en/accueil/,Verified public milestone; official/provider or formal project source,2026-08-22,Milestone history: intervening minor releases may exist unless the official source enumerates every release.
RLS-0074,LCA-DB-0022,PlasticsEurope Eco-profiles,Database / dataset,Database/publication family launch,1993,First Eco-profiles,1993,Historical release,None recorded in verified milestone set,Methodology v3.1 and current product packages,https://plasticseurope.org/sustainability/circularity/life-cycle-thinking/eco-profiles-set/,Verified public milestone; official/provider or formal project source,2026-08-22,Milestone history: intervening minor releases may exist unless the official source enumerates every release.
RLS-0075,LCA-DB-0022,PlasticsEurope Eco-profiles,Database / dataset,Product-package releases,1993,Selected polyolefin/PVC package updates,2026-03,Current heterogeneous package family,Methodology v3.1 and current product packages,None recorded after evidence cut-off,https://plasticseurope.org/sustainability/circularity/life-cycle-thinking/eco-profiles-set/,Verified public milestone; official/provider or formal project source,2026-08-22,Milestone history: intervening minor releases may exist unless the official source enumerates every release.
RLS-0076,LCA-DB-0022,PlasticsEurope Eco-profiles,Database / dataset,Methodology/database milestone,1993,Methodology v3.1 and current product packages,Current methodology line at 2026-08-22,Historical release,First Eco-profiles,Selected polyolefin/PVC package updates,https://plasticseurope.org/sustainability/circularity/life-cycle-thinking/eco-profiles-set/,Verified public milestone; official/provider or formal project source,2026-08-22,Milestone history: intervening minor releases may exist unless the official source enumerates every release.
RLS-0077,LCA-DB-0023,worldsteel Life Cycle Inventory Database,Database / dataset,Database-generation study,1996 study,First global LCI study,1996,Historical release,None recorded in verified milestone set,2000 update,https://worldsteel.org/wider-sustainability/life-cycle-thinking/life-cycle-inventory-data-and-eco-profiles/,Verified public milestone; official/provider or formal project source,2026-08-22,Milestone history: intervening minor releases may exist unless the official source enumerates every release.
RLS-0078,LCA-DB-0023,worldsteel Life Cycle Inventory Database,Database / dataset,Database update,1996 study,2000 update,2000,Historical release,First global LCI study,2010 update,https://worldsteel.org/wider-sustainability/life-cycle-thinking/life-cycle-inventory-data-and-eco-profiles/,Verified public milestone; official/provider or formal project source,2026-08-22,Milestone history: intervening minor releases may exist unless the official source enumerates every release.
RLS-0079,LCA-DB-0023,worldsteel Life Cycle Inventory Database,Database / dataset,Database update,1996 study,2010 update,2010,Historical release,2000 update,2017 update,https://worldsteel.org/wider-sustainability/life-cycle-thinking/life-cycle-inventory-data-and-eco-profiles/,Verified public milestone; official/provider or formal project source,2026-08-22,Milestone history: intervening minor releases may exist unless the official source enumerates every release.
RLS-0080,LCA-DB-0023,worldsteel Life Cycle Inventory Database,Database / dataset,Database update,1996 study,2017 update,2017,Historical release,2010 update,2018 update,https://worldsteel.org/wider-sustainability/life-cycle-thinking/life-cycle-inventory-data-and-eco-profiles/,Verified public milestone; official/provider or formal project source,2026-08-22,Milestone history: intervening minor releases may exist unless the official source enumerates every release.
RLS-0081,LCA-DB-0023,worldsteel Life Cycle Inventory Database,Database / dataset,Database update,1996 study,2018 update,2018,Historical release,2017 update,2019 update,https://worldsteel.org/wider-sustainability/life-cycle-thinking/life-cycle-inventory-data-and-eco-profiles/,Verified public milestone; official/provider or formal project source,2026-08-22,Milestone history: intervening minor releases may exist unless the official source enumerates every release.
RLS-0082,LCA-DB-0023,worldsteel Life Cycle Inventory Database,Database / dataset,Database update,1996 study,2019 update,2019,Historical release,2018 update,2024 LCI dataset,https://worldsteel.org/wider-sustainability/life-cycle-thinking/life-cycle-inventory-data-and-eco-profiles/,Verified public milestone; official/provider or formal project source,2026-08-22,Milestone history: intervening minor releases may exist unless the official source enumerates every release.
RLS-0083,LCA-DB-0023,worldsteel Life Cycle Inventory Database,Database / dataset,Database release,1996 study,2024 LCI dataset,2026-05,Current release,2019 update,None recorded after evidence cut-off,https://worldsteel.org/wider-sustainability/life-cycle-thinking/life-cycle-inventory-data-and-eco-profiles/,Verified public milestone; official/provider or formal project source,2026-08-22,Milestone history: intervening minor releases may exist unless the official source enumerates every release.
RLS-0084,LCA-DB-0024,openIO-Canada,Database / dataset,Database/code release,Public repository lineage predates current v2 line; exact first year not confirmed,v2.11.1,Current at 2026-08-22; exact tag date not captured,Current release,None recorded in verified milestone set,None recorded after evidence cut-off,https://github.com/CIRAIG/OpenIO-Canada,Verified public milestone; official/provider or formal project source,2026-08-22,Milestone history: intervening minor releases may exist unless the official source enumerates every release.
RLS-0085,LCA-DB-0025,Product Social Impact Life Cycle Assessment Database,Database / dataset,Documented database release,Version 3 publicly documented in 2020,v3,2020-06,Historical release,None recorded in verified milestone set,v3.1.1,https://psilca.net/wp-content/uploads/2020/06/PSILCA_documentation_v3.pdf | https://psilca.net/wp-content/uploads/2025/08/PSILCA_manual_for-v.4_01082025.pdf,Verified public milestone; official/provider or formal project source,2026-08-22,Milestone history: intervening minor releases may exist unless the official source enumerates every release.
RLS-0086,LCA-DB-0025,Product Social Impact Life Cycle Assessment Database,Database / dataset,Database release,Version 3 publicly documented in 2020,v4.0.1,2026-01,Current release,v4.0,None recorded after evidence cut-off,https://nexus.openlca.org/ws/dataproviders/9552,Current public provider release verified,2026-08-25,Milestone history: intervening minor releases may exist unless the official source enumerates every release.
RLS-0087,LCA-DB-0025,Product Social Impact Life Cycle Assessment Database,Database / dataset,Database release,Version 3 publicly documented in 2020,v3.1.1,Predecessor documented in v4 manual; date not publicly confirmed,Historical release,v3,v4.0,https://psilca.net/wp-content/uploads/2020/06/PSILCA_documentation_v3.pdf | https://psilca.net/wp-content/uploads/2025/08/PSILCA_manual_for-v.4_01082025.pdf,Verified public milestone; official/provider or formal project source,2026-08-22,Milestone history: intervening minor releases may exist unless the official source enumerates every release.
RLS-0088,LCA-DB-0026,Social Hotspots Database,Database / dataset,Current known release snapshot,Not publicly confirmed,v6 (2025 update),2026-02-05 Nexus package release,Current commercial release,Not publicly confirmed,Not publicly confirmed,https://nexus.openlca.org/ws/dataproviders/151,Current public provider version and package release verified,2026-08-25,Provider labels the data update as 2025/version 6; the current Nexus package is dated 2026-02-05.
RLS-0089,LCA-DB-0027,BONSAI Database,Database / dataset,Database family launch,2023,v1.0.0,2023-12-06,Historical release,None recorded in verified milestone set,v2.0.0,https://www.bonsai.uno/download,Verified public milestone; official/provider or formal project source,2026-08-22,Milestone history: intervening minor releases may exist unless the official source enumerates every release.
RLS-0090,LCA-DB-0027,BONSAI Database,Database / dataset,Database release,2023,v2.0.0,2025-11-27,Historical release,v1.0.0,v2.0.1,https://www.bonsai.uno/download,Verified public milestone; official/provider or formal project source,2026-08-22,Milestone history: intervening minor releases may exist unless the official source enumerates every release.
RLS-0091,LCA-DB-0027,BONSAI Database,Database / dataset,Database release,2023,v2.0.1,2025-11-28,Historical release,v2.0.0,v2.0.2,https://www.bonsai.uno/download,Verified public milestone; official/provider or formal project source,2026-08-22,Milestone history: intervening minor releases may exist unless the official source enumerates every release.
RLS-0092,LCA-DB-0027,BONSAI Database,Database / dataset,Database release,2023,v2.0.2,2025-12-11,Historical release,v2.0.1,v2.1.0,https://www.bonsai.uno/download,Verified public milestone; official/provider or formal project source,2026-08-22,Milestone history: intervening minor releases may exist unless the official source enumerates every release.
RLS-0093,LCA-DB-0027,BONSAI Database,Database / dataset,Database release,2023,v2.1.0,2026-01-30,Historical release,v2.0.2,v2.1.1,https://www.bonsai.uno/download,Verified public milestone; official/provider or formal project source,2026-08-22,Milestone history: intervening minor releases may exist unless the official source enumerates every release.
RLS-0094,LCA-DB-0027,BONSAI Database,Database / dataset,Database release,2023,v2.1.1,2026-02-13,Historical release,v2.1.0,v2.1.2,https://www.bonsai.uno/download,Verified public milestone; official/provider or formal project source,2026-08-22,Milestone history: intervening minor releases may exist unless the official source enumerates every release.
RLS-0095,LCA-DB-0027,BONSAI Database,Database / dataset,Database release,2023,v2.1.2,2026-02-20,Historical release,v2.1.1,v2.1.3,https://www.bonsai.uno/download,Verified public milestone; official/provider or formal project source,2026-08-22,Milestone history: intervening minor releases may exist unless the official source enumerates every release.
RLS-0096,LCA-DB-0027,BONSAI Database,Database / dataset,Database release,2023,v2.1.3,2026-03-01,Historical release,v2.1.2,v2.1.4,https://www.bonsai.uno/download,Verified public milestone; official/provider or formal project source,2026-08-22,Milestone history: intervening minor releases may exist unless the official source enumerates every release.
RLS-0097,LCA-DB-0027,BONSAI Database,Database / dataset,Database release,2023,v2.1.4,2026-03-23,Historical release,v2.1.3,v2.1.5,https://www.bonsai.uno/download,Verified public milestone; official/provider or formal project source,2026-08-22,Milestone history: intervening minor releases may exist unless the official source enumerates every release.
RLS-0098,LCA-DB-0027,BONSAI Database,Database / dataset,Database release,2023,v2.1.5,2026-03-28,Current release,v2.1.4,None recorded after evidence cut-off,https://www.bonsai.uno/download,Verified public milestone; official/provider or formal project source,2026-08-22,Milestone history: intervening minor releases may exist unless the official source enumerates every release.
RLS-0099,LCA-DB-0028,European Commission Environmental Footprint Data Node,Database / dataset,Current known release snapshot,Not publicly confirmed,EF 3.1 and retained EF 2.0 data stocks,Not publicly confirmed,Active public node,Not publicly confirmed,Not publicly confirmed,https://eplca.jrc.ec.europa.eu/EF-node/index.xhtml | https://eplca.jrc.ec.europa.eu/EnvironmentalFootprint.html,Current snapshot retained; a public milestone history was not found in this review pass,2026-08-22,Coverage row only. Exact first-release and intermediate-version dates remain a documented public-evidence gap.
RLS-0100,LCA-DB-0029,ICE Database Educational,Database / dataset,Database family launch,2005,v1,2005,Historical release,None recorded in verified milestone set,v2,https://circularecology.com/wp-content/uploads/2025/04/ICE-Database-Insights-2-ICE-Analytical-Review-Processes-Slides.pdf | https://circularecology.com/embodied-carbon-footprint-database.html,Verified public milestone; official/provider or formal project source,2026-08-22,Milestone history: intervening minor releases may exist unless the official source enumerates every release.
RLS-0101,LCA-DB-0029,ICE Database Educational,Database / dataset,Database release,2005,v2,2011,Historical release,v1,v3,https://circularecology.com/wp-content/uploads/2025/04/ICE-Database-Insights-2-ICE-Analytical-Review-Processes-Slides.pdf | https://circularecology.com/embodied-carbon-footprint-database.html,Verified public milestone; official/provider or formal project source,2026-08-22,Milestone history: intervening minor releases may exist unless the official source enumerates every release.
RLS-0102,LCA-DB-0029,ICE Database Educational,Database / dataset,Database release,2005,v3,2019,Historical release,v2,v4.0,https://circularecology.com/wp-content/uploads/2025/04/ICE-Database-Insights-2-ICE-Analytical-Review-Processes-Slides.pdf | https://circularecology.com/embodied-carbon-footprint-database.html,Verified public milestone; official/provider or formal project source,2026-08-22,Milestone history: intervening minor releases may exist unless the official source enumerates every release.
RLS-0103,LCA-DB-0029,ICE Database Educational,Database / dataset,Database release,2005,v4.0,2024-11,Historical release,v3,v5.0 Educational,https://circularecology.com/wp-content/uploads/2025/04/ICE-Database-Insights-2-ICE-Analytical-Review-Processes-Slides.pdf | https://circularecology.com/embodied-carbon-footprint-database.html,Verified public milestone; official/provider or formal project source,2026-08-22,Milestone history: intervening minor releases may exist unless the official source enumerates every release.
RLS-0104,LCA-DB-0029,ICE Database Educational,Database / dataset,Database release,2005,v5.0 Educational,2026-06,Current release,v4.0,None recorded after evidence cut-off,https://circularecology.com/wp-content/uploads/2025/04/ICE-Database-Insights-2-ICE-Analytical-Review-Processes-Slides.pdf | https://circularecology.com/embodied-carbon-footprint-database.html,Verified public milestone; official/provider or formal project source,2026-08-22,Milestone history: intervening minor releases may exist unless the official source enumerates every release.
RLS-0105,LCA-DB-0030,ESU World Food LCA Database,Database / dataset,Current known release snapshot,Not publicly confirmed,v3,2026-03-10,Current commercial release,Not publicly confirmed,Not publicly confirmed,https://nexus.openlca.org/ws/dataproviders/8904,Current public Nexus package release verified,2026-08-25,Both system-process and unit-process packages are labelled v3; the unit-process description retains a BAFU:2025+ESU background dependency.
RLS-0106,LCA-DB-0031,Carbonfact Open Source LCA Database for Footwear & Apparel,Database / dataset,Database family launch,2026,First public release,2026-07-01,Current release,None recorded in verified milestone set,None recorded after evidence cut-off,https://www.carbonfact.com/blog/platform/carbonfact-releases-database | https://www.carbonfact.com/database,Verified public milestone; official/provider or formal project source,2026-08-22,Milestone history: intervening minor releases may exist unless the official source enumerates every release.
RLS-0107,LCA-DB-0032,CEPE Life Cycle Inventory Database,Database / dataset,Development milestone,2011 project start,LCI project start,2011,Development milestone,None recorded in verified milestone set,Second database version,https://cepe.org/sustainability/lci-project/ | https://cepe.org/sustainability/how-to-access-the-database/,Verified public milestone; official/provider or formal project source,2026-08-22,Milestone history: intervening minor releases may exist unless the official source enumerates every release.
RLS-0108,LCA-DB-0032,CEPE Life Cycle Inventory Database,Database / dataset,Current public project snapshot,2011 project start,Second database version,Current at 2026-08-22; exact release date not public,Current release,LCI project start,None recorded after evidence cut-off,https://cepe.org/sustainability/lci-project/ | https://cepe.org/sustainability/how-to-access-the-database/,Verified public milestone; official/provider or formal project source,2026-08-22,Milestone history: intervening minor releases may exist unless the official source enumerates every release.
RLS-0109,LCA-DB-0033,Open CEDA,Database / dataset,Database family launch,2025,CEDA 2025,2025,Current release,None recorded in verified milestone set,None recorded after evidence cut-off,https://registry.opendata.aws/open-ceda/ | https://openceda.org/,Verified public milestone; official/provider or formal project source,2026-08-22,Milestone history: intervening minor releases may exist unless the official source enumerates every release.
RLS-0110,LCA-DB-0034,NEEDS Life Cycle Inventory Database,Database / dataset,Project/database-generation milestone,EU NEEDS project 2004–2008,NEEDS project database,2004–2008,Historical release,None recorded in verified milestone set,openLCA conversion v2,https://cordis.europa.eu/project/id/502687 | https://nexus.openlca.org/ws/files/9971,Verified public milestone; official/provider or formal project source,2026-08-22,Milestone history: intervening minor releases may exist unless the official source enumerates every release.
RLS-0111,LCA-DB-0034,NEEDS Life Cycle Inventory Database,Database / dataset,Conversion/package release,EU NEEDS project 2004–2008,openLCA conversion v2,2017-01-17,Current retained conversion,NEEDS project database,None recorded after evidence cut-off,https://cordis.europa.eu/project/id/502687 | https://nexus.openlca.org/ws/files/9971,Verified public milestone; official/provider or formal project source,2026-08-22,Milestone history: intervening minor releases may exist unless the official source enumerates every release.
RLS-0112,LCA-DB-0035,BATTERS Battery Recycling Inventory Database,Database / dataset,Database family launch,2026,January 2026 analysis release,2026-01,Current release,None recorded in verified milestone set,None recorded after evidence cut-off,https://www.batters.fr/en/battery-recycling-inventory/,Verified public milestone; official/provider or formal project source,2026-08-22,Milestone history: intervening minor releases may exist unless the official source enumerates every release.
RLS-0113,LCA-DB-0036,BioEnergieDat,Database / dataset,Database/project milestone,Project completed 2013,Project database completion,2013,Current retained legacy dataset,None recorded in verified milestone set,None recorded after evidence cut-off,https://www.bioenergiedat.de/software.html,Verified public milestone; official/provider or formal project source,2026-08-22,Milestone history: intervening minor releases may exist unless the official source enumerates every release.
RLS-0114,LCA-DB-0037,CPM LCA Database,Database / dataset,Database family launch,1996 programme/database origin,CPM programme/database origin,1996,Historical release,None recorded in verified milestone set,Legacy live database,https://cpmdatabase.cpm.chalmers.se/AboutDatabase.htm | https://www.lifecyclecenter.se/about-us/,Verified public milestone; official/provider or formal project source,2026-08-22,Milestone history: intervening minor releases may exist unless the official source enumerates every release.
RLS-0115,LCA-DB-0037,CPM LCA Database,Database / dataset,Current public service snapshot,1996 programme/database origin,Legacy live database,Current at 2026-08-22,Current retained legacy dataset,CPM programme/database origin,None recorded after evidence cut-off,https://cpmdatabase.cpm.chalmers.se/AboutDatabase.htm | https://www.lifecyclecenter.se/about-us/,Verified public milestone; official/provider or formal project source,2026-08-22,Milestone history: intervening minor releases may exist unless the official source enumerates every release.
RLS-0116,LCA-DB-0038,ERASM Surfactant Life Cycle and Ecofootprinting Inventory,Database / dataset,Database family launch,2017,SLE release,2017,Current retained sector dataset,None recorded in verified milestone set,None recorded after evidence cut-off,https://www.erasm.org/wp-content/uploads/2017/08/170727-SLE-Summary-Paper-IJLCA-1.pdf,Verified public milestone; official/provider or formal project source,2026-08-22,Milestone history: intervening minor releases may exist unless the official source enumerates every release.
RLS-0117,LCA-DB-0039,CODDE Database,Database / dataset,Database family launch,1996,Database origin,1996,Historical release,None recorded in verified milestone set,LCIE/Bureau Veritas takeover,https://codde.fr/evenement/eime-nouvelle-base-codde-2026-04 | https://codde.fr/en/contact-us/contact,Verified public milestone; official/provider or formal project source,2026-08-22,Milestone history: intervening minor releases may exist unless the official source enumerates every release.
RLS-0118,LCA-DB-0039,CODDE Database,Database / dataset,Ownership/maintenance milestone,1996,LCIE/Bureau Veritas takeover,2007,Historical release,Database origin,2026-04,https://codde.fr/evenement/eime-nouvelle-base-codde-2026-04 | https://codde.fr/en/contact-us/contact,Verified public milestone; official/provider or formal project source,2026-08-22,Milestone history: intervening minor releases may exist unless the official source enumerates every release.
RLS-0119,LCA-DB-0039,CODDE Database,Database / dataset,Database release,1996,2026-04,2026-04-15,Current release,LCIE/Bureau Veritas takeover,None recorded after evidence cut-off,https://codde.fr/evenement/eime-nouvelle-base-codde-2026-04 | https://codde.fr/en/contact-us/contact,Verified public milestone; official/provider or formal project source,2026-08-22,Milestone history: intervening minor releases may exist unless the official source enumerates every release.
RLS-0120,LCA-DB-0040,IDEMAT Database,Database / dataset,Current known release snapshot,Not publicly confirmed,Idemat 2026RevB1,2026,Active periodic releases,Not publicly confirmed,Not publicly confirmed,https://www.ecocostsvalue.com/data-tools-books/ | https://www.ecocostsvalue.com/,Current snapshot retained; a public milestone history was not found in this review pass,2026-08-22,Coverage row only. Exact first-release and intermediate-version dates remain a documented public-evidence gap.
RLS-0121,LCA-DB-0041,POLARIIS+,Database / dataset,Current known release snapshot,Not publicly confirmed,2026 infrastructure release,2026,Active development,Not publicly confirmed,Not publicly confirmed,https://ciraig.org/index.php/project/polariis-en/,Current snapshot retained; a public milestone history was not found in this review pass,2026-08-22,Coverage row only. Exact first-release and intermediate-version dates remain a documented public-evidence gap.
RLS-0122,LCA-DB-0042,Evah Pigments and Dyes LCI Databases,Database / dataset,Current known release snapshot,Not publicly confirmed,Current database family; historical Pigments release plus continuing 2026 programme,Not publicly confirmed,Active provider; versioned package metadata incomplete,Not publicly confirmed,Not publicly confirmed,https://evah.institute/services | https://evah.institute/,Current snapshot retained; a public milestone history was not found in this review pass,2026-08-22,Coverage row only. Exact first-release and intermediate-version dates remain a documented public-evidence gap.
RLS-0123,LCA-DB-0043,EuGeos 15804-IA Database,Database / dataset,Current known release snapshot,Not publicly confirmed,v4.1,2020-03-31,Legacy/superseded,v3.1,openLCA EN15804 add-on,https://nexus.openlca.org/ws/dataproviders/8251,Last public version and superseded status verified,2026-08-25,Coverage row only. Exact first-release and intermediate-version dates remain a documented public-evidence gap.
RLS-0124,LCA-DB-0044,DeforestationFootprint.earth dataset and dashboard,Database / dataset,Dataset/dashboard release,Public first version not yet confirmed,v2.1,2026-03-11,Current release,None recorded in verified milestone set,None recorded after evidence cut-off,https://deforestationfootprint.earth/about,Verified public milestone; official/provider or formal project source,2026-08-22,Milestone history: intervening minor releases may exist unless the official source enumerates every release.
RLS-0125,LCA-DB-0045,FOODTURE European Food LCI Database,Database / dataset,Development milestone,2025 project start; no database release yet,Horizon Europe development period,2025–2028,Under development,None recorded in verified milestone set,None recorded after evidence cut-off,https://foodture-project.eu/work-packages/ | https://foodture-project.eu/about/,Verified public milestone; official/provider or formal project source,2026-08-22,No public database release was found by the evidence cut-off.
RLS-0126,LCA-DB-0046,HiQLCD,Database / dataset,Current known release snapshot,Not publicly confirmed,Live platform; public release identifier not confirmed,Not publicly confirmed,Active,Not publicly confirmed,Not publicly confirmed,https://www.hiq.earth/ | https://www.hiqlcd.com/about,Current snapshot retained; a public milestone history was not found in this review pass,2026-08-22,Coverage row only. Exact first-release and intermediate-version dates remain a documented public-evidence gap.
RLS-0127,LCA-DB-0047,Minviro Battery Materials Database,Database / dataset,Current known release snapshot,Not publicly confirmed,Current integrated database; release identifier not public,Not publicly confirmed,Active,Not publicly confirmed,Not publicly confirmed,https://www.minviro.com/xycle | https://www.minviro.com/contact,Current snapshot retained; a public milestone history was not found in this review pass,2026-08-22,Coverage row only. Exact first-release and intermediate-version dates remain a documented public-evidence gap.
RLS-0128,LCA-DB-0048,OpenEPD Database,Database / dataset,Current known release snapshot,Not publicly confirmed,"Live database; provider reports more than 400,000 records",Not publicly confirmed,Active,Not publicly confirmed,Not publicly confirmed,https://www.openepddatabase.com/ | https://wapsustainability.com/contact/,Current snapshot retained; a public milestone history was not found in this review pass,2026-08-22,Coverage row only. Exact first-release and intermediate-version dates remain a documented public-evidence gap.
RLS-0129,LCA-DB-0049,Athena LCA Databases,Database / dataset,Current known release snapshot,Not publicly confirmed,Maintained database family; public release identifier not confirmed,Not publicly confirmed,Active,Not publicly confirmed,Not publicly confirmed,https://www.athenasmi.org/our-software-data/lca-databases/ | https://www.athenasmi.org/,Current snapshot retained; a public milestone history was not found in this review pass,2026-08-22,Coverage row only. Exact first-release and intermediate-version dates remain a documented public-evidence gap.
RLS-0130,LCA-DB-0050,European Aluminium Environmental Profile LCI datasets,Database / dataset,Current known release snapshot,Not publicly confirmed,"Environmental Profile Report 2024, issued May 2025",Not publicly confirmed,Active periodic reporting,Not publicly confirmed,Not publicly confirmed,https://european-aluminium.eu/blog/environmental-profile-reports/,Current snapshot retained; a public milestone history was not found in this review pass,2026-08-22,Coverage row only. Exact first-release and intermediate-version dates remain a documented public-evidence gap.
RLS-0131,LCA-DB-0051,JLCA Database,Database / dataset,Current known release snapshot,Not publicly confirmed,Live member database; current release identifier not public,Not publicly confirmed,Active member resource,Not publicly confirmed,Not publicly confirmed,https://www.lca-forum.org/database/,Current snapshot retained; a public milestone history was not found in this review pass,2026-08-22,Coverage row only. Exact first-release and intermediate-version dates remain a documented public-evidence gap.
RLS-0132,LCA-DB-0052,MexiLCA,Database / dataset,Current known release snapshot,Not publicly confirmed,Live platform; around 250 connected datasets stated,Not publicly confirmed,Active/emerging,Not publicly confirmed,Not publicly confirmed,https://ciclodevida.mx/,Current snapshot retained; a public milestone history was not found in this review pass,2026-08-22,Coverage row only. Exact first-release and intermediate-version dates remain a documented public-evidence gap.
RLS-0133,LCA-DB-0053,EUROFER Stainless LCI Data,Database / dataset,Current known release snapshot,Not publicly confirmed,Current request-based dataset; page updated 2026-07-06,Public page updated 2026-07-06,Active request-based distribution,Not publicly confirmed,Not publicly confirmed,https://www.eurofer.eu/issues/eurofer-stainless-and-specialty-steel/life-cycle-inventory-lci-enquiries,Current snapshot retained; a public milestone history was not found in this review pass,2026-08-22,Coverage row only. Exact first-release and intermediate-version dates remain a documented public-evidence gap.
RLS-0134,LCA-PLT-0002,HESTIA Data Platform,Platform / repository / network,Platform/data release,2025 first public release,v1.0,2025-05-01,Current open-access release,None recorded in verified milestone set,v1.2,https://www.hestia.earth/releases | https://www.hestia.earth/guide/guide-accessing-data-data-releases/,Verified public milestone; official/provider or formal project source,2026-08-22,Milestone history: intervening minor releases may exist unless the official source enumerates every release.
RLS-0135,LCA-PLT-0002,HESTIA Data Platform,Platform / repository / network,Platform/data release,2025 first public release,v1.2,2026-04-30,Latest release; priority access until 2026-10-29,v1.0,None recorded after evidence cut-off,https://www.hestia.earth/releases | https://www.hestia.earth/guide/guide-accessing-data-data-releases/,Verified public milestone; official/provider or formal project source,2026-08-22,The release page states v1.2 becomes freely available on 2026-10-29; v1.0 remains the open-access release at the evidence cut-off.
RLS-0136,LCA-PLT-0005,GBDI Open Building Data Platform,Platform / repository / network,Platform launch,2025 beta launch,Open Building Data Platform Beta,2025-02-26,Current beta/live platform,None recorded in verified milestone set,None recorded after evidence cut-off,https://www.gbdi.io/launch-webinar | https://www.gbdi.io/platform,Verified public milestone; official/provider or formal project source,2026-08-22,Milestone history: intervening minor releases may exist unless the official source enumerates every release.
RLS-0137,LCA-REP-0004,International EPD System Data Hub,Platform / repository / network,Programme/data-corpus origin,1998 programme/first EPD; digital portal 2021,First EPD in the programme,1998-01-31,Historical release,None recorded in verified milestone set,New digital EPD Portal,https://www.environdec.com/news/a-quarter-decade-since-the-first-epd | https://www.environdec.com/news/launching-the-new-website-and-epd-portal-january-13,Verified public milestone; official/provider or formal project source,2026-08-22,Milestone history: intervening minor releases may exist unless the official source enumerates every release.
RLS-0138,LCA-REP-0004,International EPD System Data Hub,Platform / repository / network,Digital repository milestone,1998 programme/first EPD; digital portal 2021,New digital EPD Portal,2021-01-13,Historical release,First EPD in the programme,Current Data Hub,https://www.environdec.com/news/a-quarter-decade-since-the-first-epd | https://www.environdec.com/news/launching-the-new-website-and-epd-portal-january-13,Verified public milestone; official/provider or formal project source,2026-08-22,Milestone history: intervening minor releases may exist unless the official source enumerates every release.
RLS-0139,LCA-REP-0004,International EPD System Data Hub,Platform / repository / network,Current public service snapshot,1998 programme/first EPD; digital portal 2021,Current Data Hub,Current at 2026-08-22,Current continuously updated service,New digital EPD Portal,None recorded after evidence cut-off,https://www.environdec.com/news/a-quarter-decade-since-the-first-epd | https://www.environdec.com/news/launching-the-new-website-and-epd-portal-january-13,Verified public milestone; official/provider or formal project source,2026-08-22,Milestone history: intervening minor releases may exist unless the official source enumerates every release.
RLS-0140,LCA-REP-0005,Textile Exchange Life Cycle Inventory Library,Platform / repository / network,Repository launch,2024,LCI Library launch,2024,Current continuously updated library,None recorded in verified milestone set,None recorded after evidence cut-off,https://textileexchange.org/app/uploads/2025/06/Textile-Exchange_Annual-Report-2024.pdf | https://textileexchange.org/lci-library/,Verified public milestone; official/provider or formal project source,2026-08-22,Milestone history: intervening minor releases may exist unless the official source enumerates every release.
RLS-0141,LCA-REP-0007,AssessCCUS,Platform / repository / network,Current public evidence snapshot,Not publicly confirmed,Live 2026 repository,Not publicly confirmed,Active,Not publicly confirmed,Not publicly confirmed,https://assessccus.globalco2initiative.org/ | https://assessccus.globalco2initiative.org/contact/,Current snapshot retained; a public milestone history was not found in this review pass,2026-08-22,Coverage row only. Exact first-release and intermediate-version dates remain a documented public-evidence gap.
RLS-0142,LCA-REP-0009,product impact,Platform / repository / network,Current public evidence snapshot,Not publicly confirmed,Live beta platform,Not publicly confirmed,Active beta,Not publicly confirmed,Not publicly confirmed,https://productimpact.info/ | https://productimpact.info/case-study/rain-jacket | https://productimpact.info/terms-of-use.pdf,Current snapshot retained; a public milestone history was not found in this review pass,2026-08-22,Coverage row only. Exact first-release and intermediate-version dates remain a documented public-evidence gap.
RLS-0143,LCA-REP-0010,EPD Australasia EPD Database,Platform / repository / network,Programme/repository launch,2014,Australasian EPD Programme launch,2014-09-02,Historical release,None recorded in verified milestone set,Current EPD database,https://epd-australasia.com/2014/09/launch-of-the-australasian-epd-programme/ | https://epd-australasia.com/epd-search/,Verified public milestone; official/provider or formal project source,2026-08-22,Milestone history: intervening minor releases may exist unless the official source enumerates every release.
RLS-0144,LCA-REP-0010,EPD Australasia EPD Database,Platform / repository / network,Current public service snapshot,2014,Current EPD database,Current at 2026-08-22,Current continuously updated service,Australasian EPD Programme launch,None recorded after evidence cut-off,https://epd-australasia.com/2014/09/launch-of-the-australasian-epd-programme/ | https://epd-australasia.com/epd-search/,Verified public milestone; official/provider or formal project source,2026-08-22,Milestone history: intervening minor releases may exist unless the official source enumerates every release.
RLS-0145,LCA-REP-0011,EPDItaly EPD Database,Platform / repository / network,Programme/repository launch,2015,EPDItaly programme launch,2015,Historical release,None recorded in verified milestone set,ECO Platform recognition,https://www.epditaly.it/en/2025/12/11/ten-years-of-epditaly-a-program-that-set-a-precedent/ | https://www.epditaly.it/,Verified public milestone; official/provider or formal project source,2026-08-22,Milestone history: intervening minor releases may exist unless the official source enumerates every release.
RLS-0146,LCA-REP-0011,EPDItaly EPD Database,Platform / repository / network,Programme milestone,2015,ECO Platform recognition,2016,Historical release,EPDItaly programme launch,Current EPD database,https://www.epditaly.it/en/2025/12/11/ten-years-of-epditaly-a-program-that-set-a-precedent/ | https://www.epditaly.it/,Verified public milestone; official/provider or formal project source,2026-08-22,Milestone history: intervening minor releases may exist unless the official source enumerates every release.
RLS-0147,LCA-REP-0011,EPDItaly EPD Database,Platform / repository / network,Current public service snapshot,2015,Current EPD database,Current at 2026-08-22,Current continuously updated service,ECO Platform recognition,None recorded after evidence cut-off,https://www.epditaly.it/en/2025/12/11/ten-years-of-epditaly-a-program-that-set-a-precedent/ | https://www.epditaly.it/,Verified public milestone; official/provider or formal project source,2026-08-22,Milestone history: intervening minor releases may exist unless the official source enumerates every release.
RLS-0148,LCA-SW-0001,SimaPro desktop edition,Software / API / tool,Software family launch,1990,SimaPro 1.0,1990,Historical release,None recorded in verified milestone set,SimaPro desktop 10.5,https://simapro.com/about-us/ | https://support.simapro.com/en/articles/504757-release-notes-simapro-desktop,"Verified public milestone; official/provider, repository or formal project source",2026-08-22,Milestone history: intervening releases may exist unless the official source enumerates every version.
RLS-0149,LCA-SW-0001,SimaPro desktop edition,Software / API / tool,Software release,1990,SimaPro desktop 10.5,2026-06-30,Current release,SimaPro 1.0,None recorded after evidence cut-off,https://simapro.com/about-us/ | https://support.simapro.com/en/articles/504757-release-notes-simapro-desktop,"Verified public milestone; official/provider, repository or formal project source",2026-08-22,Milestone history: intervening releases may exist unless the official source enumerates every version.
RLS-0150,LCA-SW-0002,Brightway,Software / API / tool,Software-generation milestone,Brightway 1 doctoral-research origin; first exact release year not confirmed,Brightway 1,Doctoral-research origin; exact public release date not confirmed,Historical release,None recorded in verified milestone set,Brightway2 / bw2data 2.0,https://docs.brightway.dev/en/latest/content/faq/brightway.html | https://docs.brightway.dev/en/legacy/content/changelog/link_to_changelog_data.html | https://docs.brightway.dev/en/latest/content/changelog/link_to_changelog_data.html,"Verified public milestone; official/provider, repository or formal project source",2026-08-22,Milestone history: intervening releases may exist unless the official source enumerates every version.
RLS-0151,LCA-SW-0002,Brightway,Software / API / tool,Major framework release,Brightway 1 doctoral-research origin; first exact release year not confirmed,Brightway2 / bw2data 2.0,2016-04-11,Historical release,Brightway 1,Brightway 2.5 development line,https://docs.brightway.dev/en/latest/content/faq/brightway.html | https://docs.brightway.dev/en/legacy/content/changelog/link_to_changelog_data.html | https://docs.brightway.dev/en/latest/content/changelog/link_to_changelog_data.html,"Verified public milestone; official/provider, repository or formal project source",2026-08-22,Milestone history: intervening releases may exist unless the official source enumerates every version.
RLS-0152,LCA-SW-0002,Brightway,Software / API / tool,Next-generation framework line,Brightway 1 doctoral-research origin; first exact release year not confirmed,Brightway 2.5 development line,2021 onward,Historical release,Brightway2 / bw2data 2.0,Brightway2 / bw2data 4.7,https://docs.brightway.dev/en/latest/content/faq/brightway.html | https://docs.brightway.dev/en/legacy/content/changelog/link_to_changelog_data.html | https://docs.brightway.dev/en/latest/content/changelog/link_to_changelog_data.html,"Verified public milestone; official/provider, repository or formal project source",2026-08-22,Milestone history: intervening releases may exist unless the official source enumerates every version.
RLS-0153,LCA-SW-0002,Brightway,Software / API / tool,Component release,Brightway 1 doctoral-research origin; first exact release year not confirmed,Brightway2 / bw2data 4.7,2026-05-13,Current modular framework snapshot,Brightway 2.5 development line,None recorded after evidence cut-off,https://docs.brightway.dev/en/latest/content/faq/brightway.html | https://docs.brightway.dev/en/legacy/content/changelog/link_to_changelog_data.html | https://docs.brightway.dev/en/latest/content/changelog/link_to_changelog_data.html,"Verified public milestone; official/provider, repository or formal project source",2026-08-22,Brightway is modular; component versions must be cited rather than implying one monolithic software version.
RLS-0154,LCA-SW-0003,openLCA,Software / API / tool,Development milestone,2006 development start,Development start,2006,Development milestone,None recorded in verified milestone set,openLCA 1.x public line,https://www.openlca.org/about/ | https://www.openlca.org/category/openlca-releases/ | https://www.openlca.org/download/,"Verified public milestone; official/provider, repository or formal project source",2026-08-22,Milestone history: intervening releases may exist unless the official source enumerates every version.
RLS-0155,LCA-SW-0003,openLCA,Software / API / tool,Major software generation,2006 development start,openLCA 1.x public line,2012–2022,Historical release,Development start,openLCA 2.0,https://www.openlca.org/about/ | https://www.openlca.org/category/openlca-releases/ | https://www.openlca.org/download/,"Verified public milestone; official/provider, repository or formal project source",2026-08-22,Milestone history: intervening releases may exist unless the official source enumerates every version.
RLS-0156,LCA-SW-0003,openLCA,Software / API / tool,Major software release,2006 development start,openLCA 2.0,2023,Historical release,openLCA 1.x public line,openLCA 2.6.2,https://www.openlca.org/about/ | https://www.openlca.org/category/openlca-releases/ | https://www.openlca.org/download/,"Verified public milestone; official/provider, repository or formal project source",2026-08-22,Milestone history: intervening releases may exist unless the official source enumerates every version.
RLS-0157,LCA-SW-0003,openLCA,Software / API / tool,Software release,2006 development start,openLCA 2.6.2,2026-06-10,Current release,openLCA 2.0,None recorded after evidence cut-off,https://www.openlca.org/about/ | https://www.openlca.org/category/openlca-releases/ | https://www.openlca.org/download/,"Verified public milestone; official/provider, repository or formal project source",2026-08-22,Milestone history: intervening releases may exist unless the official source enumerates every version.
RLS-0158,LCA-SW-0004,One Click LCA,Software / API / tool,Software/platform origin,2001 company/product origin,Company/product origin,2001,Historical release,None recorded in verified milestone set,Q1 2026 product release,https://oneclicklca.com/en-us/company/about-us | https://oneclicklca.com/events/digital-event-2026-march-live-product-release,"Verified public milestone; official/provider, repository or formal project source",2026-08-22,Milestone history: intervening releases may exist unless the official source enumerates every version.
RLS-0159,LCA-SW-0004,One Click LCA,Software / API / tool,Platform product release,2001 company/product origin,Q1 2026 product release,2026-03,Current live platform line,Company/product origin,None recorded after evidence cut-off,https://oneclicklca.com/en-us/company/about-us | https://oneclicklca.com/events/digital-event-2026-march-live-product-release,"Verified public milestone; official/provider, repository or formal project source",2026-08-22,Milestone history: intervening releases may exist unless the official source enumerates every version.
RLS-0160,LCA-SW-0005,Sphera LCA for Experts,Software / API / tool,Software/data family origin,1990s GaBi lineage,GaBi software and content origin,1990s,Historical release,None recorded in verified milestone set,GaBi 10 documented application line,https://sphera.com/resources/blog/lca-automation-building-on-20-years-of-life-cycle-thinking/ | https://sphera.com/solutions/product-stewardship/life-cycle-assessment-software-and-data/,"Verified public milestone; official/provider, repository or formal project source",2026-08-22,Milestone history: intervening releases may exist unless the official source enumerates every version.
RLS-0161,LCA-SW-0005,Sphera LCA for Experts,Software / API / tool,Major software generation,1990s GaBi lineage,GaBi 10 documented application line,2020,Historical release,GaBi software and content origin,LCA for Experts,https://sphera.com/resources/blog/lca-automation-building-on-20-years-of-life-cycle-thinking/ | https://sphera.com/solutions/product-stewardship/life-cycle-assessment-software-and-data/,"Verified public milestone; official/provider, repository or formal project source",2026-08-22,Milestone history: intervening releases may exist unless the official source enumerates every version.
RLS-0162,LCA-SW-0005,Sphera LCA for Experts,Software / API / tool,Renamed/current product line,1990s GaBi lineage,LCA for Experts,Current at 2026-08-22; public version identifier not stated,Current commercial product,GaBi 10 documented application line,None recorded after evidence cut-off,https://sphera.com/resources/blog/lca-automation-building-on-20-years-of-life-cycle-thinking/ | https://sphera.com/solutions/product-stewardship/life-cycle-assessment-software-and-data/,"Verified public milestone; official/provider, repository or formal project source",2026-08-22,Milestone history: intervening releases may exist unless the official source enumerates every version.
RLS-0163,LCA-SW-0006,Lavoisier,Software / API / tool,Software/research publication,2026 documented public framework,Public framework and peer-reviewed study,2026-06-16,Current public framework snapshot,None recorded in verified milestone set,None recorded after evidence cut-off,https://github.com/JosePauloSavioli/Lavoisier | https://doi.org/10.1007/s11367-026-02691-4,"Verified public milestone; official/provider, repository or formal project source",2026-08-22,Milestone history: intervening releases may exist unless the official source enumerates every version.
RLS-0164,LCA-SW-0007,R&D GREET,Software / API / tool,Development milestone,1994 development; first release 1995,Development start,1994,Development milestone,None recorded in verified milestone set,First GREET release,https://www.energy.gov/cmei/greet,"Verified public milestone; official/provider, repository or formal project source",2026-08-22,Milestone history: intervening releases may exist unless the official source enumerates every version.
RLS-0165,LCA-SW-0007,R&D GREET,Software / API / tool,Software family launch,1994 development; first release 1995,First GREET release,1995,Historical release,Development start,R&D GREET 2025,https://www.energy.gov/cmei/greet,"Verified public milestone; official/provider, repository or formal project source",2026-08-22,Milestone history: intervening releases may exist unless the official source enumerates every version.
RLS-0166,LCA-SW-0007,R&D GREET,Software / API / tool,Annual model/software release,1994 development; first release 1995,R&D GREET 2025,2025,Current captured annual release,First GREET release,None recorded after evidence cut-off,https://www.energy.gov/cmei/greet,"Verified public milestone; official/provider, repository or formal project source",2026-08-22,DOE states that comprehensive R&D GREET releases are issued annually.
RLS-0167,LCA-SW-0008,HESTIA Calculation Models,Software / API / tool,Model-set release,2025,Models packaged with HESTIA v1.0,2025-05-01,Historical release,None recorded in verified milestone set,"1,088 models packaged with HESTIA v1.2",https://www.hestia.earth/releases,"Verified public milestone; official/provider, repository or formal project source",2026-08-22,Milestone history: intervening releases may exist unless the official source enumerates every version.
RLS-0168,LCA-SW-0008,HESTIA Calculation Models,Software / API / tool,Model-set release,2025,"1,088 models packaged with HESTIA v1.2",2026-04-30,Latest release,Models packaged with HESTIA v1.0,None recorded after evidence cut-off,https://www.hestia.earth/releases,"Verified public milestone; official/provider, repository or formal project source",2026-08-22,Milestone history: intervening releases may exist unless the official source enumerates every version.
RLS-0169,LCA-SW-0009,Ecochain LCA automation software,Software / API / tool,Current known release snapshot,Not publicly confirmed,Unified Ecochain software; Mobius and Helix retained as former/application names,Not publicly confirmed,Active with 2026 release notes,Not publicly confirmed,Not publicly confirmed,https://ecochain.com/product/ ; https://helpcenter.ecochain.com/en/articles/9221283-mobius-release-notes,Seeded from master inventory; release-history research pending,2026-08-22,A separate row is required for each historical release before this can support a complete version timeline.
RLS-0170,LCA-SW-0010,LCA as Code,Software / API / tool,Software release,Public first release year not confirmed,v1.7.12,2025-02,Current captured release,None recorded in verified milestone set,None recorded after evidence cut-off,https://lca-as-code.com/,"Verified public milestone; official/provider, repository or formal project source",2026-08-22,Milestone history: intervening releases may exist unless the official source enumerates every version.
RLS-0171,LCA-SW-0011,LCAx toolkit,Software / API / tool,First retained public release,2023,v0.1.3,2023-07-05,Historical release,None recorded in verified milestone set,v3.5.0,https://github.com/ocni-dtu/lcax/releases | https://docs.lcax.org/,"Verified public milestone; official/provider, repository or formal project source",2026-08-22,Milestone history: intervening releases may exist unless the official source enumerates every version.
RLS-0172,LCA-SW-0011,LCAx toolkit,Software / API / tool,Software release,2023,v3.5.0,2026-07-05,Current release,v0.1.3,None recorded after evidence cut-off,https://github.com/ocni-dtu/lcax/releases | https://docs.lcax.org/,"Verified public milestone; official/provider, repository or formal project source",2026-08-22,Milestone history: intervening releases may exist unless the official source enumerates every version.
RLS-0173,LCA-SW-0012,LCIA Formatter,Software / API / tool,First public release,2019,v0.1-alpha,2019-10-03,Historical release,None recorded in verified milestone set,v1.2.0,https://github.com/FLCAC-admin/LCIAformatter/releases,"Verified public milestone; official/provider, repository or formal project source",2026-08-22,Milestone history: intervening releases may exist unless the official source enumerates every version.
RLS-0174,LCA-SW-0012,LCIA Formatter,Software / API / tool,Software release,2019,v1.2.0,2025-04-30,Current release,v0.1-alpha,None recorded after evidence cut-off,https://github.com/FLCAC-admin/LCIAformatter/releases,"Verified public milestone; official/provider, repository or formal project source",2026-08-22,Milestone history: intervening releases may exist unless the official source enumerates every version.
RLS-0175,LCA-SW-0013,soda4LCA,Software / API / tool,Software/service release,Public first release year not confirmed,7.28.0,Current at 2026-08-22; exact release date not captured,Current observed deployment,None recorded in verified milestone set,None recorded after evidence cut-off,https://soda4lca.io/ | https://bitbucket.org/okusche/soda4lca/,"Verified public milestone; official/provider, repository or formal project source",2026-08-22,Milestone history: intervening releases may exist unless the official source enumerates every version.
RLS-0176,LCA-SW-0014,premise,Software / API / tool,Earliest milestone captured in current review,At least 2023 in retained public release page,v1.5.9,2023-07-29,Historical release,None recorded in verified milestone set,v2.4.9.2,https://github.com/polca/premise/releases,"Verified public milestone; official/provider, repository or formal project source",2026-08-22,Milestone history: intervening releases may exist unless the official source enumerates every version.
RLS-0177,LCA-SW-0014,premise,Software / API / tool,Software release,At least 2023 in retained public release page,v2.4.9.2,2026-08-21,Current release,v1.5.9,None recorded after evidence cut-off,https://github.com/polca/premise/releases,"Verified public milestone; official/provider, repository or formal project source",2026-08-22,Milestone history: intervening releases may exist unless the official source enumerates every version.
RLS-0178,LCA-SW-0015,2050 Materials Sustainability Data API,Software / API / tool,Current known release snapshot,Not publicly confirmed,Live API,Not publicly confirmed,Active,Not publicly confirmed,Not publicly confirmed,https://2050-materials.com/sustainability-data-api/,Seeded from master inventory; release-history research pending,2026-08-22,A separate row is required for each historical release before this can support a complete version timeline.
RLS-0179,LCA-SW-0016,Climatiq Carbon Intelligence Platform,Software / API / tool,Current known release snapshot,Not publicly confirmed,Live platform and API,Not publicly confirmed,Active,Not publicly confirmed,Not publicly confirmed,https://www.climatiq.io/,Seeded from master inventory; release-history research pending,2026-08-22,A separate row is required for each historical release before this can support a complete version timeline.
RLS-0180,LCA-SW-0017,Higg Index,Software / API / tool,Current known release snapshot,Not publicly confirmed,Current Higg suite,Not publicly confirmed,Active; launched in 2011,Not publicly confirmed,Not publicly confirmed,https://cascale.org/tools-programs/higg-index-tools/,Seeded from master inventory; release-history research pending,2026-08-22,A separate row is required for each historical release before this can support a complete version timeline.
RLS-0181,LCA-SW-0018,Makersite,Software / API / tool,Current known release snapshot,Not publicly confirmed,Live SaaS,Not publicly confirmed,Active,Not publicly confirmed,Not publicly confirmed,https://makersite.io/,Seeded from master inventory; release-history research pending,2026-08-22,A separate row is required for each historical release before this can support a complete version timeline.
RLS-0182,LCA-SW-0019,EOS — Environmental Operating System,Software / API / tool,Current known release snapshot,Not publicly confirmed,Live platform with public changelog,Not publicly confirmed,Active,Not publicly confirmed,Not publicly confirmed,https://eaternity.org/,Seeded from master inventory; release-history research pending,2026-08-22,A separate row is required for each historical release before this can support a complete version timeline.
RLS-0183,LCA-SW-0020,Matter PD,Software / API / tool,Current known release snapshot,Not publicly confirmed,Live cloud application,Not publicly confirmed,Active,Not publicly confirmed,Not publicly confirmed,https://earthshiftglobal.com/matter-pd/,Seeded from master inventory; release-history research pending,2026-08-22,A separate row is required for each historical release before this can support a complete version timeline.
RLS-0184,LCA-SW-0021,PackageSmart,Software / API / tool,Current known release snapshot,Not publicly confirmed,Live cloud application,Not publicly confirmed,Active,Not publicly confirmed,Not publicly confirmed,https://earthshiftglobal.com/packagesmart,Seeded from master inventory; release-history research pending,2026-08-22,A separate row is required for each historical release before this can support a complete version timeline.
RLS-0185,LCA-SW-0022,PIQET,Software / API / tool,Current known release snapshot,Not publicly confirmed,Live cloud service,Not publicly confirmed,Active,Not publicly confirmed,Not publicly confirmed,https://piqet.com/,Seeded from master inventory; release-history research pending,2026-08-22,A separate row is required for each historical release before this can support a complete version timeline.
RLS-0186,LCA-SW-0023,Real-Time LCA,Software / API / tool,Current known release snapshot,Not publicly confirmed,Live platform,Not publicly confirmed,Active,Not publicly confirmed,Not publicly confirmed,https://docs.realtimelca.com/,Seeded from master inventory; release-history research pending,2026-08-22,A separate row is required for each historical release before this can support a complete version timeline.
RLS-0187,LCA-SW-0024,VoLCA,Software / API / tool,Current known release snapshot,Not publicly confirmed,Current web/desktop/open-source release family,Not publicly confirmed,Active,Not publicly confirmed,Not publicly confirmed,https://www.volca.run/,Seeded from master inventory; release-history research pending,2026-08-22,A separate row is required for each historical release before this can support a complete version timeline.
RLS-0188,LCA-SW-0025,Capillar Sustainable Cloud,Software / API / tool,Current known release snapshot,Not publicly confirmed,Live cloud platform,Not publicly confirmed,Active,Not publicly confirmed,Not publicly confirmed,https://www.lcapillar.com/,Seeded from master inventory; release-history research pending,2026-08-22,A separate row is required for each historical release before this can support a complete version timeline.
RLS-0189,LCA-SW-0026,EcoSemantic,Software / API / tool,Current known release snapshot,Not publicly confirmed,Live service; public documentation ©2025,Not publicly confirmed,Active,Not publicly confirmed,Not publicly confirmed,https://docs.ecosemantic.com/,Seeded from master inventory; release-history research pending,2026-08-22,A separate row is required for each historical release before this can support a complete version timeline.
RLS-0190,LCA-SW-0027,LCA CARE Tool,Software / API / tool,Software/tool launch,2025,Public tool launch,2025,Current public tool,None recorded in verified milestone set,None recorded after evidence cut-off,https://lca-care.eu/lca-care-tool/,"Verified public milestone; official/provider, repository or formal project source",2026-08-22,Milestone history: intervening releases may exist unless the official source enumerates every version.
RLS-0191,LCA-SW-0028,Brightway Firefly,Software / API / tool,Current known release snapshot,Not publicly confirmed,0.7.93 displayed publicly,Not publicly confirmed,Active,Not publicly confirmed,Not publicly confirmed,https://brightway.eaternity.ch/,Seeded from master inventory; release-history research pending,2026-08-22,A separate row is required for each historical release before this can support a complete version timeline.
RLS-0192,LCA-SW-0029,Agent Net Zero,Software / API / tool,Development/pre-release milestone,2025–2026 public alpha/beta,Public alpha/beta,2025–2026,Public alpha/beta,None recorded in verified milestone set,None recorded after evidence cut-off,https://sheffield.ac.uk/mps/news/agent-net-zero-manchester-prize-finalist | https://www.imperial.ac.uk/events/201345/agent-net-zero-lca-powered-by-ai/,"Verified public milestone; official/provider, repository or formal project source",2026-08-22,Milestone history: intervening releases may exist unless the official source enumerates every version.
RLS-0193,LCA-SW-0030,DECiDE,Software / API / tool,Development milestone,2010 development start,Development start,2010,Development milestone,None recorded in verified milestone set,Current web application,https://www.decide.cra.wallonie.be/fr/about,"Verified public milestone; official/provider, repository or formal project source",2026-08-22,Milestone history: intervening releases may exist unless the official source enumerates every version.
RLS-0194,LCA-SW-0030,DECiDE,Software / API / tool,Current public service snapshot,2010 development start,Current web application,Current at 2026-08-22,Current service,Development start,None recorded after evidence cut-off,https://www.decide.cra.wallonie.be/fr/about,"Verified public milestone; official/provider, repository or formal project source",2026-08-22,Milestone history: intervening releases may exist unless the official source enumerates every version.
RLS-0195,LCA-SW-0031,ESTIMATe,Software / API / tool,Current known release snapshot,Not publicly confirmed,Public Zenodo release; exact current version requires capture,Not publicly confirmed,Available,Not publicly confirmed,Not publicly confirmed,https://assessccus.globalco2initiative.org/lca/templates-and-videos/,Seeded from master inventory; release-history research pending,2026-08-22,A separate row is required for each historical release before this can support a complete version timeline.
RLS-0196,LCA-SW-0032,Green Gold Label GHG Tool,Software / API / tool,Current known release snapshot,Not publicly confirmed,Latest version supplied by GGL,Not publicly confirmed,Active,Not publicly confirmed,Not publicly confirmed,https://greengoldlabel.com/ghg-tool,Seeded from master inventory; release-history research pending,2026-08-22,A separate row is required for each historical release before this can support a complete version timeline.
RLS-0197,LCA-SW-0033,MApper,Software / API / tool,Current known release snapshot,Not publicly confirmed,In development; public page states estimated Q3 2026,Not publicly confirmed,Pre-release/in development,Not publicly confirmed,Not publicly confirmed,https://www.leonardoferhati.com/,Seeded from master inventory; release-history research pending,2026-08-22,A separate row is required for each historical release before this can support a complete version timeline.
RLS-0198,LCA-SW-0034,MATILDA,Software / API / tool,Software/data release,2026,2026 public release/publication line,2026,Current public release,None recorded in verified milestone set,None recorded after evidence cut-off,https://matilda.food/,"Verified public milestone; official/provider, repository or formal project source",2026-08-22,Milestone history: intervening releases may exist unless the official source enumerates every version.
RLS-0199,LCA-SW-0035,XYCLE,Software / API / tool,Current known release snapshot,Not publicly confirmed,Live cloud platform,Not publicly confirmed,Active,Not publicly confirmed,Not publicly confirmed,https://www.minviro.com/xycle,Seeded from master inventory; release-history research pending,2026-08-22,A separate row is required for each historical release before this can support a complete version timeline.
RLS-0200,LCA-SW-0036,Theta LCA Software,Software / API / tool,Software launch,2025,Theta launch,2025-10,Current product,None recorded in verified milestone set,None recorded after evidence cut-off,https://wapsustainability.com/2025/10/13/wap-sustainability-launches-omnichannel-lca-amp-epd-platform-built-on-openepd/,"Verified public milestone; official/provider, repository or formal project source",2026-08-22,Milestone history: intervening releases may exist unless the official source enumerates every version.
RLS-0201,LCA-SW-0037,epd.world,Software / API / tool,Platform launch,2025,epd.world launch,2025-10,Current product,None recorded in verified milestone set,None recorded after evidence cut-off,https://wapsustainability.com/2025/10/13/wap-sustainability-launches-omnichannel-lca-amp-epd-platform-built-on-openepd/,"Verified public milestone; official/provider, repository or formal project source",2026-08-22,Milestone history: intervening releases may exist unless the official source enumerates every version.
RLS-0202,LCA-SW-0038,Umberto,Software / API / tool,Software family launch,1994,First Umberto version,1994,Historical release,None recorded in verified milestone set,Current commercial release,https://go.ipoint-systems.com/blog/twenty-years-in-the-making-a-review-the-20th-umberto-user-workshop,"Verified public milestone; official/provider, repository or formal project source",2026-08-22,Milestone history: intervening releases may exist unless the official source enumerates every version.
RLS-0203,LCA-SW-0038,Umberto,Software / API / tool,Current product snapshot,1994,Current commercial release,Current at 2026-08-22; version identifier not public,Current commercial product,First Umberto version,None recorded after evidence cut-off,https://go.ipoint-systems.com/blog/twenty-years-in-the-making-a-review-the-20th-umberto-user-workshop,"Verified public milestone; official/provider, repository or formal project source",2026-08-22,Milestone history: intervening releases may exist unless the official source enumerates every version.
RLS-0204,LCA-SW-0039,Athena Building LCA,Software / API / tool,Current known release snapshot,Not publicly confirmed,Beta testing,Not publicly confirmed,Active beta,Not publicly confirmed,Not publicly confirmed,https://www.athenasmi.org/our-software-data/athena-building-lca/,Seeded from master inventory; release-history research pending,2026-08-22,A separate row is required for each historical release before this can support a complete version timeline.
RLS-0205,LCA-SW-0040,Athena Impact Estimator for Buildings,Software / API / tool,Software family launch,2002,First release,2002,Historical release,None recorded in verified milestone set,Maintained current release family,https://www.athenasmi.org/our-software-data/impact-estimator/,"Verified public milestone; official/provider, repository or formal project source",2026-08-22,Milestone history: intervening releases may exist unless the official source enumerates every version.
RLS-0206,LCA-SW-0040,Athena Impact Estimator for Buildings,Software / API / tool,Current public software snapshot,2002,Maintained current release family,Current at 2026-08-22; version identifier not captured,Current release family,First release,None recorded after evidence cut-off,https://www.athenasmi.org/our-software-data/impact-estimator/,"Verified public milestone; official/provider, repository or formal project source",2026-08-22,Milestone history: intervening releases may exist unless the official source enumerates every version.
RLS-0207,LCA-SW-0041,Athena Pavement LCA,Software / API / tool,Current known release snapshot,Not publicly confirmed,Current public release; identifier not captured,Not publicly confirmed,Active/publicly distributed,Not publicly confirmed,Not publicly confirmed,https://www.athenasmi.org/our-software-data/pavement-lca/,Seeded from master inventory; release-history research pending,2026-08-22,A separate row is required for each historical release before this can support a complete version timeline.
RLS-0208,LCA-SW-0042,Automotive Life-Cycle Assessment Model,Software / API / tool,Software/model release,2019 documented model update,Updated automotive LCA model,2019,Current captured model release,None recorded in verified milestone set,None recorded after evidence cut-off,https://european-aluminium.eu/wp-content/uploads/2022/10/lma_jun_2019_p010_updated-automotive-lifecycle-assessment-model-launched-reprint-1.pdf,"Verified public milestone; official/provider, repository or formal project source",2026-08-22,Milestone history: intervening releases may exist unless the official source enumerates every version.
RLS-0209,LCA-FMT-0001,ecoSpold2,Data schema / exchange format,Schema generation launch,2013,ecoSpold2 introduced with ecoinvent v3,2013-05,Current schema family,None recorded in verified milestone set,None recorded after evidence cut-off,https://support.ecoinvent.org/ecospold2 | https://support.ecoinvent.org/changes-ecospold1-to-ecospold2,"Verified public milestone; official/provider, repository or formal project source",2026-08-22,The public support page supplies XSD and documentation but does not expose a simple numbered schema-release archive.
RLS-0210,LCA-FMT-0002,International Reference Life Cycle Data System data format,Data schema / exchange format,Schema/handbook publication,2010 first ILCD handbook/reference-format line,ILCD format/handbook v1.0 line,2010,Historical release,None recorded in verified milestone set,ILCD Format 1.1,https://eplca.jrc.ec.europa.eu/uploads/MANPROJ-PR-ILCD-Handbook-Nomenclature-and-other-conventions-first-edition-ISBN-fin-v1.0-E.pdf | https://eplca.jrc.ec.europa.eu/LCDN/downloads/ILCD_Format_1.1_Documentation/ILCD_ProcessDataSet.html,"Verified public milestone; official/provider, repository or formal project source",2026-08-22,Milestone history: intervening releases may exist unless the official source enumerates every version.
RLS-0211,LCA-FMT-0002,International Reference Life Cycle Data System data format,Data schema / exchange format,Schema release,2010 first ILCD handbook/reference-format line,ILCD Format 1.1,2011,Current retained schema family,ILCD format/handbook v1.0 line,None recorded after evidence cut-off,https://eplca.jrc.ec.europa.eu/uploads/MANPROJ-PR-ILCD-Handbook-Nomenclature-and-other-conventions-first-edition-ISBN-fin-v1.0-E.pdf | https://eplca.jrc.ec.europa.eu/LCDN/downloads/ILCD_Format_1.1_Documentation/ILCD_ProcessDataSet.html,"Verified public milestone; official/provider, repository or formal project source",2026-08-22,Milestone history: intervening releases may exist unless the official source enumerates every version.
RLS-0212,LCA-FMT-0003,ILCD+EPD data format,Data schema / exchange format,Profile/validation milestone,2016 public technical-validation line,Public technical-validation/profile line,2016-12-21,Historical release,None recorded in verified milestone set,ILCD+EPD v1.2 MR7,https://www.oekobaudat.de/en/service/downloads.html,"Verified public milestone; official/provider, repository or formal project source",2026-08-22,Milestone history: intervening releases may exist unless the official source enumerates every version.
RLS-0213,LCA-FMT-0003,ILCD+EPD data format,Data schema / exchange format,Developer-documentation revision,2016 public technical-validation line,ILCD+EPD v1.2 MR7,2023-12-19,Historical release,Public technical-validation/profile line,ÖKOBAUDAT profile v3.8.0 on ILCD+EPD v1.2,https://www.oekobaudat.de/en/service/downloads.html,"Verified public milestone; official/provider, repository or formal project source",2026-08-22,Milestone history: intervening releases may exist unless the official source enumerates every version.
RLS-0214,LCA-FMT-0003,ILCD+EPD data format,Data schema / exchange format,Application profile release,2016 public technical-validation line,ÖKOBAUDAT profile v3.8.0 on ILCD+EPD v1.2,2026-04-17,Current profile,ILCD+EPD v1.2 MR7,None recorded after evidence cut-off,https://www.oekobaudat.de/en/service/downloads.html,"Verified public milestone; official/provider, repository or formal project source",2026-08-22,Schema version and application-profile version are separate version lines and must not be conflated.
RLS-0215,LCA-FMT-0004,openLCA schema,Data schema / exchange format,Current repository snapshot,Public repository history exists; first tagged schema release not published,Repository-managed openLCA schema,Current at 2026-08-22,Current schema repository,None recorded in verified milestone set,None recorded after evidence cut-off,https://github.com/GreenDelta/olca-schema | https://github.com/GreenDelta/olca-schema/blob/master/intro.md,"Verified public milestone; official/provider, repository or formal project source",2026-08-22,Milestone history: intervening releases may exist unless the official source enumerates every version.
RLS-0216,LCA-FMT-0005,HESTIA Data Standard,Data schema / exchange format,Schema/platform release,2025,Data standard packaged with HESTIA v1.0,2025-05-01,Historical release,None recorded in verified milestone set,Data standard packaged with HESTIA v1.2,https://www.hestia.earth/releases | https://www.hestia.earth/guide/guide-data-standard,"Verified public milestone; official/provider, repository or formal project source",2026-08-22,Milestone history: intervening releases may exist unless the official source enumerates every version.
RLS-0217,LCA-FMT-0005,HESTIA Data Standard,Data schema / exchange format,Schema/platform release,2025,Data standard packaged with HESTIA v1.2,2026-04-30,Latest release,Data standard packaged with HESTIA v1.0,None recorded after evidence cut-off,https://www.hestia.earth/releases | https://www.hestia.earth/guide/guide-data-standard,"Verified public milestone; official/provider, repository or formal project source",2026-08-22,Milestone history: intervening releases may exist unless the official source enumerates every version.
RLS-0218,LCA-FMT-0006,EcoSpold 1,Data schema / exchange format,Legacy schema generation,Used by ecoinvent v1/v2; public exact first schema date not confirmed,ecoSpold1 production line,ecoinvent v1/v2 period,Historical release,None recorded in verified milestone set,Replaced by ecoSpold2,https://support.ecoinvent.org/changes-ecospold1-to-ecospold2,"Verified public milestone; official/provider, repository or formal project source",2026-08-22,Milestone history: intervening releases may exist unless the official source enumerates every version.
RLS-0219,LCA-FMT-0006,EcoSpold 1,Data schema / exchange format,Retirement/supersession milestone,Used by ecoinvent v1/v2; public exact first schema date not confirmed,Replaced by ecoSpold2,2013-05,Legacy/superseded,ecoSpold1 production line,None recorded after evidence cut-off,https://support.ecoinvent.org/changes-ecospold1-to-ecospold2,"Verified public milestone; official/provider, repository or formal project source",2026-08-22,Milestone history: intervening releases may exist unless the official source enumerates every version.
RLS-0220,LCA-FMT-0007,openEPD Interchange Format,Data schema / exchange format,Specification-publication milestone,Public documentation at least 2022,Public format documentation,2022,Historical release,None recorded in verified milestone set,openEPD library 5.0.0 / API 165.0.0,https://docs.open-epd-forum.org/en/open-epd-format/ | https://docs.open-epd-forum.org/en/releases/api-releases/,"Verified public milestone; official/provider, repository or formal project source",2026-08-22,Milestone history: intervening releases may exist unless the official source enumerates every version.
RLS-0221,LCA-FMT-0007,openEPD Interchange Format,Data schema / exchange format,Reference implementation/API release,Public documentation at least 2022,openEPD library 5.0.0 / API 165.0.0,2024-09-09,Current captured versioned implementation,Public format documentation,None recorded after evidence cut-off,https://docs.open-epd-forum.org/en/open-epd-format/ | https://docs.open-epd-forum.org/en/releases/api-releases/,"Verified public milestone; official/provider, repository or formal project source",2026-08-22,"The format, material extensions, library and API have different version lines."
RLS-0222,LCA-FMT-0008,PACT Technical Specifications for PCF Data Exchange,Data schema / exchange format,Technical specification release,v1.0.1 predecessor; exact date not captured,v1.0.1,Before 2023-02; exact date not captured,Historical release,None recorded in verified milestone set,v2.0.0,https://wbcsd.github.io/tr/data-exchange-protocol/latest/,"Verified public milestone; official/provider, repository or formal project source",2026-08-22,Milestone history: intervening releases may exist unless the official source enumerates every version.
RLS-0223,LCA-FMT-0008,PACT Technical Specifications for PCF Data Exchange,Data schema / exchange format,Release,v1.0.1 predecessor; exact date not captured,v2.0.0,2023-02-20,Historical release,v1.0.1,v2.0.1,https://wbcsd.github.io/tr/data-exchange-protocol/latest/,"Verified public milestone; official/provider, repository or formal project source",2026-08-22,Milestone history: intervening releases may exist unless the official source enumerates every version.
RLS-0224,LCA-FMT-0008,PACT Technical Specifications for PCF Data Exchange,Data schema / exchange format,Release,v1.0.1 predecessor; exact date not captured,v2.0.1,2023-10-26,Historical release,v2.0.0,v2.1.0,https://wbcsd.github.io/tr/data-exchange-protocol/latest/,"Verified public milestone; official/provider, repository or formal project source",2026-08-22,Milestone history: intervening releases may exist unless the official source enumerates every version.
RLS-0225,LCA-FMT-0008,PACT Technical Specifications for PCF Data Exchange,Data schema / exchange format,Release,v1.0.1 predecessor; exact date not captured,v2.1.0,2023-12-07,Historical release,v2.0.1,v2.2.0,https://wbcsd.github.io/tr/data-exchange-protocol/latest/,"Verified public milestone; official/provider, repository or formal project source",2026-08-22,Milestone history: intervening releases may exist unless the official source enumerates every version.
RLS-0226,LCA-FMT-0008,PACT Technical Specifications for PCF Data Exchange,Data schema / exchange format,Release,v1.0.1 predecessor; exact date not captured,v2.2.0,2024-04-10,Historical release,v2.1.0,v2.2.1,https://wbcsd.github.io/tr/data-exchange-protocol/latest/,"Verified public milestone; official/provider, repository or formal project source",2026-08-22,Milestone history: intervening releases may exist unless the official source enumerates every version.
RLS-0227,LCA-FMT-0008,PACT Technical Specifications for PCF Data Exchange,Data schema / exchange format,Release,v1.0.1 predecessor; exact date not captured,v2.2.1,2024-06-24,Historical release,v2.2.0,v2.3.0,https://wbcsd.github.io/tr/data-exchange-protocol/latest/,"Verified public milestone; official/provider, repository or formal project source",2026-08-22,Milestone history: intervening releases may exist unless the official source enumerates every version.
RLS-0228,LCA-FMT-0008,PACT Technical Specifications for PCF Data Exchange,Data schema / exchange format,Release,v1.0.1 predecessor; exact date not captured,v2.3.0,2024-10-24,Historical release,v2.2.1,v3.0.0,https://wbcsd.github.io/tr/data-exchange-protocol/latest/,"Verified public milestone; official/provider, repository or formal project source",2026-08-22,Milestone history: intervening releases may exist unless the official source enumerates every version.
RLS-0229,LCA-FMT-0008,PACT Technical Specifications for PCF Data Exchange,Data schema / exchange format,Release,v1.0.1 predecessor; exact date not captured,v3.0.0,2025-04-30,Historical release,v2.3.0,v3.0.1,https://wbcsd.github.io/tr/data-exchange-protocol/latest/,"Verified public milestone; official/provider, repository or formal project source",2026-08-22,Milestone history: intervening releases may exist unless the official source enumerates every version.
RLS-0230,LCA-FMT-0008,PACT Technical Specifications for PCF Data Exchange,Data schema / exchange format,Release,v1.0.1 predecessor; exact date not captured,v3.0.1,2025-06-12,Historical release,v3.0.0,v3.0.2,https://wbcsd.github.io/tr/data-exchange-protocol/latest/,"Verified public milestone; official/provider, repository or formal project source",2026-08-22,Milestone history: intervening releases may exist unless the official source enumerates every version.
RLS-0231,LCA-FMT-0008,PACT Technical Specifications for PCF Data Exchange,Data schema / exchange format,Release,v1.0.1 predecessor; exact date not captured,v3.0.2,2025-07-18,Historical release,v3.0.1,v3.0.3,https://wbcsd.github.io/tr/data-exchange-protocol/latest/,"Verified public milestone; official/provider, repository or formal project source",2026-08-22,Milestone history: intervening releases may exist unless the official source enumerates every version.
RLS-0232,LCA-FMT-0008,PACT Technical Specifications for PCF Data Exchange,Data schema / exchange format,Technical specification release,v1.0.1 predecessor; exact date not captured,v3.0.3,2025-11-18,Current stable release,v3.0.2,None recorded after evidence cut-off,https://wbcsd.github.io/tr/data-exchange-protocol/latest/,"Verified public milestone; official/provider, repository or formal project source",2026-08-22,Milestone history: intervening releases may exist unless the official source enumerates every version.
RLS-0233,LCA-FMT-0009,LCAx exchange format,Data schema / exchange format,First retained public release,2023,v0.1.3,2023-07-05,Historical release,None recorded in verified milestone set,v3.5.0,https://github.com/ocni-dtu/lcax/releases | https://github.com/ocni-dtu/lcax,"Verified public milestone; official/provider, repository or formal project source",2026-08-22,Milestone history: intervening releases may exist unless the official source enumerates every version.
RLS-0234,LCA-FMT-0009,LCAx exchange format,Data schema / exchange format,Schema/toolkit release,2023,v3.5.0,2026-07-05,Current release,v0.1.3,None recorded after evidence cut-off,https://github.com/ocni-dtu/lcax/releases | https://github.com/ocni-dtu/lcax,"Verified public milestone; official/provider, repository or formal project source",2026-08-22,Milestone history: intervening releases may exist unless the official source enumerates every version.
RLS-0235,LCA-FMT-0010,Catena-X PCF Data Model Guidance,Data schema / exchange format,Data-model standard release,At least 2024 v2.0.0,CX-0026 PCF Data Model v2.0.0,2024-03,Historical release,None recorded in verified milestone set,2026 Data Model Guidance,https://catena-x.net/fileadmin/user_upload/Standard-Bibliothek/Update_Maerz_2024/CX-0026-ProductCarbonFootprintDataModel-v2.0.0.pdf | https://catena-x.net/further-guidance-documents-for-pcf/,"Verified public milestone; official/provider, repository or formal project source",2026-08-22,Milestone history: intervening releases may exist unless the official source enumerates every version.
RLS-0236,LCA-FMT-0010,Catena-X PCF Data Model Guidance,Data schema / exchange format,Guidance/current model line,At least 2024 v2.0.0,2026 Data Model Guidance,2026-07-01,Current guidance line,CX-0026 PCF Data Model v2.0.0,None recorded after evidence cut-off,https://catena-x.net/fileadmin/user_upload/Standard-Bibliothek/Update_Maerz_2024/CX-0026-ProductCarbonFootprintDataModel-v2.0.0.pdf | https://catena-x.net/further-guidance-documents-for-pcf/,"Verified public milestone; official/provider, repository or formal project source",2026-08-22,Milestone history: intervening releases may exist unless the official source enumerates every version.
RLS-0237,LCA-FMT-0011,TfS PCF Data Model,Data schema / exchange format,Data-model launch,2024,v1.0,2024-02-21,Historical release,None recorded in verified milestone set,v3.0,https://www.tfs-initiative.com/news/tfs-releases-pcf-data-model-for-accurate-reporting-in-the-tfs-pcf-sharing-solution | https://www.tfs-initiative.com/news/tfs-launches-updated-version-v3-0-of-the-tfs-pcf-data-model-to-advance-carbon-transparency | https://www.tfs-initiative.com/news/tfs-launches-updated-pcf-data-model-v3-1-advancing-alignment-and-verification,"Verified public milestone; official/provider, repository or formal project source",2026-08-22,Milestone history: intervening releases may exist unless the official source enumerates every version.
RLS-0238,LCA-FMT-0011,TfS PCF Data Model,Data schema / exchange format,Data-model release,2024,v3.0,2025-06-19,Historical release,v1.0,v3.1,https://www.tfs-initiative.com/news/tfs-releases-pcf-data-model-for-accurate-reporting-in-the-tfs-pcf-sharing-solution | https://www.tfs-initiative.com/news/tfs-launches-updated-version-v3-0-of-the-tfs-pcf-data-model-to-advance-carbon-transparency | https://www.tfs-initiative.com/news/tfs-launches-updated-pcf-data-model-v3-1-advancing-alignment-and-verification,"Verified public milestone; official/provider, repository or formal project source",2026-08-22,Milestone history: intervening releases may exist unless the official source enumerates every version.
RLS-0239,LCA-FMT-0011,TfS PCF Data Model,Data schema / exchange format,Data-model release,2024,v3.1,2025-09-16,Current release,v3.0,None recorded after evidence cut-off,https://www.tfs-initiative.com/news/tfs-releases-pcf-data-model-for-accurate-reporting-in-the-tfs-pcf-sharing-solution | https://www.tfs-initiative.com/news/tfs-launches-updated-version-v3-0-of-the-tfs-pcf-data-model-to-advance-carbon-transparency | https://www.tfs-initiative.com/news/tfs-launches-updated-pcf-data-model-v3-1-advancing-alignment-and-verification,"Verified public milestone; official/provider, repository or formal project source",2026-08-22,Milestone history: intervening releases may exist unless the official source enumerates every version.
RLS-0240,LCA-FMT-0012,IDTA Carbon Footprint Submodel Template,Data schema / exchange format,Submodel-template release,Published by 2025-03,1.0.1,Published by 2025-03,Current published release,None recorded in verified milestone set,None recorded after evidence cut-off,https://github.com/admin-shell-io/submodel-templates | https://industrialdigitaltwin.org/en/wp-content/uploads/sites/2/2025/03/IDTA-02023_Submodel_CarbonFootprint.pdf,"Verified public milestone; official/provider, repository or formal project source",2026-08-22,Milestone history: intervening releases may exist unless the official source enumerates every version.
RLS-0241,LCA-FMT-0013,open Building Data Format,Data schema / exchange format,Format launch,2025,openBDF beta/public launch,2025-02-26,Historical release,None recorded in verified milestone set,New version under development,https://www.gbdi.io/launch-webinar | https://www.gbdi.io/open-data-format,"Verified public milestone; official/provider, repository or formal project source",2026-08-22,Milestone history: intervening releases may exist unless the official source enumerates every version.
RLS-0242,LCA-FMT-0013,open Building Data Format,Data schema / exchange format,Development milestone,2025,New version under development,Current at 2026-08-22,Under development,openBDF beta/public launch,None recorded after evidence cut-off,https://www.gbdi.io/launch-webinar | https://www.gbdi.io/open-data-format,"Verified public milestone; official/provider, repository or formal project source",2026-08-22,Milestone history: intervening releases may exist unless the official source enumerates every version.
RLS-0243,LCA-SW-0043,TIDAS Tools,Software / API / tool,Public software release,2025 repository creation; first numbered public release in 2026,v0.1.3,2026-08-01,Historical public release,v0.1.2,v0.1.4,https://github.com/tiangong-lca/tidas-tools/releases/tag/v0.1.3,Verified immutable public GitHub release,2026-08-25,"This is a TIDAS Tools software release, not a separately versioned TIDAS schema release."
RLS-0244,LCA-DB-0054,SICV Brasil,Database / dataset,Database family launch,2016,Database launch,2016,Historical release/milestone,None recorded in verified milestone set,soda4LCA 7.5.6 and 218 inventories,https://www.gov.br/ibict/pt-br/central-de-conteudos/noticias/2025/dezembro/cotea-ibict-apresenta-retrospectiva-2025-com-avancos-na-gestao-da-informacao-para-sustentabilidade-e-economia-circular | https://www.gov.br/ibict/pt-br/central-de-conteudos/noticias/2023/maio/sicv-brasil-amplia-sua-base-de-inventarios-do-ciclo-de-vida | https://helpdesk.lifecycleinitiative.org/distribution/data-formats/,"Verified public milestone; official/provider, government or authoritative programme source",2026-08-22,Milestone history: intervening releases may exist unless the official source enumerates every release.
RLS-0245,LCA-DB-0054,SICV Brasil,Database / dataset,Platform/content milestone,2016,soda4LCA 7.5.6 and 218 inventories,2023,Historical release/milestone,Database launch,Modernized public database; 200+ inventories,https://www.gov.br/ibict/pt-br/central-de-conteudos/noticias/2025/dezembro/cotea-ibict-apresenta-retrospectiva-2025-com-avancos-na-gestao-da-informacao-para-sustentabilidade-e-economia-circular | https://www.gov.br/ibict/pt-br/central-de-conteudos/noticias/2023/maio/sicv-brasil-amplia-sua-base-de-inventarios-do-ciclo-de-vida | https://helpdesk.lifecycleinitiative.org/distribution/data-formats/,"Verified public milestone; official/provider, government or authoritative programme source",2026-08-22,Milestone history: intervening releases may exist unless the official source enumerates every release.
RLS-0246,LCA-DB-0054,SICV Brasil,Database / dataset,Current public milestone,2016,Modernized public database; 200+ inventories,2025,Current captured release/service line,soda4LCA 7.5.6 and 218 inventories,None recorded after evidence cut-off,https://www.gov.br/ibict/pt-br/central-de-conteudos/noticias/2025/dezembro/cotea-ibict-apresenta-retrospectiva-2025-com-avancos-na-gestao-da-informacao-para-sustentabilidade-e-economia-circular | https://www.gov.br/ibict/pt-br/central-de-conteudos/noticias/2023/maio/sicv-brasil-amplia-sua-base-de-inventarios-do-ciclo-de-vida | https://helpdesk.lifecycleinitiative.org/distribution/data-formats/,"Verified public milestone; official/provider, government or authoritative programme source",2026-08-22,Milestone history: intervening releases may exist unless the official source enumerates every release.
RLS-0247,LCA-DB-0055,Chinese Life Cycle Database,Database / dataset,Development milestone,2010,UNEP/SETAC award milestone,2009,Historical release/milestone,None recorded in verified milestone set,First public release,https://www.ike-global.com/ | https://v2.efootprint.net/,"Verified public milestone; official/provider, government or authoritative programme source",2026-08-22,Milestone history: intervening releases may exist unless the official source enumerates every release.
RLS-0248,LCA-DB-0055,Chinese Life Cycle Database,Database / dataset,Database family launch,2010,First public release,2010,Historical release/milestone,UNEP/SETAC award milestone,Current CLCD/eFootprint service line,https://www.ike-global.com/ | https://v2.efootprint.net/,"Verified public milestone; official/provider, government or authoritative programme source",2026-08-22,Milestone history: intervening releases may exist unless the official source enumerates every release.
RLS-0249,LCA-DB-0055,Chinese Life Cycle Database,Database / dataset,Current public service snapshot,2010,Current CLCD/eFootprint service line,Current at 2026-08-22,Current captured release/service line,First public release,None recorded after evidence cut-off,https://www.ike-global.com/ | https://v2.efootprint.net/,"Verified public milestone; official/provider, government or authoritative programme source",2026-08-22,Milestone history: intervening releases may exist unless the official source enumerates every release.
RLS-0250,LCA-DB-0056,Korea National Life Cycle Inventory Database,Database / dataset,Current public service snapshot,Not publicly confirmed,Current integrated national LCI database,Current at 2026-08-22,Current captured release/service line,None recorded in verified milestone set,None recorded after evidence cut-off,https://www.keiti.re.kr/site/keiti/02/10202100000002023101610.jsp,"Verified public milestone; official/provider, government or authoritative programme source",2026-08-22,Milestone history: intervening releases may exist unless the official source enumerates every release.
RLS-0251,LCA-DB-0057,Thai National Life Cycle Inventory Database,Database / dataset,Database family launch,2008,Public access established,2008,Historical release/milestone,None recorded in verified milestone set,Current national database service,https://www.nstda.or.th/en/news/news-years-2019/mtec-nstda-and-pollution-control-department-to-promote-green-public-procurement.html | https://www.nstda.or.th/home/knowledge_post/nstda-tiis/ | https://helpdesk.lifecycleinitiative.org/distribution/data-formats/,"Verified public milestone; official/provider, government or authoritative programme source",2026-08-22,Milestone history: intervening releases may exist unless the official source enumerates every release.
RLS-0252,LCA-DB-0057,Thai National Life Cycle Inventory Database,Database / dataset,Current public service snapshot,2008,Current national database service,Current at 2026-08-22,Current captured release/service line,Public access established,None recorded after evidence cut-off,https://www.nstda.or.th/en/news/news-years-2019/mtec-nstda-and-pollution-control-department-to-promote-green-public-procurement.html | https://www.nstda.or.th/home/knowledge_post/nstda-tiis/ | https://helpdesk.lifecycleinitiative.org/distribution/data-formats/,"Verified public milestone; official/provider, government or authoritative programme source",2026-08-22,Milestone history: intervening releases may exist unless the official source enumerates every release.
RLS-0253,LCA-DB-0058,Malaysia Life Cycle Inventory Database,Database / dataset,Development milestone,2015,National development mandate,2006–2010,Historical release/milestone,None recorded in verified milestone set,MYLCID launch,https://mylcid.sirim.my/ | https://www.mosti.gov.my/berita/pengkalan-data-inventori-kitaran-hayat-kebangsaan-my-lcid-dibangunkan-bagi-menilai-kesan-kitaran-hayat-produk-dan-perkhidmatan/ | https://helpdesk.lifecycleinitiative.org/distribution/data-formats/,"Verified public milestone; official/provider, government or authoritative programme source",2026-08-22,Milestone history: intervening releases may exist unless the official source enumerates every release.
RLS-0254,LCA-DB-0058,Malaysia Life Cycle Inventory Database,Database / dataset,Database family launch,2015,MYLCID launch,2015-03-10,Historical release/milestone,National development mandate,Current MYLCID web service,https://mylcid.sirim.my/ | https://www.mosti.gov.my/berita/pengkalan-data-inventori-kitaran-hayat-kebangsaan-my-lcid-dibangunkan-bagi-menilai-kesan-kitaran-hayat-produk-dan-perkhidmatan/ | https://helpdesk.lifecycleinitiative.org/distribution/data-formats/,"Verified public milestone; official/provider, government or authoritative programme source",2026-08-22,Milestone history: intervening releases may exist unless the official source enumerates every release.
RLS-0255,LCA-DB-0058,Malaysia Life Cycle Inventory Database,Database / dataset,Current public service snapshot,2015,Current MYLCID web service,Current at 2026-08-22,Current captured release/service line,MYLCID launch,None recorded after evidence cut-off,https://mylcid.sirim.my/ | https://www.mosti.gov.my/berita/pengkalan-data-inventori-kitaran-hayat-kebangsaan-my-lcid-dibangunkan-bagi-menilai-kesan-kitaran-hayat-produk-dan-perkhidmatan/ | https://helpdesk.lifecycleinitiative.org/distribution/data-formats/,"Verified public milestone; official/provider, government or authoritative programme source",2026-08-22,Milestone history: intervening releases may exist unless the official source enumerates every release.
RLS-0256,LCA-DB-0059,PeruLCA,Database / dataset,Database family launch,2019,PeruLCA official launch,2019-05-23,Current captured release/service line,None recorded in verified milestone set,None recorded after evidence cut-off,https://www.lifecycleinitiative.org/peru-lca-database-launched/ | https://perulca.com/ | https://helpdesk.lifecycleinitiative.org/distribution/data-formats/,"Verified public milestone; official/provider, government or authoritative programme source",2026-08-22,Milestone history: intervening releases may exist unless the official source enumerates every release.
RLS-0257,LCA-DB-0060,CicloData,Database / dataset,Policy/development milestone,2023 project award; public platform current by 2026,Chile Circular 2040 information-system mandate,2021,Historical release/milestone,None recorded in verified milestone set,CORFO public-goods project award line,https://ciclodata.cl/ | https://ciclodata.cl/historia/ | https://ciclodata.cl/terminos-de-uso/,"Verified public milestone; official/provider, government or authoritative programme source",2026-08-22,Milestone history: intervening releases may exist unless the official source enumerates every release.
RLS-0258,LCA-DB-0060,CicloData,Database / dataset,Development milestone,2023 project award; public platform current by 2026,CORFO public-goods project award line,2023,Historical release/milestone,Chile Circular 2040 information-system mandate,Live platform; 49 datasets,https://ciclodata.cl/ | https://ciclodata.cl/historia/ | https://ciclodata.cl/terminos-de-uso/,"Verified public milestone; official/provider, government or authoritative programme source",2026-08-22,Milestone history: intervening releases may exist unless the official source enumerates every release.
RLS-0259,LCA-DB-0060,CicloData,Database / dataset,Current public service snapshot,2023 project award; public platform current by 2026,Live platform; 49 datasets,Current at 2026-08-22,Current captured release/service line,CORFO public-goods project award line,None recorded after evidence cut-off,https://ciclodata.cl/ | https://ciclodata.cl/historia/ | https://ciclodata.cl/terminos-de-uso/,"Verified public milestone; official/provider, government or authoritative programme source",2026-08-22,Milestone history: intervening releases may exist unless the official source enumerates every release.
RLS-0260,LCA-DB-0061,Quebec Life Cycle Inventory Database,Database / dataset,Development milestone,2010 project; 2014 launch,Quebec LCI project start,2010,Historical release/milestone,None recorded in verified milestone set,Quebec LCI database launch,https://ciraig.org/index.php/project/quebec-life-cycle-inventory-database/ | https://www.environnement.gouv.qc.ca/infuseur/communique.asp?no=3037 | https://helpdesk.lifecycleinitiative.org/distribution/data-formats/,"Verified public milestone; official/provider, government or authoritative programme source",2026-08-22,Milestone history: intervening releases may exist unless the official source enumerates every release.
RLS-0261,LCA-DB-0061,Quebec Life Cycle Inventory Database,Database / dataset,Database family launch,2010 project; 2014 launch,Quebec LCI database launch,2014-11-24,Historical release/milestone,Quebec LCI project start,Integrated into ecoinvent releases,https://ciraig.org/index.php/project/quebec-life-cycle-inventory-database/ | https://www.environnement.gouv.qc.ca/infuseur/communique.asp?no=3037 | https://helpdesk.lifecycleinitiative.org/distribution/data-formats/,"Verified public milestone; official/provider, government or authoritative programme source",2026-08-22,Milestone history: intervening releases may exist unless the official source enumerates every release.
RLS-0262,LCA-DB-0061,Quebec Life Cycle Inventory Database,Database / dataset,Current distribution line,2010 project; 2014 launch,Integrated into ecoinvent releases,Current at 2026-08-22,Current captured release/service line,Quebec LCI database launch,None recorded after evidence cut-off,https://ciraig.org/index.php/project/quebec-life-cycle-inventory-database/ | https://www.environnement.gouv.qc.ca/infuseur/communique.asp?no=3037 | https://helpdesk.lifecycleinitiative.org/distribution/data-formats/,"Verified public milestone; official/provider, government or authoritative programme source",2026-08-22,Milestone history: intervening releases may exist unless the official source enumerates every release.
RLS-0263,LCA-DB-0062,International Aluminium Institute Life Cycle Inventory Data,Database / dataset,Dataset-family launch,1998,First IAI LCI dataset publication,1998,Historical release/milestone,None recorded in verified milestone set,2019 LCI data v3,https://international-aluminium.org/resources/2019-life-cycle-inventory-lci-data-and-environmental-metrics/,"Verified public milestone; official/provider, government or authoritative programme source",2026-08-22,Milestone history: intervening releases may exist unless the official source enumerates every release.
RLS-0264,LCA-DB-0062,International Aluminium Institute Life Cycle Inventory Data,Database / dataset,Current captured release,1998,2019 LCI data v3,2022,Current captured release/service line,First IAI LCI dataset publication,None recorded after evidence cut-off,https://international-aluminium.org/resources/2019-life-cycle-inventory-lci-data-and-environmental-metrics/,"Verified public milestone; official/provider, government or authoritative programme source",2026-08-22,Milestone history: intervening releases may exist unless the official source enumerates every release.
RLS-0265,LCA-DB-0063,Nickel Institute Life Cycle Data,Database / dataset,Dataset-family launch,2000,Initial industry data collection,2000,Historical release/milestone,None recorded in verified milestone set,2007 reference-year dataset,https://nickelinstitute.org/en/sustainability/nickel-life-cycle-management/nickel-life-cycle-data,"Verified public milestone; official/provider, government or authoritative programme source",2026-08-22,Milestone history: intervening releases may exist unless the official source enumerates every release.
RLS-0266,LCA-DB-0063,Nickel Institute Life Cycle Data,Database / dataset,Dataset update,2000,2007 reference-year dataset,2007,Historical release/milestone,Initial industry data collection,2011 reference-year dataset,https://nickelinstitute.org/en/sustainability/nickel-life-cycle-management/nickel-life-cycle-data,"Verified public milestone; official/provider, government or authoritative programme source",2026-08-22,Milestone history: intervening releases may exist unless the official source enumerates every release.
RLS-0267,LCA-DB-0063,Nickel Institute Life Cycle Data,Database / dataset,Dataset update,2000,2011 reference-year dataset,2011,Historical release/milestone,2007 reference-year dataset,2017 reference-year dataset,https://nickelinstitute.org/en/sustainability/nickel-life-cycle-management/nickel-life-cycle-data,"Verified public milestone; official/provider, government or authoritative programme source",2026-08-22,Milestone history: intervening releases may exist unless the official source enumerates every release.
RLS-0268,LCA-DB-0063,Nickel Institute Life Cycle Data,Database / dataset,Dataset update,2000,2017 reference-year dataset,2017,Historical release/milestone,2011 reference-year dataset,2021 reference-year datasets / 2024 report,https://nickelinstitute.org/en/sustainability/nickel-life-cycle-management/nickel-life-cycle-data,"Verified public milestone; official/provider, government or authoritative programme source",2026-08-22,Milestone history: intervening releases may exist unless the official source enumerates every release.
RLS-0269,LCA-DB-0063,Nickel Institute Life Cycle Data,Database / dataset,Current captured release,2000,2021 reference-year datasets / 2024 report,2024,Current captured release/service line,2017 reference-year dataset,None recorded after evidence cut-off,https://nickelinstitute.org/en/sustainability/nickel-life-cycle-management/nickel-life-cycle-data,"Verified public milestone; official/provider, government or authoritative programme source",2026-08-22,Milestone history: intervening releases may exist unless the official source enumerates every release.
RLS-0270,LCA-DB-0064,International Zinc Association Life Cycle Inventory Data,Database / dataset,Dataset-family launch,1998,First primary-zinc LCA,1998,Historical release/milestone,None recorded in verified milestone set,Global update,https://www.zinc.org/life-cycle-assessment/,"Verified public milestone; official/provider, government or authoritative programme source",2026-08-22,Milestone history: intervening releases may exist unless the official source enumerates every release.
RLS-0271,LCA-DB-0064,International Zinc Association Life Cycle Inventory Data,Database / dataset,Dataset update,1998,Global update,2007,Historical release/milestone,First primary-zinc LCA,Global update,https://www.zinc.org/life-cycle-assessment/,"Verified public milestone; official/provider, government or authoritative programme source",2026-08-22,Milestone history: intervening releases may exist unless the official source enumerates every release.
RLS-0272,LCA-DB-0064,International Zinc Association Life Cycle Inventory Data,Database / dataset,Dataset update,1998,Global update,2014,Historical release/milestone,Global update,Global update,https://www.zinc.org/life-cycle-assessment/,"Verified public milestone; official/provider, government or authoritative programme source",2026-08-22,Milestone history: intervening releases may exist unless the official source enumerates every release.
RLS-0273,LCA-DB-0064,International Zinc Association Life Cycle Inventory Data,Database / dataset,Dataset update,1998,Global update,2022,Historical release/milestone,Global update,2023 LCA update based on 2021 data,https://www.zinc.org/life-cycle-assessment/,"Verified public milestone; official/provider, government or authoritative programme source",2026-08-22,Milestone history: intervening releases may exist unless the official source enumerates every release.
RLS-0274,LCA-DB-0064,International Zinc Association Life Cycle Inventory Data,Database / dataset,Current captured release,1998,2023 LCA update based on 2021 data,2023,Current captured release/service line,Global update,None recorded after evidence cut-off,https://www.zinc.org/life-cycle-assessment/,"Verified public milestone; official/provider, government or authoritative programme source",2026-08-22,Milestone history: intervening releases may exist unless the official source enumerates every release.
RLS-0275,LCA-DB-0065,FEVE Container Glass Life Cycle Inventories,Database / dataset,Dataset-family launch,2009 study line,First retained FEVE industry study line,2009,Historical release/milestone,None recorded in verified milestone set,2012 production-data update,https://feve.org/glass-industry-positions/life-cycle-assessment/ | https://feve.org/new-life-cycle-assessment-proves-industry-success-reducing-environmental-footprint/,"Verified public milestone; official/provider, government or authoritative programme source",2026-08-22,Milestone history: intervening releases may exist unless the official source enumerates every release.
RLS-0276,LCA-DB-0065,FEVE Container Glass Life Cycle Inventories,Database / dataset,Dataset update,2009 study line,2012 production-data update,2017 publication,Historical release/milestone,First retained FEVE industry study line,2019 production-data inventories; reviewed 2024,https://feve.org/glass-industry-positions/life-cycle-assessment/ | https://feve.org/new-life-cycle-assessment-proves-industry-success-reducing-environmental-footprint/,"Verified public milestone; official/provider, government or authoritative programme source",2026-08-22,Milestone history: intervening releases may exist unless the official source enumerates every release.
RLS-0277,LCA-DB-0065,FEVE Container Glass Life Cycle Inventories,Database / dataset,Current captured release,2009 study line,2019 production-data inventories; reviewed 2024,2024,Current captured release/service line,2012 production-data update,None recorded after evidence cut-off,https://feve.org/glass-industry-positions/life-cycle-assessment/ | https://feve.org/new-life-cycle-assessment-proves-industry-success-reducing-environmental-footprint/,"Verified public milestone; official/provider, government or authoritative programme source",2026-08-22,Milestone history: intervening releases may exist unless the official source enumerates every release.
RLS-0278,LCA-DB-0066,Eurobitume Life Cycle Inventory,Database / dataset,Dataset release,2020 documented v3 line,LCI 3.0,2020,Historical release/milestone,None recorded in verified milestone set,LCI 3.1,https://eurobitume.eu/bitumen-life-cycle-assessment/,"Verified public milestone; official/provider, government or authoritative programme source",2026-08-22,Milestone history: intervening releases may exist unless the official source enumerates every release.
RLS-0279,LCA-DB-0066,Eurobitume Life Cycle Inventory,Database / dataset,Dataset release,2020 documented v3 line,LCI 3.1,2021,Historical release/milestone,LCI 3.0,LCA/LCI 4.0,https://eurobitume.eu/bitumen-life-cycle-assessment/,"Verified public milestone; official/provider, government or authoritative programme source",2026-08-22,Milestone history: intervening releases may exist unless the official source enumerates every release.
RLS-0280,LCA-DB-0066,Eurobitume Life Cycle Inventory,Database / dataset,Current release,2020 documented v3 line,LCA/LCI 4.0,2024-05-27,Current captured release/service line,LCI 3.1,None recorded after evidence cut-off,https://eurobitume.eu/bitumen-life-cycle-assessment/,"Verified public milestone; official/provider, government or authoritative programme source",2026-08-22,Milestone history: intervening releases may exist unless the official source enumerates every release.
RLS-0281,LCA-DB-0067,CORRIM Forestry and Forest Products LCI,Database / dataset,Programme milestone,2001 programme guidelines; reports from 2004/2005,CORRIM research/database guidelines,2001,Historical release/milestone,None recorded in verified milestone set,Phase I wood-product LCI reports,https://corrim.org/lcas-on-wood-products-library/ | https://www.lcacommons.gov/lca-collaboration/CORRIM/Forestry_and_forest_products,"Verified public milestone; official/provider, government or authoritative programme source",2026-08-22,Milestone history: intervening releases may exist unless the official source enumerates every release.
RLS-0282,LCA-DB-0067,CORRIM Forestry and Forest Products LCI,Database / dataset,Dataset-family launch,2001 programme guidelines; reports from 2004/2005,Phase I wood-product LCI reports,2004–2005,Historical release/milestone,CORRIM research/database guidelines,Special-issue/database update,https://corrim.org/lcas-on-wood-products-library/ | https://www.lcacommons.gov/lca-collaboration/CORRIM/Forestry_and_forest_products,"Verified public milestone; official/provider, government or authoritative programme source",2026-08-22,Milestone history: intervening releases may exist unless the official source enumerates every release.
RLS-0283,LCA-DB-0067,CORRIM Forestry and Forest Products LCI,Database / dataset,Dataset update,2001 programme guidelines; reports from 2004/2005,Special-issue/database update,2010,Historical release/milestone,Phase I wood-product LCI reports,Forest-products update overview,https://corrim.org/lcas-on-wood-products-library/ | https://www.lcacommons.gov/lca-collaboration/CORRIM/Forestry_and_forest_products,"Verified public milestone; official/provider, government or authoritative programme source",2026-08-22,Milestone history: intervening releases may exist unless the official source enumerates every release.
RLS-0284,LCA-DB-0067,CORRIM Forestry and Forest Products LCI,Database / dataset,Dataset update,2001 programme guidelines; reports from 2004/2005,Forest-products update overview,2017,Historical release/milestone,Special-issue/database update,Current library/repository reports,https://corrim.org/lcas-on-wood-products-library/ | https://www.lcacommons.gov/lca-collaboration/CORRIM/Forestry_and_forest_products,"Verified public milestone; official/provider, government or authoritative programme source",2026-08-22,Milestone history: intervening releases may exist unless the official source enumerates every release.
RLS-0285,LCA-DB-0067,CORRIM Forestry and Forest Products LCI,Database / dataset,Current captured release,2001 programme guidelines; reports from 2004/2005,Current library/repository reports,2025,Current captured release/service line,Forest-products update overview,None recorded after evidence cut-off,https://corrim.org/lcas-on-wood-products-library/ | https://www.lcacommons.gov/lca-collaboration/CORRIM/Forestry_and_forest_products,"Verified public milestone; official/provider, government or authoritative programme source",2026-08-22,Milestone history: intervening releases may exist unless the official source enumerates every release.
RLS-0286,LCA-DB-0068,International Copper Association Life Cycle Inventory Data,Database / dataset,Data-collection milestone,2013 reference-year dataset,2013 reference-year copper LCI,2013,Historical release/milestone,None recorded in verified milestone set,Copper Environmental Profile publication,https://copperalliance.org/wp-content/uploads/2021/08/ICA-EnvironmentalProfileHESD-201803-FINAL-LOWRES-1.pdf,"Verified public milestone; official/provider, government or authoritative programme source",2026-08-22,Milestone history: intervening releases may exist unless the official source enumerates every release.
RLS-0287,LCA-DB-0068,International Copper Association Life Cycle Inventory Data,Database / dataset,Current captured release,2013 reference-year dataset,Copper Environmental Profile publication,2018,Current captured release/service line,2013 reference-year copper LCI,None recorded after evidence cut-off,https://copperalliance.org/wp-content/uploads/2021/08/ICA-EnvironmentalProfileHESD-201803-FINAL-LOWRES-1.pdf,"Verified public milestone; official/provider, government or authoritative programme source",2026-08-22,Milestone history: intervening releases may exist unless the official source enumerates every release.
RLS-0288,LCA-DB-0069,GEMIS Model and Database,Database / dataset,Model/database family launch,1987,GEMIS development origin,1987,Historical release/milestone,None recorded in verified milestone set,GEMIS 4.5 documented model/database line,https://iinas.org/downloads/gemis-downloads/ | https://iinas.org/en/work/gemis/,"Verified public milestone; official/provider, government or authoritative programme source",2026-08-22,Milestone history: intervening releases may exist unless the official source enumerates every release.
RLS-0289,LCA-DB-0069,GEMIS Model and Database,Database / dataset,Major model/database release,1987,GEMIS 4.5 documented model/database line,2008,Historical release/milestone,GEMIS development origin,GEMIS 5.2,https://iinas.org/downloads/gemis-downloads/ | https://iinas.org/en/work/gemis/,"Verified public milestone; official/provider, government or authoritative programme source",2026-08-22,Milestone history: intervening releases may exist unless the official source enumerates every release.
RLS-0290,LCA-DB-0069,GEMIS Model and Database,Database / dataset,Current release,1987,GEMIS 5.2,2026-07,Current captured release/service line,GEMIS 4.5 documented model/database line,None recorded after evidence cut-off,https://iinas.org/downloads/gemis-downloads/ | https://iinas.org/en/work/gemis/,"Verified public milestone; official/provider, government or authoritative programme source",2026-08-22,Milestone history: intervening releases may exist unless the official source enumerates every release.
RLS-0291,LCA-SW-0043,TIDAS Tools,Software / API / tool,First numbered public software release,2025 repository creation; first numbered public release in 2026,v0.1.0,2026-07-27,Historical public release,None recorded before the first public GitHub release,v0.1.1,https://github.com/tiangong-lca/tidas-tools/releases/tag/v0.1.0,Verified immutable public GitHub release,2026-08-25,Public release history was enumerated from the official GitHub release list.
RLS-0292,LCA-SW-0043,TIDAS Tools,Software / API / tool,Public software release,2025 repository creation; first numbered public release in 2026,v0.1.1,2026-07-27,Historical public release,v0.1.0,v0.1.2,https://github.com/tiangong-lca/tidas-tools/releases/tag/v0.1.1,Verified immutable public GitHub release,2026-08-25,Public release history was enumerated from the official GitHub release list.
RLS-0293,LCA-SW-0043,TIDAS Tools,Software / API / tool,Public software release,2025 repository creation; first numbered public release in 2026,v0.1.2,2026-07-28,Historical public release,v0.1.1,v0.1.3,https://github.com/tiangong-lca/tidas-tools/releases/tag/v0.1.2,Verified immutable public GitHub release,2026-08-25,Public release history was enumerated from the official GitHub release list.
RLS-0294,LCA-SW-0043,TIDAS Tools,Software / API / tool,Public software release,2025 repository creation; first numbered public release in 2026,v0.1.4,2026-08-17,Historical public release,v0.1.3,v0.1.5,https://github.com/tiangong-lca/tidas-tools/releases/tag/v0.1.4,Verified immutable public GitHub release,2026-08-25,Public release history was enumerated from the official GitHub release list.
RLS-0295,LCA-SW-0043,TIDAS Tools,Software / API / tool,Public software release,2025 repository creation; first numbered public release in 2026,v0.1.5,2026-08-19,Historical public release,v0.1.4,v0.2.0,https://github.com/tiangong-lca/tidas-tools/releases/tag/v0.1.5,Verified immutable public GitHub release,2026-08-25,Public release history was enumerated from the official GitHub release list.
RLS-0296,LCA-SW-0043,TIDAS Tools,Software / API / tool,Current public software release,2025 repository creation; first numbered public release in 2026,v0.2.0,2026-08-20,Current captured release,v0.1.5,None recorded after evidence cut-off,https://github.com/tiangong-lca/tidas-tools/releases/tag/v0.2.0,"Verified immutable public GitHub release with downloadable archives, checksums and SBOMs",2026-08-25,The tagged tool version bundles integrity-locked TIDAS and eILCD assets; it is not evidence of a separate standalone TIDAS schema version number.
RLS-0297,LCA-DB-0070,EN15804 add-on,Database / dataset,Current public openLCA Nexus catalog release,Public Nexus history includes versions based on ecoinvent 3.8 and later,EN15804 add-on to ecoinvent v3.12,2025-12-18,Active; updated with current ecoinvent releases,See versioned public Nexus catalog snapshot where available,None recorded after the evidence cut-off,https://nexus.openlca.org/ws/dataproviders/9901,Verified public provider/catalog metadata; package not independently accessed or tested,2026-08-25,One release row represents the current catalog family; all public database groups and datapacks are retained in the curated Nexus review snapshot.
RLS-0298,LCA-DB-0071,Circularity Package,Database / dataset,Current public openLCA Nexus catalog release,First version developed through TRIPLELINK; exact year not stated in the catalog,3.1,2026-08-12,Active,See versioned public Nexus catalog snapshot where available,None recorded after the evidence cut-off,https://nexus.openlca.org/ws/dataproviders/10202,Verified public provider/catalog metadata; package not independently accessed or tested,2026-08-25,One release row represents the current catalog family; all public database groups and datapacks are retained in the curated Nexus review snapshot.
RLS-0299,LCA-DB-0072,PLEX,Database / dataset,Current public openLCA Nexus catalog release,Not publicly confirmed,4,2026-07-31,Active,See versioned public Nexus catalog snapshot where available,None recorded after the evidence cut-off,https://nexus.openlca.org/ws/dataproviders/10451,Verified public provider/catalog metadata; package not independently accessed or tested,2026-08-25,One release row represents the current catalog family; all public database groups and datapacks are retained in the curated Nexus review snapshot.
RLS-0300,LCA-DB-0073,UVEK LCI Data,Database / dataset,Current public openLCA Nexus catalog release,2018 data-quality-reference version,DQRv2:2018,2023-10-31 Nexus package date,Retained public package,See versioned public Nexus catalog snapshot where available,None recorded after the evidence cut-off,https://nexus.openlca.org/ws/dataproviders/8951,Verified public provider/catalog metadata; package not independently accessed or tested,2026-08-25,One release row represents the current catalog family; all public database groups and datapacks are retained in the curated Nexus review snapshot.
RLS-0301,LCA-DB-0074,ARVI database,Database / dataset,Current public openLCA Nexus catalog release,2017,ARVI database for ecoinvent 3.01–3.3,2017-02-15,Legacy public package,See versioned public Nexus catalog snapshot where available,None recorded after the evidence cut-off,https://nexus.openlca.org/ws/dataproviders/8351,Verified public provider/catalog metadata; package not independently accessed or tested,2026-08-25,One release row represents the current catalog family; all public database groups and datapacks are retained in the curated Nexus review snapshot.
RLS-0302,LCA-DB-0075,OzLCI2019,Database / dataset,Current public openLCA Nexus catalog release,2019/2020,OzLCI2019,2020-02-04,Retained public package,See versioned public Nexus catalog snapshot where available,None recorded after the evidence cut-off,https://nexus.openlca.org/ws/dataproviders/9401,Verified public provider/catalog metadata; package not independently accessed or tested,2026-08-25,One release row represents the current catalog family; all public database groups and datapacks are retained in the curated Nexus review snapshot.
RLS-0303,LCA-DB-0076,Circularity Food Package,Database / dataset,Current public openLCA Nexus catalog release,2023,Circularity Food Package,2023-07-12,Retained public package,See versioned public Nexus catalog snapshot where available,None recorded after the evidence cut-off,https://nexus.openlca.org/ws/dataproviders/10201,Verified public provider/catalog metadata; package not independently accessed or tested,2026-08-25,One release row represents the current catalog family; all public database groups and datapacks are retained in the curated Nexus review snapshot.
RLS-0304,LCA-DB-0077,soca,Database / dataset,Current public openLCA Nexus catalog release,Not publicly confirmed,5,2026-07-14,Active,See versioned public Nexus catalog snapshot where available,None recorded after the evidence cut-off,https://nexus.openlca.org/ws/dataproviders/8253,Verified public provider/catalog metadata; package not independently accessed or tested,2026-08-25,One release row represents the current catalog family; all public database groups and datapacks are retained in the curated Nexus review snapshot.
RLS-0305,LCA-DB-0078,EcoProfiles Recycled Plastics,Database / dataset,Current public openLCA Nexus catalog release,2025,1.0,2025-09-03,Current public release,See versioned public Nexus catalog snapshot where available,None recorded after the evidence cut-off,https://nexus.openlca.org/ws/dataproviders/10463,Verified public provider/catalog metadata; package not independently accessed or tested,2026-08-25,One release row represents the current catalog family; all public database groups and datapacks are retained in the curated Nexus review snapshot.
RLS-0306,LCA-DB-0079,LC-Inventories.ch,Database / dataset,Current public openLCA Nexus catalog release,2014 Nexus package dates,15 public Nexus database groups,2014-01-23 latest listed group date,Legacy catalog collection,See versioned public Nexus catalog snapshot where available,None recorded after the evidence cut-off,https://nexus.openlca.org/ws/dataproviders/301,Verified public provider/catalog metadata; package not independently accessed or tested,2026-08-25,One release row represents the current catalog family; all public database groups and datapacks are retained in the curated Nexus review snapshot.
RLS-0307,LCA-DB-0080,My-Wood LCI,Database / dataset,Current public openLCA Nexus catalog release,2025,My-Wood LCI public Nexus release,2025-12-31,Evolving database,See versioned public Nexus catalog snapshot where available,None recorded after the evidence cut-off,https://nexus.openlca.org/ws/dataproviders/10466,Verified public provider/catalog metadata; package not independently accessed or tested,2026-08-25,One release row represents the current catalog family; all public database groups and datapacks are retained in the curated Nexus review snapshot.
RLS-0308,LCA-MTH-0021,HILCSA,Method / guidance (incl. LCIA),Current public openLCA Nexus catalog release,Not publicly confirmed,2.3,2026-03-23,Active,See versioned public Nexus catalog snapshot where available,None recorded after the evidence cut-off,https://nexus.openlca.org/ws/dataproviders/10468,Verified public provider/catalog metadata; package not independently accessed or tested,2026-08-25,One release row represents the current catalog family; all public database groups and datapacks are retained in the curated Nexus review snapshot.
RLS-0309,LCA-MTH-0022,LC-Impact LCIA Method,Method / guidance (incl. LCIA),Current public openLCA Nexus catalog release,Adapted for openLCA in 2024,1.3,2025-04-15,Active openLCA adaptation,See versioned public Nexus catalog snapshot where available,None recorded after the evidence cut-off,https://nexus.openlca.org/ws/dataproviders/10454,Verified public provider/catalog metadata; package not independently accessed or tested,2026-08-25,One release row represents the current catalog family; all public database groups and datapacks are retained in the curated Nexus review snapshot.
RLS-0310,LCA-MTH-0023,openLCA LCIA Methods,Method / guidance (incl. LCIA),Current public openLCA Nexus catalog release,Not publicly confirmed,2.8.2,2026-06-30,Active,See versioned public Nexus catalog snapshot where available,None recorded after the evidence cut-off,https://nexus.openlca.org/ws/dataproviders/10456,Verified public provider/catalog metadata; package not independently accessed or tested,2026-08-25,One release row represents the current catalog family; all public database groups and datapacks are retained in the curated Nexus review snapshot.
